{"type":"FeatureCollection","features":[{"type":"Feature","properties":{"bairro":"Rachel de Queiroz","ais":"AIS 06","crpm":"1º CRPM","bpm":"6º BPM"},"geometry":{"type":"Polygon","coordinates":[[[-38.55461498,-3.80947277],[-38.55492273,-3.80930453],[-38.55751793,-3.80677927],[-38.55800812,-3.80613059],[-38.55994706,-3.80295311],[-38.56052827,-3.80139098],[-38.56177582,-3.79978747],[-38.5626096,-3.79706679],[-38.56311747,-3.79603626],[-38.56349523,-3.79556179],[-38.560629,-3.78799444],[-38.56040273,-3.7880696],[-38.56007909,-3.78862988],[-38.55770274,-3.78970916],[-38.55675399,-3.79058384],[-38.55570126,-3.79112015],[-38.55558426,-3.79132297],[-38.55487507,-3.7915893],[-38.55443671,-3.79148233],[-38.55207841,-3.79267192],[-38.55105625,-3.79304025],[-38.55073066,-3.79334799],[-38.55016358,-3.79293092],[-38.54963964,-3.79301661],[-38.55461498,-3.80947277]]]}},{"type":"Feature","properties":{"bairro":"José Bonifácio","ais":"AIS 06","crpm":"1º CRPM","bpm":"6º BPM","populacao_2010":8848,"idhb_2010":0.6437592387126768,"idhb_educacao_2010":0.9919028340080972,"idhb_longevidade_2010":1.0,"idhb_renda_2010":0.26896842080642286},"geometry":{"type":"Polygon","coordinates":[[[-38.52392831,-3.73690353],[-38.52263723,-3.74312072],[-38.52371582,-3.74336617],[-38.52387344,-3.74263576],[-38.52862931,-3.74317004],[-38.53124923,-3.74231716],[-38.53160177,-3.74335058],[-38.5343412,-3.74246927],[-38.5318948,-3.73440186],[-38.52392831,-3.73690353]]]}},{"type":"Feature","properties":{"bairro":"Antônio Bezerra","ais":"AIS 18","crpm":"1º CRPM","bpm":"18º BPM","populacao_2010":25846,"idhb_2010":0.34830920438116386,"idhb_educacao_2010":0.9607287449392713,"idhb_longevidade_2010":0.4736408566721581,"idhb_renda_2010":0.09286347064137837},"geometry":{"type":"Polygon","coordinates":[[[-38.592002,-3.73482935],[-38.58458371,-3.73161616],[-38.58409685,-3.73593341],[-38.58427118,-3.73633779],[-38.58524715,-3.73732822],[-38.58541094,-3.73775527],[-38.58487708,-3.744425],[-38.58518029,-3.74447402],[-38.58539767,-3.74467022],[-38.58600686,-3.74614305],[-38.58630881,-3.74657454],[-38.58671225,-3.74679978],[-38.58779435,-3.74785308],[-38.58863861,-3.74828043],[-38.58879589,-3.7486096],[-38.58895608,-3.74868236],[-38.58989436,-3.74869359],[-38.5922043,-3.74836278],[-38.59307433,-3.74808148],[-38.5951938,-3.74782486],[-38.5954159,-3.7478476],[-38.5955764,-3.74811766],[-38.59581386,-3.7481649],[-38.5966119,-3.74766896],[-38.59747117,-3.74771142],[-38.59829743,-3.74750466],[-38.59860519,-3.74708466],[-38.59859865,-3.74676725],[-38.5983284,-3.74642528],[-38.59780184,-3.74608903],[-38.59749557,-3.74491557],[-38.59753404,-3.744652],[-38.59801204,-3.74395681],[-38.59804343,-3.74326336],[-38.59946188,-3.74167786],[-38.60009065,-3.74150275],[-38.60046928,-3.74173008],[-38.60078386,-3.74172205],[-38.60105879,-3.74151207],[-38.60120592,-3.74119567],[-38.59886225,-3.74080537],[-38.59913476,-3.73882855],[-38.59895967,-3.73828656],[-38.59857719,-3.73787652],[-38.592002,-3.73482935]]]}},{"type":"Feature","properties":{"bairro":"Genibaú","ais":"AIS 17","crpm":"1º CRPM","bpm":"17º BPM","populacao_2010":40336,"idhb_2010":0.13864205692896467,"idhb_educacao_2010":0.8967611336032388,"idhb_longevidade_2010":0.11202635914332783,"idhb_renda_2010":0.026526990401398717},"geometry":{"type":"Polygon","coordinates":[[[-38.61184702,-3.75727345],[-38.61089111,-3.75570861],[-38.60934181,-3.75399615],[-38.60790615,-3.75286504],[-38.60133244,-3.74846557],[-38.60064174,-3.74733469],[-38.59893107,-3.74222914],[-38.59804343,-3.74326336],[-38.59801204,-3.74395681],[-38.59749125,-3.74480511],[-38.59780184,-3.74608903],[-38.59858022,-3.74670921],[-38.59864581,-3.7481481],[-38.59948398,-3.74913844],[-38.59926152,-3.75107138],[-38.59926721,-3.75487143],[-38.59876635,-3.75584145],[-38.59851333,-3.75735262],[-38.59776643,-3.75844341],[-38.59796002,-3.75939617],[-38.59710915,-3.75949323],[-38.59675547,-3.75968797],[-38.59631453,-3.76059731],[-38.59539445,-3.7613424],[-38.59525945,-3.76210491],[-38.59501228,-3.76239288],[-38.5946808,-3.76390668],[-38.59506147,-3.76493009],[-38.59501459,-3.76542851],[-38.59446488,-3.76596609],[-38.59430106,-3.76714528],[-38.59392375,-3.76800139],[-38.59406912,-3.76861173],[-38.59409641,-3.77035733],[-38.59439427,-3.77107291],[-38.59537626,-3.77175153],[-38.59589482,-3.77195313],[-38.59611787,-3.77287552],[-38.5978311,-3.7720021],[-38.5968773,-3.76717935],[-38.59699556,-3.76645283],[-38.59730087,-3.76610649],[-38.59771912,-3.76590349],[-38.59871132,-3.76585656],[-38.60116807,-3.7668988],[-38.60375834,-3.75996457],[-38.60512258,-3.75964864],[-38.60751173,-3.75870279],[-38.60797405,-3.75881617],[-38.61184702,-3.75727345]]]}},{"type":"Feature","properties":{"bairro":"Edson Queiroz","ais":"AIS 19","crpm":"5º CRPM","bpm":"19º BPM","populacao_2010":22210,"idhb_2010":0.3503008877181461,"idhb_educacao_2010":0.9645748987854251,"idhb_longevidade_2010":0.22405271828665566,"idhb_renda_2010":0.19890126275842107},"geometry":{"type":"Polygon","coordinates":[[[-38.49065855,-3.75230907],[-38.48964325,-3.75249464],[-38.48867006,-3.75237834],[-38.48756777,-3.75184944],[-38.48671335,-3.75167853],[-38.48627512,-3.7517081],[-38.48577529,-3.75192506],[-38.48286236,-3.75410734],[-38.47356196,-3.76062607],[-38.46992515,-3.76465389],[-38.46939906,-3.76503485],[-38.46045421,-3.7677217],[-38.45916358,-3.76772657],[-38.4577744,-3.76708244],[-38.45667052,-3.76684461],[-38.45539546,-3.76682109],[-38.4543704,-3.76712717],[-38.45140212,-3.76892304],[-38.44833873,-3.77131525],[-38.44258279,-3.77528762],[-38.44123338,-3.77655624],[-38.43876865,-3.7777858],[-38.43833569,-3.77840749],[-38.43867107,-3.78005492],[-38.43850687,-3.78039562],[-38.43807985,-3.78056006],[-38.43701985,-3.78021289],[-38.43635024,-3.77952517],[-38.43615836,-3.77894],[-38.43617056,-3.77757111],[-38.43791018,-3.77182402],[-38.43775231,-3.77110823],[-38.43741893,-3.77075017],[-38.43713062,-3.77064206],[-38.43670088,-3.77064888],[-38.43600223,-3.77116247],[-38.43548208,-3.77106415],[-38.43538181,-3.77040711],[-38.43586614,-3.7690715],[-38.43560859,-3.76939446],[-38.43525033,-3.76954086],[-38.43370018,-3.77162227],[-38.43025048,-3.77787782],[-38.43283042,-3.77940958],[-38.43356746,-3.7795182],[-38.43386781,-3.77995437],[-38.43487783,-3.78065296],[-38.44015538,-3.78507694],[-38.4463796,-3.79364981],[-38.44669578,-3.79383994],[-38.44779625,-3.79392691],[-38.4481312,-3.79406806],[-38.4498201,-3.7958431],[-38.45212903,-3.80019125],[-38.45410758,-3.79774652],[-38.45412598,-3.79686293],[-38.45506077,-3.79459717],[-38.45534625,-3.79357991],[-38.45569126,-3.79345942],[-38.45649083,-3.79265655],[-38.45714543,-3.79252064],[-38.45818549,-3.79257969],[-38.45824106,-3.79187611],[-38.45890332,-3.79192623],[-38.45925941,-3.78761456],[-38.48045857,-3.78944677],[-38.48211673,-3.7681443],[-38.48303619,-3.75996866],[-38.48344307,-3.75919168],[-38.48423576,-3.7587031],[-38.49050306,-3.75718274],[-38.49124627,-3.7568056],[-38.49140091,-3.75650915],[-38.49139625,-3.75592676],[-38.49065855,-3.75230907]]]}},{"type":"Feature","properties":{"bairro":"Bom Futuro","ais":"AIS 06","crpm":"1º CRPM","bpm":"6º BPM","populacao_2010":6405,"idhb_2010":0.5053525884620989,"idhb_educacao_2010":0.9838056680161944,"idhb_longevidade_2010":0.8154859967051071,"idhb_renda_2010":0.1608635525057817},"geometry":{"type":"Polygon","coordinates":[[[-38.54623966,-3.76186941],[-38.54850526,-3.75974709],[-38.5504375,-3.75898621],[-38.54630238,-3.7539485],[-38.54222474,-3.75719457],[-38.54623966,-3.76186941]]]}},{"type":"Feature","properties":{"bairro":"Bonsucesso","ais":"AIS 18","crpm":"1º CRPM","bpm":"18º BPM","populacao_2010":41198,"idhb_2010":0.26213297612920533,"idhb_educacao_2010":0.9301619433198381,"idhb_longevidade_2010":0.3393739703459637,"idhb_renda_2010":0.05705948910764878},"geometry":{"type":"Polygon","coordinates":[[[-38.58213436,-3.77517713],[-38.57919849,-3.77588914],[-38.5779737,-3.77635397],[-38.57705469,-3.77645417],[-38.5762028,-3.77678002],[-38.58344885,-3.78509382],[-38.58446651,-3.78655971],[-38.58482584,-3.78732278],[-38.58568775,-3.78798128],[-38.59157932,-3.79395071],[-38.59196197,-3.79341293],[-38.59184076,-3.79263705],[-38.59157798,-3.79227908],[-38.59187534,-3.79094403],[-38.59174302,-3.79048228],[-38.59104185,-3.7900751],[-38.59071231,-3.78908473],[-38.59068984,-3.78839457],[-38.59097256,-3.7880507],[-38.59103314,-3.78774879],[-38.59091197,-3.78725562],[-38.59095102,-3.78649947],[-38.5910837,-3.78620026],[-38.59189439,-3.78591468],[-38.59206146,-3.78574382],[-38.59211315,-3.78516819],[-38.59236936,-3.78483282],[-38.5932887,-3.78460374],[-38.5933912,-3.78421559],[-38.59332651,-3.78311085],[-38.59392087,-3.78063545],[-38.59446512,-3.77989018],[-38.59478195,-3.77914374],[-38.59537796,-3.77880853],[-38.59581836,-3.77793647],[-38.59575911,-3.77768403],[-38.59520204,-3.7769212],[-38.59511686,-3.77656118],[-38.59542493,-3.77526624],[-38.59609796,-3.77458493],[-38.59581938,-3.77402299],[-38.59630846,-3.77333761],[-38.59602888,-3.77264999],[-38.59594779,-3.7720309],[-38.59556199,-3.77177512],[-38.5926543,-3.77403696],[-38.5909475,-3.77251741],[-38.58864077,-3.77406541],[-38.58667675,-3.77391165],[-38.58526936,-3.77321178],[-38.58467573,-3.77312992],[-38.58376997,-3.77365438],[-38.58213436,-3.77517713]]]}},{"type":"Feature","properties":{"bairro":"Demócrito Rocha","ais":"AIS 06","crpm":"1º CRPM","bpm":"6º BPM","populacao_2010":10994,"idhb_2010":0.3694021938590761,"idhb_educacao_2010":0.9625506072874493,"idhb_longevidade_2010":0.5370675453047775,"idhb_renda_2010":0.09750927552926798},"geometry":{"type":"Polygon","coordinates":[[[-38.56508541,-3.7650005],[-38.5723962,-3.76109716],[-38.57178015,-3.75987892],[-38.56959253,-3.75648704],[-38.56112076,-3.76200791],[-38.55824732,-3.7634108],[-38.55981364,-3.76723638],[-38.56508541,-3.7650005]]]}},{"type":"Feature","properties":{"bairro":"Dias Macedo","ais":"AIS 19","crpm":"5º CRPM","bpm":"19º BPM","populacao_2010":12111,"idhb_2010":0.27095202478235586,"idhb_educacao_2010":0.9281376518218624,"idhb_longevidade_2010":0.35172981878088955,"idhb_renda_2010":0.060933429621464856},"geometry":{"type":"Polygon","coordinates":[[[-38.53165088,-3.79698689],[-38.53124852,-3.79630525],[-38.52794734,-3.78449648],[-38.52668322,-3.78423055],[-38.52512922,-3.78346849],[-38.52414211,-3.7833038],[-38.51860411,-3.78432865],[-38.51778313,-3.78444376],[-38.51732112,-3.78437752],[-38.51683818,-3.7839115],[-38.51548191,-3.78010168],[-38.51506124,-3.77958235],[-38.51449717,-3.77926968],[-38.51419411,-3.78027244],[-38.51262026,-3.78365087],[-38.51301221,-3.78387553],[-38.5133767,-3.78372427],[-38.51349409,-3.78390231],[-38.51334122,-3.78537275],[-38.51295393,-3.78585092],[-38.51314831,-3.78655269],[-38.51314566,-3.78792223],[-38.51366551,-3.78858394],[-38.5144321,-3.78845941],[-38.51494962,-3.78879924],[-38.51535604,-3.79009076],[-38.51542683,-3.7915853],[-38.51516381,-3.79229454],[-38.5148961,-3.79238653],[-38.51437607,-3.79204038],[-38.51403932,-3.79201747],[-38.51381798,-3.7923367],[-38.51386674,-3.79277473],[-38.51444978,-3.79281166],[-38.51453673,-3.79303059],[-38.5174402,-3.79238209],[-38.51692874,-3.78977802],[-38.51706983,-3.78742478],[-38.51766693,-3.78776004],[-38.51832757,-3.78834609],[-38.51865519,-3.78897993],[-38.51906863,-3.78894482],[-38.51927716,-3.78905727],[-38.5195532,-3.78978701],[-38.52060097,-3.79020792],[-38.52081656,-3.79119638],[-38.52077331,-3.7921481],[-38.52113369,-3.79261912],[-38.52202202,-3.79276351],[-38.52310804,-3.79217211],[-38.52446022,-3.79200245],[-38.52482458,-3.79210616],[-38.52576034,-3.79283878],[-38.52663373,-3.79272692],[-38.52741837,-3.79523608],[-38.5279175,-3.79590093],[-38.52868638,-3.79619672],[-38.52940359,-3.7967585],[-38.53141684,-3.79757789],[-38.53165088,-3.79698689]]]}},{"type":"Feature","properties":{"bairro":"Itaperi","ais":"AIS 06","crpm":"1º CRPM","bpm":"6º BPM","populacao_2010":22563,"idhb_2010":0.36839396724874607,"idhb_educacao_2010":0.9696356275303644,"idhb_longevidade_2010":0.3154859967051071,"idhb_renda_2010":0.16343643375269348},"geometry":{"type":"Polygon","coordinates":[[[-38.55450196,-3.78301081],[-38.55341515,-3.78455871],[-38.55308274,-3.78479789],[-38.54721987,-3.78791942],[-38.53707422,-3.79150267],[-38.53537647,-3.79269525],[-38.53424601,-3.79394024],[-38.53219628,-3.79584034],[-38.53141684,-3.79757789],[-38.53181027,-3.79773893],[-38.53225674,-3.7972943],[-38.53300229,-3.79735642],[-38.5332065,-3.79721656],[-38.53365879,-3.79736827],[-38.53417131,-3.79729134],[-38.53453617,-3.79763067],[-38.53476624,-3.7974263],[-38.53499487,-3.79757243],[-38.53552589,-3.79697272],[-38.53606003,-3.79681649],[-38.53655919,-3.79704733],[-38.5370342,-3.79702571],[-38.53737752,-3.79651426],[-38.53807265,-3.79608336],[-38.53832848,-3.79626779],[-38.53935904,-3.7959999],[-38.53970315,-3.79557176],[-38.54032985,-3.79543493],[-38.54086171,-3.79562792],[-38.54155785,-3.79565101],[-38.54256908,-3.79549418],[-38.54314058,-3.79517976],[-38.54362609,-3.79509335],[-38.54409538,-3.79478729],[-38.54496958,-3.79473726],[-38.54518176,-3.79428128],[-38.54572816,-3.79389826],[-38.54707296,-3.7934395],[-38.54750691,-3.79342669],[-38.54808601,-3.79299025],[-38.54873144,-3.79307811],[-38.54902427,-3.79298611],[-38.54930903,-3.7931167],[-38.55016358,-3.79293092],[-38.55073066,-3.79334799],[-38.55105625,-3.79304025],[-38.55207841,-3.79267192],[-38.55443671,-3.79148233],[-38.55487507,-3.7915893],[-38.55558426,-3.79132297],[-38.55570126,-3.79112015],[-38.55675399,-3.79058384],[-38.55770274,-3.78970916],[-38.56007909,-3.78862988],[-38.56040273,-3.7880696],[-38.560629,-3.78799444],[-38.56124661,-3.78798603],[-38.56260814,-3.78762965],[-38.56432067,-3.78701969],[-38.56528196,-3.78703392],[-38.56573769,-3.78753705],[-38.56641786,-3.78745706],[-38.5667383,-3.78755445],[-38.56669901,-3.78636098],[-38.56578007,-3.78329069],[-38.56411334,-3.78381241],[-38.56401631,-3.78351615],[-38.56063957,-3.77939835],[-38.5598669,-3.77998561],[-38.55495601,-3.78262352],[-38.55450196,-3.78301081]]]}},{"type":"Feature","properties":{"bairro":"Carlito Pamplona","ais":"AIS 05","crpm":"1º CRPM","bpm":"5º BPM","populacao_2010":29076,"idhb_2010":0.29973648892154164,"idhb_educacao_2010":0.9301619433198381,"idhb_longevidade_2010":0.3797364085667216,"idhb_renda_2010":0.07623914931190046},"geometry":{"type":"Polygon","coordinates":[[[-38.5505203,-3.7229343],[-38.55183586,-3.72251661],[-38.55854714,-3.72098866],[-38.56099513,-3.72162373],[-38.5615533,-3.71927101],[-38.55886716,-3.71124241],[-38.5575803,-3.71160554],[-38.55326879,-3.71237897],[-38.54805762,-3.71390643],[-38.54632993,-3.71471252],[-38.54639248,-3.71539168],[-38.54824342,-3.71622443],[-38.54949633,-3.71635389],[-38.54994895,-3.71785668],[-38.55053088,-3.71781496],[-38.54957589,-3.71997599],[-38.5505203,-3.7229343]]]}},{"type":"Feature","properties":{"bairro":"São Gerardo","ais":"AIS 05","crpm":"1º CRPM","bpm":"5º BPM","populacao_2010":14505,"idhb_2010":0.5942078042264728,"idhb_educacao_2010":0.9949392712550608,"idhb_longevidade_2010":0.6507413509060955,"idhb_renda_2010":0.3240485455911633},"geometry":{"type":"Polygon","coordinates":[[[-38.56509006,-3.72717556],[-38.55254554,-3.72490493],[-38.55272333,-3.7269969],[-38.5520508,-3.72707917],[-38.55218594,-3.72815749],[-38.55049482,-3.72838018],[-38.55041978,-3.72865091],[-38.55016585,-3.72879532],[-38.54988594,-3.72871253],[-38.54975172,-3.72846595],[-38.54854533,-3.72862468],[-38.54906105,-3.73237749],[-38.54889043,-3.73254186],[-38.5641538,-3.73567912],[-38.56442798,-3.73437138],[-38.56509006,-3.72717556]]]}},{"type":"Feature","properties":{"bairro":"Moura Brasil","ais":"AIS 05","crpm":"1º CRPM","bpm":"5º BPM","populacao_2010":3765,"idhb_2010":0.2846755214787602,"idhb_educacao_2010":0.9098178137651822,"idhb_longevidade_2010":0.42174629324546953,"idhb_renda_2010":0.06012355677442556},"geometry":{"type":"Polygon","coordinates":[[[-38.54170001,-3.71791963],[-38.54198746,-3.71544464],[-38.54274256,-3.71495642],[-38.54239066,-3.71425214],[-38.5393636,-3.71636893],[-38.53897046,-3.71648832],[-38.53870856,-3.71602147],[-38.53857737,-3.71633261],[-38.53642049,-3.71739663],[-38.53614949,-3.71745294],[-38.53523152,-3.71722203],[-38.53302473,-3.71831633],[-38.53074894,-3.71911701],[-38.5300797,-3.71825665],[-38.52797331,-3.71879238],[-38.52807067,-3.71894118],[-38.52997879,-3.71851741],[-38.53045339,-3.71909035],[-38.53035278,-3.71931402],[-38.52850884,-3.71983385],[-38.52782342,-3.71937002],[-38.52621453,-3.71970804],[-38.52685946,-3.72207734],[-38.53147218,-3.72051284],[-38.53314267,-3.72037114],[-38.53908333,-3.71856451],[-38.54170001,-3.71791963]]]}},{"type":"Feature","properties":{"bairro":"Aldeota","ais":"AIS 08","crpm":"5º CRPM","bpm":"8º BPM","populacao_2010":42361,"idhb_2010":0.8665648093321585,"idhb_educacao_2010":0.9940283400809716,"idhb_longevidade_2010":0.8410214168039539,"idhb_renda_2010":0.7783901365088925},"geometry":{"type":"Polygon","coordinates":[[[-38.50285349,-3.7434624],[-38.51755352,-3.73891358],[-38.51666734,-3.73603368],[-38.51640781,-3.73611802],[-38.51387784,-3.72802612],[-38.50134245,-3.73211641],[-38.50130096,-3.73198386],[-38.49790404,-3.73309139],[-38.49774176,-3.73259563],[-38.49673741,-3.7329204],[-38.49689075,-3.73341706],[-38.48912442,-3.73594214],[-38.48859841,-3.73596013],[-38.48845009,-3.73948785],[-38.48724966,-3.73986792],[-38.48809706,-3.74121113],[-38.48888212,-3.74205276],[-38.49057002,-3.74493129],[-38.49213061,-3.746969],[-38.50285349,-3.7434624]]]}},{"type":"Feature","properties":{"bairro":"Amadeu Furtado","ais":"AIS 18","crpm":"1º CRPM","bpm":"18º BPM","populacao_2010":11703,"idhb_2010":0.5876827044478746,"idhb_educacao_2010":0.9727732793522268,"idhb_longevidade_2010":0.8632619439868204,"idhb_renda_2010":0.24169880331784735},"geometry":{"type":"Polygon","coordinates":[[[-38.55944625,-3.75051065],[-38.56542427,-3.74319302],[-38.5666406,-3.74196585],[-38.55206984,-3.73898558],[-38.55193768,-3.73969251],[-38.55235877,-3.7397828],[-38.55495892,-3.74356815],[-38.55424411,-3.74421922],[-38.55951013,-3.75009269],[-38.55926483,-3.75032308],[-38.55944625,-3.75051065]]]}},{"type":"Feature","properties":{"bairro":"Barra do Ceará","ais":"AIS 20","crpm":"1º CRPM","bpm":"20º BPM","populacao_2010":72423,"idhb_2010":0.215715745287854,"idhb_educacao_2010":0.9241902834008098,"idhb_longevidade_2010":0.2331136738056013,"idhb_renda_2010":0.04659254039862117},"geometry":{"type":"Polygon","coordinates":[[[-38.59190893,-3.70097713],[-38.5907109,-3.70022009],[-38.58947278,-3.69919874],[-38.5875832,-3.69640598],[-38.58762661,-3.69252738],[-38.58727,-3.69172159],[-38.58666652,-3.69202502],[-38.58510044,-3.69317703],[-38.58371236,-3.69383],[-38.58140426,-3.69381815],[-38.58091134,-3.6927705],[-38.58128699,-3.69216256],[-38.58119369,-3.69208702],[-38.58069873,-3.69281381],[-38.5808446,-3.6932075],[-38.58066579,-3.69353057],[-38.57871944,-3.69539707],[-38.57785319,-3.69587496],[-38.5774601,-3.69592263],[-38.57643086,-3.69455588],[-38.57629711,-3.69465898],[-38.57721049,-3.69588994],[-38.57675675,-3.69678399],[-38.57548138,-3.69821955],[-38.57462338,-3.69875778],[-38.57418712,-3.69832487],[-38.5739835,-3.6982765],[-38.57403894,-3.69852596],[-38.57370524,-3.69880585],[-38.57226409,-3.69995343],[-38.57101284,-3.70064698],[-38.57062324,-3.69961267],[-38.57046932,-3.69958189],[-38.57035707,-3.69982026],[-38.57085658,-3.70070201],[-38.56842674,-3.70193403],[-38.57228626,-3.71230848],[-38.57799984,-3.710346],[-38.57997749,-3.71564993],[-38.58117987,-3.71525314],[-38.58866941,-3.71454297],[-38.5916924,-3.70293624],[-38.59197836,-3.70273919],[-38.59192962,-3.70254246],[-38.59176518,-3.70254495],[-38.59190893,-3.70097713]]]}},{"type":"Feature","properties":{"bairro":"Benfica","ais":"AIS 06","crpm":"1º CRPM","bpm":"6º BPM","populacao_2010":12954,"idhb_2010":0.6284551905962359,"idhb_educacao_2010":0.9891062587989907,"idhb_longevidade_2010":0.8522142194255554,"idhb_renda_2010":0.2944633349803672},"geometry":{"type":"Polygon","coordinates":[[[-38.5318948,-3.73440186],[-38.53682646,-3.75060292],[-38.53905801,-3.74930588],[-38.54067125,-3.7474962],[-38.54120305,-3.74729055],[-38.54232092,-3.74728339],[-38.54287326,-3.74714094],[-38.54541299,-3.74508316],[-38.54384365,-3.74327128],[-38.54332834,-3.7428966],[-38.54315043,-3.74231301],[-38.5431287,-3.7409484],[-38.54364242,-3.73800731],[-38.54159981,-3.73721055],[-38.53858319,-3.73779082],[-38.53817223,-3.73813337],[-38.53743543,-3.73724657],[-38.53618484,-3.73304475],[-38.5318948,-3.73440186]]]}},{"type":"Feature","properties":{"bairro":"Centro","ais":"AIS 05","crpm":"1º CRPM","bpm":"5º BPM","populacao_2010":28538,"idhb_2010":0.5566892432297873,"idhb_educacao_2010":0.9838056680161944,"idhb_longevidade_2010":0.728171334431631,"idhb_renda_2010":0.2408216847109456},"geometry":{"type":"Polygon","coordinates":[[[-38.53992291,-3.73063493],[-38.540747,-3.72491662],[-38.54173598,-3.7246098],[-38.54105673,-3.72265658],[-38.54170001,-3.71791963],[-38.53908333,-3.71856451],[-38.53314267,-3.72037114],[-38.53147218,-3.72051284],[-38.52685946,-3.72207734],[-38.52621453,-3.71970804],[-38.5255925,-3.719945],[-38.52512549,-3.7197602],[-38.52474443,-3.71949673],[-38.52472598,-3.71928334],[-38.52511921,-3.7190203],[-38.52505972,-3.71894843],[-38.52451817,-3.71924529],[-38.5243753,-3.71917339],[-38.52401826,-3.71845516],[-38.52479884,-3.71809251],[-38.52475713,-3.71797681],[-38.52386344,-3.71833539],[-38.52373258,-3.71802411],[-38.52449077,-3.7176908],[-38.52436709,-3.71741621],[-38.52366614,-3.71774612],[-38.52349985,-3.71731412],[-38.52335328,-3.71738944],[-38.52344151,-3.71761999],[-38.52261396,-3.71813049],[-38.52230973,-3.7174684],[-38.52650967,-3.71558419],[-38.52747437,-3.71617111],[-38.52759273,-3.71602738],[-38.52655471,-3.71540143],[-38.52104026,-3.71785511],[-38.52071011,-3.71716803],[-38.52048373,-3.71609939],[-38.52036928,-3.71612735],[-38.52056564,-3.71729099],[-38.52022248,-3.71739492],[-38.51985647,-3.71574672],[-38.51970156,-3.71578255],[-38.52010808,-3.71747026],[-38.51986749,-3.71770612],[-38.51985462,-3.72083497],[-38.51934094,-3.72075974],[-38.5193097,-3.72275649],[-38.51952094,-3.72356228],[-38.51261309,-3.72401057],[-38.51640781,-3.73611802],[-38.51666734,-3.73603368],[-38.51755352,-3.73891358],[-38.54054031,-3.73164783],[-38.54020029,-3.73069783],[-38.53992291,-3.73063493]]]}},{"type":"Feature","properties":{"bairro":"Jardim Guanabara","ais":"AIS 20","crpm":"1º CRPM","bpm":"20º BPM","populacao_2010":14919,"idhb_2010":0.32510805241766644,"idhb_educacao_2010":0.9564777327935223,"idhb_longevidade_2010":0.45716639209225696,"idhb_renda_2010":0.0785839797210178},"geometry":{"type":"Polygon","coordinates":[[[-38.59557144,-3.72551264],[-38.59375413,-3.71928726],[-38.58901048,-3.72064109],[-38.58882437,-3.720663],[-38.5888016,-3.72048512],[-38.58709756,-3.72065382],[-38.58497617,-3.72863395],[-38.59557144,-3.72551264]]]}},{"type":"Feature","properties":{"bairro":"Mucuripe","ais":"AIS 08","crpm":"5º CRPM","bpm":"8º BPM","populacao_2010":13747,"idhb_2010":0.7930815919643188,"idhb_educacao_2010":0.9827935222672064,"idhb_longevidade_2010":0.6935749588138385,"idhb_renda_2010":0.73180929102503},"geometry":{"type":"Polygon","coordinates":[[[-38.48888066,-3.72939498],[-38.4889273,-3.7284316],[-38.48994372,-3.72327102],[-38.48852214,-3.7224287],[-38.48772869,-3.7224821],[-38.48628654,-3.72286197],[-38.48458199,-3.72228905],[-38.48301652,-3.72242157],[-38.4817524,-3.72203109],[-38.47938684,-3.72090701],[-38.47900207,-3.72198347],[-38.47953868,-3.72251508],[-38.48030876,-3.72429203],[-38.48026859,-3.7284254],[-38.48050102,-3.72902056],[-38.48176078,-3.73101479],[-38.48748736,-3.72932245],[-38.48839469,-3.72911814],[-38.4883855,-3.72937895],[-38.48888066,-3.72939498]]]}},{"type":"Feature","properties":{"bairro":"Cocó","ais":"AIS 22","crpm":"5º CRPM","bpm":"22º BPM","populacao_2010":20492,"idhb_2010":0.7622655996830392,"idhb_educacao_2010":0.9979757085020242,"idhb_longevidade_2010":0.4967051070840197,"idhb_renda_2010":0.8935119536647478},"geometry":{"type":"Polygon","coordinates":[[[-38.46764503,-3.7496824],[-38.47461652,-3.74742453],[-38.47555598,-3.75033806],[-38.47625985,-3.75259744],[-38.4691614,-3.75488785],[-38.47110243,-3.76102092],[-38.47135083,-3.76112089],[-38.47179599,-3.76257144],[-38.47356196,-3.76062607],[-38.47409302,-3.76020678],[-38.48286236,-3.75410734],[-38.48577529,-3.75192506],[-38.48627512,-3.7517081],[-38.48671335,-3.75167853],[-38.48756777,-3.75184944],[-38.48867006,-3.75237834],[-38.48964325,-3.75249464],[-38.49065855,-3.75230907],[-38.4902293,-3.7503739],[-38.49391152,-3.74919785],[-38.49067696,-3.74508516],[-38.48888212,-3.74205276],[-38.48809706,-3.74121113],[-38.48724966,-3.73986792],[-38.46671442,-3.74650032],[-38.46764503,-3.7496824]]]}},{"type":"Feature","properties":{"bairro":"Cristo Redentor","ais":"AIS 20","crpm":"1º CRPM","bpm":"20º BPM","populacao_2010":26717,"idhb_2010":0.253841670573652,"idhb_educacao_2010":0.9119433198380567,"idhb_longevidade_2010":0.44398682042833604,"idhb_renda_2010":0.04039715930520512},"geometry":{"type":"Polygon","coordinates":[[[-38.55886716,-3.71124241],[-38.56121863,-3.71054374],[-38.56344384,-3.71008692],[-38.56412575,-3.71214847],[-38.56831276,-3.71075296],[-38.56920176,-3.71337596],[-38.57228626,-3.71230848],[-38.56842674,-3.70193403],[-38.56818875,-3.70208168],[-38.56814103,-3.70226124],[-38.56666351,-3.70288284],[-38.56497167,-3.70313332],[-38.56319345,-3.70317044],[-38.56207394,-3.70047186],[-38.56336333,-3.69869549],[-38.56418728,-3.69881909],[-38.56424204,-3.69868252],[-38.56331957,-3.69852887],[-38.56189941,-3.70047496],[-38.56319353,-3.70381031],[-38.5613558,-3.70479993],[-38.56002679,-3.7052013],[-38.55972892,-3.70516533],[-38.55905948,-3.70387195],[-38.5589684,-3.70394003],[-38.55926458,-3.70468635],[-38.55916911,-3.70488976],[-38.55888315,-3.70515287],[-38.55724611,-3.70597733],[-38.55817808,-3.70872468],[-38.55886716,-3.71124241]]]}},{"type":"Feature","properties":{"bairro":"Conjunto Esperança","ais":"AIS 21","crpm":"1º CRPM","bpm":"21º BPM","populacao_2010":16405,"idhb_2010":0.28796576239194127,"idhb_educacao_2010":0.9524291497975709,"idhb_longevidade_2010":0.3113673805601318,"idhb_renda_2010":0.08052241184227067},"geometry":{"type":"Polygon","coordinates":[[[-38.58438612,-3.8154945],[-38.58830387,-3.82127646],[-38.59658997,-3.81358095],[-38.59789481,-3.81269336],[-38.59604388,-3.80971605],[-38.59428172,-3.80758093],[-38.59208779,-3.80908418],[-38.59211272,-3.80928361],[-38.59105381,-3.80998034],[-38.58719997,-3.81447789],[-38.58627406,-3.81505808],[-38.58438612,-3.8154945]]]}},{"type":"Feature","properties":{"bairro":"Damas","ais":"AIS 06","crpm":"1º CRPM","bpm":"6º BPM","populacao_2010":10719,"idhb_2010":0.5106465608667601,"idhb_educacao_2010":0.9858299595141701,"idhb_longevidade_2010":0.5864909390444809,"idhb_renda_2010":0.23030210888550387},"geometry":{"type":"Polygon","coordinates":[[[-38.54541299,-3.74508316],[-38.54297382,-3.74708902],[-38.54244056,-3.74726845],[-38.54171102,-3.74728046],[-38.54213939,-3.74760804],[-38.54721462,-3.75322482],[-38.54630238,-3.7539485],[-38.5504375,-3.75898621],[-38.55351561,-3.75694705],[-38.55538036,-3.75525633],[-38.55528177,-3.75515593],[-38.55540884,-3.75502455],[-38.54541299,-3.74508316]]]}},{"type":"Feature","properties":{"bairro":"Dionísio Torres","ais":"AIS 22","crpm":"5º CRPM","bpm":"22º BPM","populacao_2010":15634,"idhb_2010":0.8596896670374955,"idhb_educacao_2010":0.9989878542510122,"idhb_longevidade_2010":0.8813838550247116,"idhb_renda_2010":0.721605477898073},"geometry":{"type":"Polygon","coordinates":[[[-38.49213061,-3.746969],[-38.49468874,-3.75017104],[-38.49543068,-3.75080473],[-38.49631446,-3.75117256],[-38.50012151,-3.75200611],[-38.50116602,-3.75249608],[-38.50227943,-3.75333655],[-38.50495585,-3.7527514],[-38.50731472,-3.75199831],[-38.51235377,-3.75258887],[-38.50884907,-3.74164933],[-38.50285349,-3.7434624],[-38.49213061,-3.746969]]]}},{"type":"Feature","properties":{"bairro":"Farias Brito","ais":"AIS 05","crpm":"1º CRPM","bpm":"5º BPM","populacao_2010":12063,"idhb_2010":0.4997768078452603,"idhb_educacao_2010":0.9706477732793524,"idhb_longevidade_2010":0.6754530477759472,"idhb_renda_2010":0.19040198345754308},"geometry":{"type":"Polygon","coordinates":[[[-38.53618484,-3.73304475],[-38.53743543,-3.73724657],[-38.53817223,-3.73813337],[-38.53858319,-3.73779082],[-38.54159981,-3.73721055],[-38.54364242,-3.73800731],[-38.54479686,-3.73158146],[-38.54889043,-3.73254186],[-38.54906105,-3.73237749],[-38.54854533,-3.72862468],[-38.54752594,-3.72875611],[-38.54617837,-3.72853841],[-38.54596016,-3.72673975],[-38.54552199,-3.72670735],[-38.54024819,-3.72842201],[-38.53992291,-3.73063493],[-38.54020029,-3.73069783],[-38.54054031,-3.73164783],[-38.53618484,-3.73304475]]]}},{"type":"Feature","properties":{"bairro":"Floresta","ais":"AIS 20","crpm":"1º CRPM","bpm":"20º BPM","populacao_2010":28896,"idhb_2010":0.2238288062112998,"idhb_educacao_2010":0.9291497975708503,"idhb_longevidade_2010":0.2915980230642504,"idhb_renda_2010":0.0413883033310041},"geometry":{"type":"Polygon","coordinates":[[[-38.58181774,-3.73038839],[-38.58070888,-3.71818295],[-38.57936837,-3.71831583],[-38.57859824,-3.716171],[-38.57997749,-3.71564993],[-38.57799984,-3.710346],[-38.57228626,-3.71230848],[-38.57437542,-3.71774885],[-38.57334965,-3.71820943],[-38.57376347,-3.71928099],[-38.56900649,-3.72187429],[-38.57069496,-3.72485268],[-38.57159657,-3.72580245],[-38.58181774,-3.73038839]]]}},{"type":"Feature","properties":{"bairro":"Jardim América","ais":"AIS 06","crpm":"1º CRPM","bpm":"6º BPM","populacao_2010":12264,"idhb_2010":0.443687970658842,"idhb_educacao_2010":0.9736842105263158,"idhb_longevidade_2010":0.6441515650741351,"idhb_renda_2010":0.13926012121779147},"geometry":{"type":"Polygon","coordinates":[[[-38.5413808,-3.75786162],[-38.54721462,-3.75322482],[-38.54197783,-3.74743839],[-38.54171102,-3.74728046],[-38.5412979,-3.74727833],[-38.54046899,-3.74764787],[-38.5389707,-3.74937371],[-38.53682646,-3.75060292],[-38.5388722,-3.757333],[-38.54020813,-3.75702629],[-38.54081953,-3.75674945],[-38.5413808,-3.75786162]]]}},{"type":"Feature","properties":{"bairro":"Jardim Iracema","ais":"AIS 20","crpm":"1º CRPM","bpm":"20º BPM","populacao_2010":23184,"idhb_2010":0.29012416565471294,"idhb_educacao_2010":0.9534412955465588,"idhb_longevidade_2010":0.41927512355848434,"idhb_renda_2010":0.06108838724201749},"geometry":{"type":"Polygon","coordinates":[[[-38.58866941,-3.71454297],[-38.58114609,-3.71525811],[-38.57859824,-3.716171],[-38.57936837,-3.71831583],[-38.58070888,-3.71818295],[-38.58181774,-3.73038839],[-38.58458371,-3.73161616],[-38.58508713,-3.7281398],[-38.58866941,-3.71454297]]]}},{"type":"Feature","properties":{"bairro":"Fátima","ais":"AIS 06","crpm":"1º CRPM","bpm":"6º BPM","populacao_2010":23309,"idhb_2010":0.6947958671151624,"idhb_educacao_2010":0.9979757085020242,"idhb_longevidade_2010":0.757825370675453,"idhb_renda_2010":0.4434887100216648},"geometry":{"type":"Polygon","coordinates":[[[-38.53770222,-3.75346102],[-38.5343412,-3.74246927],[-38.53160177,-3.74335058],[-38.53124923,-3.74231716],[-38.52862931,-3.74317004],[-38.52387344,-3.74263576],[-38.52371582,-3.74336617],[-38.52263723,-3.74312072],[-38.51961936,-3.75799091],[-38.51919677,-3.75896726],[-38.5189979,-3.76006581],[-38.52019286,-3.75992562],[-38.52105942,-3.75960864],[-38.52167038,-3.75909713],[-38.52281148,-3.7576468],[-38.52337142,-3.75736247],[-38.52392749,-3.75728578],[-38.52455694,-3.75742876],[-38.52742356,-3.75891157],[-38.52807289,-3.75948941],[-38.52866567,-3.76046133],[-38.52969578,-3.76033231],[-38.53770222,-3.75346102]]]}},{"type":"Feature","properties":{"bairro":"Jacarecanga","ais":"AIS 05","crpm":"1º CRPM","bpm":"5º BPM","populacao_2010":14204,"idhb_2010":0.44818791311296236,"idhb_educacao_2010":0.9483805668016195,"idhb_longevidade_2010":0.6416803953871498,"idhb_renda_2010":0.14793774796873949},"geometry":{"type":"Polygon","coordinates":[[[-38.54689428,-3.71183429],[-38.54616829,-3.71213581],[-38.5459182,-3.71198008],[-38.54535689,-3.71111652],[-38.54525806,-3.7112178],[-38.54577512,-3.71212358],[-38.54534604,-3.71261405],[-38.543904,-3.71354683],[-38.54349887,-3.71369019],[-38.54329636,-3.71365417],[-38.54276062,-3.71297177],[-38.54216501,-3.71298341],[-38.54161722,-3.71134782],[-38.54138047,-3.71111088],[-38.54239066,-3.71425214],[-38.54274256,-3.71495642],[-38.54198746,-3.71544464],[-38.54105673,-3.72265658],[-38.54173598,-3.7246098],[-38.540747,-3.72491662],[-38.54024819,-3.72842201],[-38.54552199,-3.72670735],[-38.54579117,-3.72672493],[-38.54619445,-3.72466029],[-38.54915782,-3.72453992],[-38.54894809,-3.72348211],[-38.5505203,-3.7229343],[-38.54957589,-3.71997599],[-38.55053088,-3.71781496],[-38.54994895,-3.71785668],[-38.54949633,-3.71635389],[-38.54824342,-3.71622443],[-38.54639248,-3.71539168],[-38.54632993,-3.71471252],[-38.54805762,-3.71390643],[-38.54689428,-3.71183429]]]}},{"type":"Feature","properties":{"bairro":"Joaquim Távora","ais":"AIS 22","crpm":"5º CRPM","bpm":"22º BPM","populacao_2010":23450,"idhb_2010":0.6625195477775814,"idhb_educacao_2010":0.9848178137651822,"idhb_longevidade_2010":0.8369028006589786,"idhb_renda_2010":0.3528297308122995},"geometry":{"type":"Polygon","coordinates":[[[-38.52392831,-3.73690353],[-38.50884907,-3.74164933],[-38.51235377,-3.75258887],[-38.52049691,-3.75353987],[-38.52392831,-3.73690353]]]}},{"type":"Feature","properties":{"bairro":"Meireles","ais":"AIS 08","crpm":"5º CRPM","bpm":"8º BPM","populacao_2010":36982,"idhb_2010":0.9530770452991866,"idhb_educacao_2010":1.0,"idhb_longevidade_2010":0.8657331136738056,"idhb_renda_2010":1.0},"geometry":{"type":"Polygon","coordinates":[[[-38.51387784,-3.72802612],[-38.51115076,-3.71934958],[-38.50913744,-3.72058922],[-38.50467096,-3.72203079],[-38.50415216,-3.72049684],[-38.50397246,-3.72056893],[-38.50471643,-3.72275287],[-38.50453701,-3.72280902],[-38.50435113,-3.72243113],[-38.50425056,-3.72252653],[-38.50442235,-3.7229265],[-38.50332493,-3.7235179],[-38.50221401,-3.72391241],[-38.4989375,-3.72456878],[-38.49585164,-3.72503373],[-38.49493444,-3.72497358],[-38.49416986,-3.72289191],[-38.49457207,-3.72272358],[-38.49454669,-3.72260712],[-38.49388656,-3.72262569],[-38.49443233,-3.72445709],[-38.49363521,-3.72466846],[-38.49252621,-3.72462444],[-38.49073849,-3.72427584],[-38.48994372,-3.72327102],[-38.48891188,-3.72854324],[-38.48859841,-3.73596013],[-38.48912442,-3.73594214],[-38.49689075,-3.73341706],[-38.49673741,-3.7329204],[-38.49774176,-3.73259563],[-38.49790404,-3.73309139],[-38.50130096,-3.73198386],[-38.50134245,-3.73211641],[-38.51387784,-3.72802612]]]}},{"type":"Feature","properties":{"bairro":"Parreão","ais":"AIS 06","crpm":"1º CRPM","bpm":"6º BPM","populacao_2010":11072,"idhb_2010":0.5719502023701141,"idhb_educacao_2010":0.9848178137651822,"idhb_longevidade_2010":0.6746293245469521,"idhb_renda_2010":0.2816135473892565},"geometry":{"type":"Polygon","coordinates":[[[-38.52866567,-3.76046133],[-38.52953692,-3.76263636],[-38.53543802,-3.76082314],[-38.53626132,-3.763502],[-38.54037172,-3.76224062],[-38.54081407,-3.76369125],[-38.54588922,-3.76210917],[-38.54623966,-3.76186941],[-38.54222474,-3.75719457],[-38.5413808,-3.75786162],[-38.54081953,-3.75674945],[-38.54020813,-3.75702629],[-38.5388722,-3.757333],[-38.53770222,-3.75346102],[-38.52988302,-3.76022985],[-38.52954878,-3.76038041],[-38.52866567,-3.76046133]]]}},{"type":"Feature","properties":{"bairro":"Rodolfo Teófilo","ais":"AIS 18","crpm":"1º CRPM","bpm":"18º BPM","populacao_2010":19114,"idhb_2010":0.4818830083036307,"idhb_educacao_2010":0.9726720647773279,"idhb_longevidade_2010":0.6795716639209225,"idhb_renda_2010":0.1692868148607282},"geometry":{"type":"Polygon","coordinates":[[[-38.54376821,-3.73727004],[-38.54307829,-3.74141252],[-38.54332834,-3.7428966],[-38.54384365,-3.74327128],[-38.5451557,-3.74482973],[-38.55540884,-3.75502455],[-38.55920581,-3.75081177],[-38.55944625,-3.75051065],[-38.55926483,-3.75032308],[-38.55951013,-3.75009269],[-38.55424411,-3.74421922],[-38.55495892,-3.74356815],[-38.55235877,-3.7397828],[-38.55193768,-3.73969251],[-38.55206984,-3.73898558],[-38.54376821,-3.73727004]]]}},{"type":"Feature","properties":{"bairro":"Monte Castelo","ais":"AIS 05","crpm":"1º CRPM","bpm":"5º BPM","populacao_2010":13215,"idhb_2010":0.43451703501000544,"idhb_educacao_2010":0.9676113360323886,"idhb_longevidade_2010":0.6457990115321252,"idhb_renda_2010":0.13128711308105454},"geometry":{"type":"Polygon","coordinates":[[[-38.54752594,-3.72875611],[-38.54975172,-3.72846595],[-38.54988594,-3.72871253],[-38.55016585,-3.72879532],[-38.55041978,-3.72865091],[-38.55049482,-3.72838018],[-38.55218594,-3.72815749],[-38.5520508,-3.72707917],[-38.55272333,-3.7269969],[-38.55254554,-3.72490493],[-38.55977838,-3.72624692],[-38.56099513,-3.72162373],[-38.5585344,-3.72099063],[-38.55183586,-3.72251661],[-38.54931975,-3.72333013],[-38.54894809,-3.72348211],[-38.54915782,-3.72453992],[-38.54619445,-3.72466029],[-38.54579117,-3.72672493],[-38.54596016,-3.72673975],[-38.54617837,-3.72853841],[-38.54752594,-3.72875611]]]}},{"type":"Feature","properties":{"bairro":"Pedras","ais":"AIS 16","crpm":"5º CRPM","bpm":"16º BPM","populacao_2010":1342,"idhb_2010":0.2637730320202241,"idhb_educacao_2010":0.8825910931174089,"idhb_longevidade_2010":0.38138385502471167,"idhb_renda_2010":0.05452169260501303},"geometry":{"type":"Polygon","coordinates":[[[-38.50171358,-3.8881269],[-38.50281973,-3.8882441],[-38.50396381,-3.88804834],[-38.50455471,-3.88824018],[-38.50464901,-3.88868012],[-38.50456195,-3.88911291],[-38.50541982,-3.88991326],[-38.50546892,-3.89031379],[-38.505755,-3.890542],[-38.508505,-3.888748],[-38.509004,-3.888716],[-38.509505,-3.88888],[-38.510856,-3.888698],[-38.51163339,-3.88906861],[-38.51265879,-3.89026513],[-38.51406444,-3.89460306],[-38.51676588,-3.89204122],[-38.531158,-3.879367],[-38.53014275,-3.87882562],[-38.52977508,-3.87831989],[-38.529021,-3.875954],[-38.52848521,-3.87484586],[-38.527907,-3.872743],[-38.52645253,-3.87069304],[-38.5254745,-3.869739],[-38.523802,-3.86863],[-38.520516,-3.867253],[-38.52025674,-3.86696513],[-38.519562,-3.865311],[-38.518954,-3.864611],[-38.51760146,-3.86492525],[-38.5092859,-3.8683195],[-38.49853193,-3.87141803],[-38.50063824,-3.87896371],[-38.50171358,-3.8881269]]]}},{"type":"Feature","properties":{"bairro":"Pirambu","ais":"AIS 20","crpm":"1º CRPM","bpm":"20º BPM","populacao_2010":17775,"idhb_2010":0.22982872540208024,"idhb_educacao_2010":0.888663967611336,"idhb_longevidade_2010":0.46210873146622733,"idhb_renda_2010":0.029561820781278784},"geometry":{"type":"Polygon","coordinates":[[[-38.55724611,-3.70597733],[-38.55591141,-3.70661566],[-38.55474242,-3.70485624],[-38.55459937,-3.70496382],[-38.55537748,-3.70631099],[-38.55503436,-3.70669485],[-38.55302322,-3.70831347],[-38.5525317,-3.70853667],[-38.55225777,-3.70851256],[-38.55146894,-3.7071972],[-38.55131716,-3.70729141],[-38.55184094,-3.70810543],[-38.55200752,-3.70850049],[-38.55194786,-3.70876372],[-38.55117046,-3.70943604],[-38.54926888,-3.7105631],[-38.54889711,-3.71062922],[-38.54869469,-3.71041371],[-38.54764997,-3.70877455],[-38.54755652,-3.70890441],[-38.54843258,-3.71053318],[-38.54842058,-3.71074866],[-38.54689428,-3.71183429],[-38.54805762,-3.71390643],[-38.55326879,-3.71237897],[-38.5575803,-3.71160554],[-38.55886716,-3.71124241],[-38.55817808,-3.70872468],[-38.55724611,-3.70597733]]]}},{"type":"Feature","properties":{"bairro":"Praia de Iracema","ais":"AIS 08","crpm":"5º CRPM","bpm":"8º BPM","populacao_2010":3130,"idhb_2010":0.720062246862019,"idhb_educacao_2010":0.9838056680161944,"idhb_longevidade_2010":0.7800658978583196,"idhb_renda_2010":0.48648506413198883},"geometry":{"type":"Polygon","coordinates":[[[-38.51986749,-3.71770612],[-38.51700184,-3.71835426],[-38.51639399,-3.71583203],[-38.51627412,-3.71585001],[-38.51685891,-3.7183901],[-38.51527067,-3.71849426],[-38.51430885,-3.71876096],[-38.51178012,-3.71858946],[-38.51119113,-3.71350566],[-38.51093776,-3.71353286],[-38.51150486,-3.71871138],[-38.51149553,-3.7190206],[-38.51115076,-3.71934958],[-38.51261309,-3.72401057],[-38.51952094,-3.72356228],[-38.5193097,-3.72275649],[-38.51934094,-3.72075974],[-38.51985462,-3.72083497],[-38.51986749,-3.71770612]]]}},{"type":"Feature","properties":{"bairro":"Papicu","ais":"AIS 22","crpm":"5º CRPM","bpm":"22º BPM","populacao_2010":18370,"idhb_2010":0.5296352680519618,"idhb_educacao_2010":0.951417004048583,"idhb_longevidade_2010":0.4316309719934102,"idhb_renda_2010":0.3617821880600768},"geometry":{"type":"Polygon","coordinates":[[[-38.4636943,-3.74747204],[-38.47517678,-3.74377599],[-38.48724966,-3.73986792],[-38.4827102,-3.73250761],[-38.48231384,-3.73270843],[-38.47046233,-3.73611704],[-38.46993784,-3.7360253],[-38.46969158,-3.73546826],[-38.46954006,-3.73553991],[-38.46900587,-3.73656249],[-38.46759844,-3.73951928],[-38.46689209,-3.73977597],[-38.46643396,-3.74015989],[-38.4652093,-3.74249166],[-38.46530837,-3.74383591],[-38.4636943,-3.74747204]]]}},{"type":"Feature","properties":{"bairro":"Parque Araxá","ais":"AIS 18","crpm":"1º CRPM","bpm":"18º BPM","populacao_2010":6715,"idhb_2010":0.5873546049003937,"idhb_educacao_2010":0.9726720647773279,"idhb_longevidade_2010":0.9555189456342668,"idhb_renda_2010":0.21801952466018965},"geometry":{"type":"Polygon","coordinates":[[[-38.54376821,-3.73727004],[-38.55206984,-3.73898558],[-38.55277123,-3.73562719],[-38.54844191,-3.73474178],[-38.54889043,-3.73254186],[-38.54479686,-3.73158146],[-38.54376821,-3.73727004]]]}},{"type":"Feature","properties":{"bairro":"Parquelândia","ais":"AIS 18","crpm":"1º CRPM","bpm":"18º BPM","populacao_2010":14432,"idhb_2010":0.628400919833648,"idhb_educacao_2010":0.9898785425101214,"idhb_longevidade_2010":0.9209225700164744,"idhb_renda_2010":0.27221083592326967},"geometry":{"type":"Polygon","coordinates":[[[-38.56922346,-3.73673032],[-38.54889043,-3.73254186],[-38.54844191,-3.73474178],[-38.55277123,-3.73562719],[-38.55206984,-3.73898558],[-38.5666406,-3.74196585],[-38.56721107,-3.74139635],[-38.56918292,-3.73870233],[-38.56928828,-3.73820016],[-38.56922346,-3.73673032]]]}},{"type":"Feature","properties":{"bairro":"Presidente Kennedy","ais":"AIS 18","crpm":"1º CRPM","bpm":"18º BPM","populacao_2010":23004,"idhb_2010":0.42898785126594396,"idhb_educacao_2010":0.9625506072874493,"idhb_longevidade_2010":0.5205930807248764,"idhb_renda_2010":0.15754804417169305},"geometry":{"type":"Polygon","coordinates":[[[-38.57721843,-3.72834439],[-38.57147811,-3.72572047],[-38.57069496,-3.72485268],[-38.5688243,-3.72163443],[-38.56823648,-3.72121938],[-38.56700538,-3.72087256],[-38.56702473,-3.72122714],[-38.5652093,-3.72645207],[-38.56473549,-3.73017806],[-38.56442798,-3.73437138],[-38.5641538,-3.73567912],[-38.5697669,-3.73682147],[-38.5765588,-3.73760135],[-38.57662339,-3.73716424],[-38.5753339,-3.7345998],[-38.57687109,-3.73053617],[-38.57721843,-3.72834439]]]}},{"type":"Feature","properties":{"bairro":"Cambeba","ais":"AIS 19","crpm":"5º CRPM","bpm":"19º BPM","populacao_2010":7625,"idhb_2010":0.5175921753264556,"idhb_educacao_2010":0.9686234817813766,"idhb_longevidade_2010":0.3525535420098847,"idhb_renda_2010":0.40605328787909795},"geometry":{"type":"Polygon","coordinates":[[[-38.48809952,-3.79620121],[-38.48661637,-3.79629399],[-38.47988127,-3.79571536],[-38.47864511,-3.81077512],[-38.47894256,-3.8119255],[-38.47933998,-3.81269605],[-38.4827727,-3.81680819],[-38.48300324,-3.8173351],[-38.48303277,-3.81786761],[-38.48468581,-3.81751475],[-38.48453485,-3.81661162],[-38.48760191,-3.81584491],[-38.48882769,-3.8157588],[-38.49198583,-3.8149245],[-38.4920627,-3.81431432],[-38.49193677,-3.81312376],[-38.49321762,-3.81012144],[-38.49171673,-3.80947339],[-38.49032423,-3.80842174],[-38.48943327,-3.80808516],[-38.48828147,-3.80453795],[-38.48838153,-3.80421663],[-38.49439157,-3.80226386],[-38.49378445,-3.80039441],[-38.48996436,-3.80162016],[-38.48871222,-3.80128271],[-38.48809952,-3.79620121]]]}},{"type":"Feature","properties":{"bairro":"Dom Lustosa","ais":"AIS 18","crpm":"1º CRPM","bpm":"18º BPM","populacao_2010":13147,"idhb_2010":0.32009170997514536,"idhb_educacao_2010":0.9615384615384616,"idhb_longevidade_2010":0.37808896210873144,"idhb_renda_2010":0.09021164871984538},"geometry":{"type":"Polygon","coordinates":[[[-38.58244317,-3.75357975],[-38.58589289,-3.76020207],[-38.59388984,-3.75595475],[-38.59331944,-3.75310125],[-38.59140438,-3.74950679],[-38.59150878,-3.7484205],[-38.58989436,-3.74869359],[-38.58881894,-3.74863477],[-38.58863861,-3.74828043],[-38.58779435,-3.74785308],[-38.58671225,-3.74679978],[-38.58630881,-3.74657454],[-38.58600686,-3.74614305],[-38.58539767,-3.74467022],[-38.5851636,-3.74446622],[-38.58487708,-3.744425],[-38.58464019,-3.74876105],[-38.5845063,-3.74942974],[-38.58244317,-3.75357975]]]}},{"type":"Feature","properties":{"bairro":"Varjota","ais":"AIS 08","crpm":"5º CRPM","bpm":"8º BPM","populacao_2010":8421,"idhb_2010":0.717610077758962,"idhb_educacao_2010":0.9919028340080972,"idhb_longevidade_2010":0.6655683690280065,"idhb_renda_2010":0.5597624762812511},"geometry":{"type":"Polygon","coordinates":[[[-38.48845009,-3.73948785],[-38.48888066,-3.72939498],[-38.4883855,-3.72937895],[-38.48839469,-3.72911814],[-38.48748736,-3.72932245],[-38.48176078,-3.73101479],[-38.48724966,-3.73986792],[-38.48845009,-3.73948785]]]}},{"type":"Feature","properties":{"bairro":"Cajazeiras","ais":"AIS 19","crpm":"5º CRPM","bpm":"19º BPM","populacao_2010":14478,"idhb_2010":0.3045497379718516,"idhb_educacao_2010":0.9544534412955465,"idhb_longevidade_2010":0.19110378912685339,"idhb_renda_2010":0.15486406123457366},"geometry":{"type":"Polygon","coordinates":[[[-38.51262026,-3.78365087],[-38.50216047,-3.8061335],[-38.50192085,-3.80639705],[-38.50085997,-3.80867501],[-38.50018863,-3.81090966],[-38.49957025,-3.81193835],[-38.499268,-3.81308461],[-38.49799707,-3.81596629],[-38.49898173,-3.81634033],[-38.50009148,-3.81716365],[-38.5016363,-3.81612862],[-38.50176462,-3.81664262],[-38.50745933,-3.81509408],[-38.50682273,-3.81421708],[-38.50683461,-3.8139158],[-38.50828182,-3.81311313],[-38.51016282,-3.8125533],[-38.51111312,-3.8119401],[-38.51137565,-3.81164158],[-38.5127211,-3.81170131],[-38.51511574,-3.81113862],[-38.51474112,-3.81000368],[-38.51480596,-3.80977588],[-38.51519885,-3.80942394],[-38.51489818,-3.80778284],[-38.5152064,-3.80716956],[-38.51467147,-3.80647628],[-38.51477341,-3.80619486],[-38.51530957,-3.80580891],[-38.51541878,-3.80489763],[-38.51531208,-3.80469561],[-38.51475113,-3.80446367],[-38.51468027,-3.80422759],[-38.51483882,-3.80383512],[-38.51516759,-3.80353615],[-38.51515667,-3.80283812],[-38.5149666,-3.80229146],[-38.51518489,-3.80180498],[-38.51501624,-3.80115357],[-38.51540718,-3.80090765],[-38.51543384,-3.80042233],[-38.51496556,-3.79965777],[-38.51426972,-3.79908684],[-38.51424911,-3.79886215],[-38.51449244,-3.79854357],[-38.51436646,-3.79800451],[-38.51381269,-3.7973087],[-38.51309899,-3.79721363],[-38.5130504,-3.79647266],[-38.51319016,-3.7959792],[-38.51358744,-3.79562094],[-38.51412657,-3.79553668],[-38.51451776,-3.79484266],[-38.51473936,-3.79404252],[-38.51469698,-3.79342904],[-38.51447741,-3.79282935],[-38.51399738,-3.79285306],[-38.51381777,-3.79271664],[-38.51381798,-3.7923367],[-38.51394126,-3.79209063],[-38.51415619,-3.79199482],[-38.5148961,-3.79238653],[-38.51516381,-3.79229454],[-38.51542683,-3.7915853],[-38.51535604,-3.79009076],[-38.51494962,-3.78879924],[-38.5144321,-3.78845941],[-38.51366551,-3.78858394],[-38.51314566,-3.78792223],[-38.51314831,-3.78655269],[-38.51295393,-3.78585092],[-38.51334122,-3.78537275],[-38.51349409,-3.78390231],[-38.5133767,-3.78372427],[-38.51301221,-3.78387553],[-38.51262026,-3.78365087]]]}},{"type":"Feature","properties":{"bairro":"Jardim Cearense","ais":"AIS 21","crpm":"1º CRPM","bpm":"21º BPM","populacao_2010":10103,"idhb_2010":0.3181520198945787,"idhb_educacao_2010":0.958502024291498,"idhb_longevidade_2010":0.24052718286655683,"idhb_renda_2010":0.13968406187779397},"geometry":{"type":"Polygon","coordinates":[[[-38.56221322,-3.79826594],[-38.56177582,-3.79978747],[-38.56057882,-3.80131319],[-38.56025451,-3.80207528],[-38.56503199,-3.80551152],[-38.57194195,-3.80334223],[-38.56969874,-3.79599902],[-38.56221322,-3.79826594]]]}},{"type":"Feature","properties":{"bairro":"Ellery","ais":"AIS 05","crpm":"1º CRPM","bpm":"5º BPM","populacao_2010":7863,"idhb_2010":0.41574088626690076,"idhb_educacao_2010":0.9676113360323886,"idhb_longevidade_2010":0.5560131795716639,"idhb_renda_2010":0.13356177400161975},"geometry":{"type":"Polygon","coordinates":[[[-38.56700538,-3.72087256],[-38.56157179,-3.71937375],[-38.55977838,-3.72624692],[-38.56509006,-3.72717556],[-38.56526952,-3.72620016],[-38.56702473,-3.72122714],[-38.56700538,-3.72087256]]]}},{"type":"Feature","properties":{"bairro":"Vila Velha","ais":"AIS 20","crpm":"1º CRPM","bpm":"20º BPM","populacao_2010":61617,"idhb_2010":0.2716519768246518,"idhb_educacao_2010":0.9412955465587045,"idhb_longevidade_2010":0.2940691927512356,"idhb_renda_2010":0.07242075964318814},"geometry":{"type":"Polygon","coordinates":[[[-38.60625929,-3.72248035],[-38.61783826,-3.71866047],[-38.61811486,-3.71882867],[-38.61854974,-3.71946437],[-38.61922202,-3.71954924],[-38.6195096,-3.71933582],[-38.6203418,-3.71795473],[-38.62053671,-3.71712521],[-38.62047336,-3.71635202],[-38.6194598,-3.71499427],[-38.61889475,-3.71217637],[-38.61810503,-3.71147537],[-38.61789836,-3.7109563],[-38.61784526,-3.71031073],[-38.61797704,-3.7099741],[-38.61834854,-3.70969937],[-38.62063741,-3.70995033],[-38.62111741,-3.70958158],[-38.62158716,-3.70729317],[-38.62246941,-3.70522793],[-38.62256662,-3.70355761],[-38.62223219,-3.70287618],[-38.62147285,-3.70245461],[-38.62059192,-3.70237887],[-38.61928655,-3.70272676],[-38.61694785,-3.70301511],[-38.61173782,-3.70329197],[-38.6089605,-3.70302052],[-38.60626076,-3.702358],[-38.60419947,-3.70252536],[-38.60057764,-3.70348777],[-38.59903745,-3.70352116],[-38.59735376,-3.70337456],[-38.5955816,-3.70301972],[-38.59423943,-3.70250628],[-38.59190893,-3.70097713],[-38.59176518,-3.70254495],[-38.59192962,-3.70254246],[-38.59197836,-3.70273919],[-38.5916924,-3.70293624],[-38.58709756,-3.72065382],[-38.5888016,-3.72048512],[-38.58882437,-3.720663],[-38.58901048,-3.72064109],[-38.59375413,-3.71928726],[-38.59557144,-3.72551264],[-38.60523825,-3.72268329],[-38.60625929,-3.72248035]]]}},{"type":"Feature","properties":{"bairro":"Autran Nunes","ais":"AIS 18","crpm":"1º CRPM","bpm":"18º BPM","populacao_2010":21208,"idhb_2010":0.1821414485816592,"idhb_educacao_2010":0.8940283400809717,"idhb_longevidade_2010":0.20922570016474465,"idhb_renda_2010":0.0323042782921916},"geometry":{"type":"Polygon","coordinates":[[[-38.59142881,-3.75723863],[-38.59300344,-3.76023039],[-38.59366199,-3.75988642],[-38.59470094,-3.76189863],[-38.59529169,-3.76174272],[-38.59546287,-3.76126149],[-38.59631453,-3.76059731],[-38.5968223,-3.75962463],[-38.59710915,-3.75949323],[-38.59793826,-3.75943397],[-38.59797126,-3.75914377],[-38.59776643,-3.75844341],[-38.59851333,-3.75735262],[-38.59876635,-3.75584145],[-38.59927891,-3.75479369],[-38.59926152,-3.75107138],[-38.5995009,-3.74924388],[-38.59929224,-3.74880393],[-38.59864581,-3.7481481],[-38.59860519,-3.74708466],[-38.59817813,-3.74756105],[-38.59747117,-3.74771142],[-38.5966119,-3.74766896],[-38.59581386,-3.7481649],[-38.5955764,-3.74811766],[-38.5954159,-3.7478476],[-38.5951938,-3.74782486],[-38.59307433,-3.74808148],[-38.59228383,-3.74834631],[-38.59150878,-3.7484205],[-38.59140438,-3.74950679],[-38.59331944,-3.75310125],[-38.59388984,-3.75595475],[-38.59142881,-3.75723863]]]}},{"type":"Feature","properties":{"bairro":"Coaçu","ais":"AIS 16","crpm":"5º CRPM","bpm":"16º BPM","populacao_2010":7188,"idhb_2010":0.25532121671820784,"idhb_educacao_2010":0.937246963562753,"idhb_longevidade_2010":0.18780889621087316,"idhb_renda_2010":0.09455630955269874},"geometry":{"type":"Polygon","coordinates":[[[-38.47927643,-3.83918088],[-38.47400447,-3.84203204],[-38.46720525,-3.84595288],[-38.46760968,-3.84909406],[-38.46784991,-3.8497012],[-38.46872474,-3.85082218],[-38.46890304,-3.85088519],[-38.46918405,-3.85074915],[-38.46962208,-3.85018319],[-38.4703819,-3.85025617],[-38.47105999,-3.85069613],[-38.47106966,-3.8510941],[-38.47145596,-3.85150311],[-38.4714559,-3.85229889],[-38.47105991,-3.85273901],[-38.4713099,-3.85362918],[-38.47266132,-3.85399709],[-38.47296319,-3.85431106],[-38.47341471,-3.85442521],[-38.47349065,-3.85461327],[-38.47376095,-3.85475431],[-38.47684413,-3.84839762],[-38.47744621,-3.84743548],[-38.47814546,-3.84666591],[-38.47948125,-3.84561641],[-38.4815058,-3.84450346],[-38.48710791,-3.83872289],[-38.48648817,-3.83551726],[-38.4809373,-3.83833808],[-38.48027539,-3.83880014],[-38.47984143,-3.83864183],[-38.47927643,-3.83918088]]]}},{"type":"Feature","properties":{"bairro":"Henrique Jorge","ais":"AIS 18","crpm":"1º CRPM","bpm":"18º BPM","populacao_2010":26994,"idhb_2010":0.3408103882743906,"idhb_educacao_2010":0.9605263157894738,"idhb_longevidade_2010":0.4514003294892916,"idhb_renda_2010":0.09129927579240356},"geometry":{"type":"Polygon","coordinates":[[[-38.57910957,-3.77024523],[-38.58926207,-3.76477166],[-38.59079915,-3.76793456],[-38.59121326,-3.76755434],[-38.59500345,-3.76545832],[-38.59506147,-3.76493009],[-38.59469558,-3.76402704],[-38.59469628,-3.76366279],[-38.59529169,-3.76174272],[-38.59470094,-3.76189863],[-38.59366199,-3.75988642],[-38.59300344,-3.76023039],[-38.59142881,-3.75723863],[-38.58589289,-3.76020207],[-38.58231571,-3.75342024],[-38.57882913,-3.75598928],[-38.57865322,-3.76276341],[-38.57847246,-3.76286259],[-38.57860222,-3.76311651],[-38.57858653,-3.76418403],[-38.57780582,-3.7671285],[-38.57761763,-3.76736463],[-38.57910957,-3.77024523]]]}},{"type":"Feature","properties":{"bairro":"João XXIII","ais":"AIS 18","crpm":"1º CRPM","bpm":"18º BPM","populacao_2010":18398,"idhb_2010":0.28370936705924094,"idhb_educacao_2010":0.945344129554656,"idhb_longevidade_2010":0.3920922570016474,"idhb_renda_2010":0.06160881094877921},"geometry":{"type":"Polygon","coordinates":[[[-38.59465054,-3.76569828],[-38.59121326,-3.76755434],[-38.59079915,-3.76793456],[-38.58926207,-3.76477166],[-38.57910957,-3.77024523],[-38.58171093,-3.77531724],[-38.58222081,-3.77511113],[-38.58385164,-3.77359211],[-38.58473769,-3.773117],[-38.58526936,-3.77321178],[-38.58667675,-3.77391165],[-38.58864077,-3.77406541],[-38.5909475,-3.77251741],[-38.5926543,-3.77403696],[-38.59556199,-3.77177512],[-38.59443082,-3.77111793],[-38.59416568,-3.77072853],[-38.59409641,-3.77035733],[-38.59406912,-3.76861173],[-38.59392375,-3.76800139],[-38.59430106,-3.76714528],[-38.59445427,-3.76599431],[-38.59465054,-3.76569828]]]}},{"type":"Feature","properties":{"bairro":"José de Alencar","ais":"AIS 19","crpm":"5º CRPM","bpm":"19º BPM","populacao_2010":16003,"idhb_2010":0.3769785552749862,"idhb_educacao_2010":0.944331983805668,"idhb_longevidade_2010":0.18451400329489293,"idhb_renda_2010":0.30746515646334077},"geometry":{"type":"Polygon","coordinates":[[[-38.46160374,-3.8077938],[-38.46235161,-3.81038867],[-38.46276088,-3.81135904],[-38.46336692,-3.81224395],[-38.46412107,-3.81300528],[-38.46519853,-3.81369061],[-38.47357507,-3.81780201],[-38.4744098,-3.81854609],[-38.47868654,-3.82003297],[-38.47995253,-3.82032139],[-38.48080227,-3.82002946],[-38.48131314,-3.82037018],[-38.48172818,-3.81974361],[-38.48279809,-3.81871322],[-38.48299423,-3.8182446],[-38.48303342,-3.81770133],[-38.4827727,-3.81680819],[-38.47933998,-3.81269605],[-38.47873512,-3.81128626],[-38.47863941,-3.81023379],[-38.47935856,-3.80197525],[-38.46588778,-3.80082715],[-38.46562333,-3.80349691],[-38.46531355,-3.80520808],[-38.46405504,-3.80629094],[-38.46160374,-3.8077938]]]}},{"type":"Feature","properties":{"bairro":"Cidade dos Funcionários","ais":"AIS 19","crpm":"5º CRPM","bpm":"19º BPM","populacao_2010":18256,"idhb_2010":0.5718628950565351,"idhb_educacao_2010":0.9848178137651822,"idhb_longevidade_2010":0.49588138385502467,"idhb_renda_2010":0.38294998377330575},"geometry":{"type":"Polygon","coordinates":[[[-38.49378445,-3.80039441],[-38.49366081,-3.79997732],[-38.49405722,-3.79979956],[-38.4944491,-3.79894667],[-38.49927582,-3.80099447],[-38.50409373,-3.80186174],[-38.51105458,-3.78699239],[-38.50615136,-3.78661357],[-38.4949,-3.78954971],[-38.49485967,-3.78778708],[-38.49511648,-3.78648045],[-38.49303543,-3.78704342],[-38.49212535,-3.78681231],[-38.49089095,-3.78673654],[-38.49103271,-3.78869886],[-38.49173034,-3.78861263],[-38.49178137,-3.7893463],[-38.49212353,-3.79003251],[-38.49239373,-3.79266175],[-38.49169275,-3.79274756],[-38.49202136,-3.79574876],[-38.48809952,-3.79620121],[-38.48866393,-3.80111948],[-38.48871222,-3.80128271],[-38.48996436,-3.80162016],[-38.49378445,-3.80039441]]]}},{"type":"Feature","properties":{"bairro":"Padre Andrade","ais":"AIS 18","crpm":"1º CRPM","bpm":"18º BPM","populacao_2010":12936,"idhb_2010":0.3611765827835331,"idhb_educacao_2010":0.9433198380566802,"idhb_longevidade_2010":0.4456342668863262,"idhb_renda_2010":0.11207821558990613},"geometry":{"type":"Polygon","coordinates":[[[-38.58458371,-3.73161616],[-38.57721843,-3.72834439],[-38.57687109,-3.73053617],[-38.5753339,-3.7345998],[-38.57662339,-3.73716424],[-38.5765588,-3.73760135],[-38.57331879,-3.73719594],[-38.57329689,-3.73737277],[-38.57423293,-3.73819097],[-38.57562457,-3.73873022],[-38.57629669,-3.73866345],[-38.57706161,-3.73910115],[-38.57782585,-3.73971498],[-38.57890449,-3.74132583],[-38.58013157,-3.74180569],[-38.58222485,-3.74230543],[-38.58246146,-3.74261467],[-38.58271312,-3.74261958],[-38.58312029,-3.74292471],[-38.58372557,-3.74299629],[-38.58403613,-3.74329598],[-38.5845897,-3.74424159],[-38.58487708,-3.744425],[-38.58541094,-3.73775527],[-38.58524715,-3.73732822],[-38.58427118,-3.73633779],[-38.58409685,-3.73593341],[-38.58458371,-3.73161616]]]}},{"type":"Feature","properties":{"bairro":"Quintino Cunha","ais":"AIS 18","crpm":"1º CRPM","bpm":"18º BPM","populacao_2010":47277,"idhb_2010":0.22253680221243255,"idhb_educacao_2010":0.9281376518218624,"idhb_longevidade_2010":0.2158154859967051,"idhb_renda_2010":0.055018726482257356},"geometry":{"type":"Polygon","coordinates":[[[-38.60120439,-3.74114901],[-38.60165902,-3.73949784],[-38.60167863,-3.73750561],[-38.60182718,-3.73728575],[-38.60223704,-3.73707176],[-38.60230596,-3.73688894],[-38.601552,-3.73585663],[-38.60114356,-3.73444977],[-38.60136887,-3.73419275],[-38.60201997,-3.73390136],[-38.60364486,-3.73223697],[-38.60458321,-3.73055629],[-38.60483609,-3.72927898],[-38.60578533,-3.72796892],[-38.60599819,-3.72706936],[-38.6063004,-3.72687629],[-38.60682935,-3.72679254],[-38.60867682,-3.72558033],[-38.60874608,-3.72509229],[-38.60930081,-3.72462317],[-38.60943243,-3.72402164],[-38.60966418,-3.72397624],[-38.61018522,-3.724226],[-38.61045124,-3.72354811],[-38.61094717,-3.7236168],[-38.61131948,-3.72352769],[-38.61164034,-3.72319304],[-38.61231701,-3.72302538],[-38.61350337,-3.72240509],[-38.61395796,-3.72241307],[-38.61478021,-3.72277293],[-38.61503394,-3.72245109],[-38.61513249,-3.72164966],[-38.61619732,-3.72078724],[-38.61666127,-3.72073656],[-38.61694331,-3.7209329],[-38.61711564,-3.72124576],[-38.6170987,-3.72190219],[-38.61721807,-3.7220734],[-38.61751231,-3.72209305],[-38.61797209,-3.72127225],[-38.61804144,-3.72063524],[-38.61786433,-3.72025362],[-38.61706051,-3.72012658],[-38.61672317,-3.71975971],[-38.6167321,-3.71956287],[-38.61727159,-3.71880702],[-38.60625929,-3.72248035],[-38.60523825,-3.72268329],[-38.59616668,-3.72534242],[-38.592002,-3.73482935],[-38.59857719,-3.73787652],[-38.59895967,-3.73828656],[-38.59913476,-3.73882855],[-38.59886225,-3.74080537],[-38.60120439,-3.74114901]]]}},{"type":"Feature","properties":{"bairro":"Ancuri","ais":"AIS 16","crpm":"5º CRPM","bpm":"16º BPM","populacao_2010":20070,"idhb_2010":0.204317823767286,"idhb_educacao_2010":0.8878542510121458,"idhb_longevidade_2010":0.1886326194398682,"idhb_renda_2010":0.05092843004540551},"geometry":{"type":"Polygon","coordinates":[[[-38.49683193,-3.86039946],[-38.49737617,-3.86274035],[-38.49760379,-3.86431573],[-38.4977333,-3.86855866],[-38.49853193,-3.87141803],[-38.5092859,-3.8683195],[-38.51679314,-3.86519039],[-38.518954,-3.864611],[-38.51808523,-3.86332073],[-38.51690476,-3.86201457],[-38.5145346,-3.86070253],[-38.5126894,-3.86026741],[-38.51038854,-3.86057139],[-38.50865364,-3.86009965],[-38.50798265,-3.8595542],[-38.50739641,-3.8587267],[-38.50714637,-3.85715955],[-38.50667751,-3.85611943],[-38.50242906,-3.85989437],[-38.50198678,-3.85946696],[-38.49683193,-3.86039946]]]}},{"type":"Feature","properties":{"bairro":"Barroso","ais":"AIS 16","crpm":"5º CRPM","bpm":"16º BPM","populacao_2010":29847,"idhb_2010":0.18689664566611314,"idhb_educacao_2010":0.9093117408906883,"idhb_longevidade_2010":0.15897858319604613,"idhb_renda_2010":0.04515991334068163},"geometry":{"type":"Polygon","coordinates":[[[-38.52833355,-3.82910559],[-38.52765795,-3.82843069],[-38.52719241,-3.82833861],[-38.52626845,-3.82721059],[-38.52489385,-3.82635307],[-38.52406837,-3.82610647],[-38.52353487,-3.82535024],[-38.52271579,-3.82482757],[-38.52141296,-3.8245684],[-38.52107492,-3.8240125],[-38.52076756,-3.82250899],[-38.52051621,-3.82198675],[-38.51943597,-3.8214489],[-38.51902268,-3.82061984],[-38.5191005,-3.81965521],[-38.51934515,-3.81952044],[-38.51943248,-3.81924926],[-38.51925004,-3.81851879],[-38.51962306,-3.81802814],[-38.51940852,-3.81728249],[-38.51942718,-3.81690195],[-38.51887656,-3.8156042],[-38.51841876,-3.81518456],[-38.51807276,-3.81453304],[-38.51687183,-3.81410636],[-38.51642567,-3.81307469],[-38.5157816,-3.81290203],[-38.51551173,-3.81263349],[-38.51511574,-3.81113862],[-38.5127211,-3.81170131],[-38.51137565,-3.81164158],[-38.51111312,-3.8119401],[-38.51016282,-3.8125533],[-38.50828182,-3.81311313],[-38.50683461,-3.8139158],[-38.50682273,-3.81421708],[-38.50745933,-3.81509408],[-38.50176462,-3.81664262],[-38.50483984,-3.82873937],[-38.50491352,-3.83015456],[-38.50473483,-3.83112392],[-38.5063504,-3.83056598],[-38.51061618,-3.82949368],[-38.51446971,-3.82797158],[-38.5150252,-3.82791407],[-38.51797499,-3.82814255],[-38.5204976,-3.82847555],[-38.52142058,-3.82872597],[-38.52688154,-3.82940549],[-38.52833355,-3.82910559]]]}},{"type":"Feature","properties":{"bairro":"Curió","ais":"AIS 16","crpm":"5º CRPM","bpm":"16º BPM","populacao_2010":7636,"idhb_2010":0.18816239882937144,"idhb_educacao_2010":0.9089068825910931,"idhb_longevidade_2010":0.10049423393739705,"idhb_renda_2010":0.07293533589257051},"geometry":{"type":"Polygon","coordinates":[[[-38.48217048,-3.82820478],[-38.48134202,-3.8247687],[-38.4811337,-3.82131541],[-38.48131314,-3.82037018],[-38.48080227,-3.82002946],[-38.47995253,-3.82032139],[-38.47868654,-3.82003297],[-38.4744098,-3.81854609],[-38.47362431,-3.81783503],[-38.47287235,-3.81745091],[-38.47303867,-3.81908754],[-38.47350923,-3.82133905],[-38.47379662,-3.82351474],[-38.47410736,-3.82450259],[-38.47443914,-3.82629562],[-38.47925477,-3.82557717],[-38.47957822,-3.82572365],[-38.48086966,-3.82740096],[-38.48217048,-3.82820478]]]}},{"type":"Feature","properties":{"bairro":"Aracapé","ais":"AIS 21","crpm":"1º CRPM","bpm":"21º BPM"},"geometry":{"type":"Polygon","coordinates":[[[-38.58713492,-3.8195249],[-38.58345128,-3.82420296],[-38.58237714,-3.82538412],[-38.58065167,-3.82661141],[-38.57963619,-3.82697282],[-38.58346382,-3.83898419],[-38.5838978,-3.83894428],[-38.58423342,-3.83938927],[-38.58707087,-3.83866526],[-38.58759957,-3.83891126],[-38.58959872,-3.83753033],[-38.59002501,-3.83697414],[-38.59412703,-3.83416358],[-38.59451524,-3.83394714],[-38.59641885,-3.83343526],[-38.58713492,-3.8195249]]]}},{"type":"Feature","properties":{"bairro":"Guararapes","ais":"AIS 22","crpm":"5º CRPM","bpm":"22º BPM","populacao_2010":5266,"idhb_2010":0.7678007652028228,"idhb_educacao_2010":0.993927125506073,"idhb_longevidade_2010":0.4794069192751236,"idhb_renda_2010":0.9499194512745995},"geometry":{"type":"Polygon","coordinates":[[[-38.48234172,-3.76648825],[-38.48348175,-3.76686311],[-38.48739125,-3.76721511],[-38.48724778,-3.76900248],[-38.48763327,-3.77003649],[-38.49143748,-3.76855693],[-38.49606573,-3.76574388],[-38.49427471,-3.7631852],[-38.49229604,-3.75976373],[-38.49163009,-3.75818959],[-38.49150451,-3.75717278],[-38.49124627,-3.7568056],[-38.49050306,-3.75718274],[-38.48433029,-3.75867159],[-38.48344307,-3.75919168],[-38.48313272,-3.7596542],[-38.48285496,-3.76100281],[-38.48234172,-3.76648825]]]}},{"type":"Feature","properties":{"bairro":"Parque Manibura","ais":"AIS 19","crpm":"5º CRPM","bpm":"19º BPM","populacao_2010":7529,"idhb_2010":0.5780179115058213,"idhb_educacao_2010":0.9817813765182186,"idhb_longevidade_2010":0.49752883031301476,"idhb_renda_2010":0.39535828833227593},"geometry":{"type":"Polygon","coordinates":[[[-38.49089095,-3.78673654],[-38.48573154,-3.78736873],[-38.48067772,-3.78692362],[-38.47988127,-3.79571536],[-38.48689571,-3.79630263],[-38.49202136,-3.79574876],[-38.49169275,-3.79274756],[-38.49239373,-3.79266175],[-38.49212353,-3.79003251],[-38.49178137,-3.7893463],[-38.49173034,-3.78861263],[-38.49103271,-3.78869886],[-38.49089095,-3.78673654]]]}},{"type":"Feature","properties":{"bairro":"Paupina","ais":"AIS 16","crpm":"5º CRPM","bpm":"16º BPM","populacao_2010":14665,"idhb_2010":0.24611073700219865,"idhb_educacao_2010":0.9261133603238867,"idhb_longevidade_2010":0.22240527182866557,"idhb_renda_2010":0.0723739799841534},"geometry":{"type":"Polygon","coordinates":[[[-38.48710791,-3.83872289],[-38.48152906,-3.84448186],[-38.48044284,-3.84506745],[-38.48218721,-3.84638952],[-38.48278001,-3.84932427],[-38.48306039,-3.85301846],[-38.48300094,-3.85368907],[-38.48269099,-3.85461369],[-38.48269217,-3.85513756],[-38.48299365,-3.85531675],[-38.49194106,-3.85667576],[-38.49168853,-3.85821325],[-38.49101883,-3.86047197],[-38.49154646,-3.86354155],[-38.48557482,-3.86461848],[-38.48593979,-3.86526697],[-38.48662196,-3.86582703],[-38.48785457,-3.86635727],[-38.48837538,-3.86681812],[-38.48878594,-3.86790162],[-38.48890402,-3.8696849],[-38.48948876,-3.87121332],[-38.49044282,-3.87246622],[-38.49105802,-3.8735841],[-38.4915588,-3.8738793],[-38.49188093,-3.87446117],[-38.49166561,-3.87526703],[-38.49183107,-3.8754322],[-38.4919879,-3.8753462],[-38.49203794,-3.87619417],[-38.49239572,-3.87635316],[-38.49223199,-3.87700021],[-38.49251103,-3.87724416],[-38.49267466,-3.87791301],[-38.49248896,-3.87820098],[-38.49243156,-3.87865414],[-38.4925678,-3.87912102],[-38.49242486,-3.87973307],[-38.49259703,-3.88017916],[-38.4931327,-3.88056016],[-38.49341165,-3.88120713],[-38.49356967,-3.88249411],[-38.49394877,-3.88270312],[-38.4939278,-3.88323483],[-38.49375569,-3.88334995],[-38.4938988,-3.88395417],[-38.49422792,-3.88394019],[-38.49440398,-3.88422019],[-38.49467881,-3.88421333],[-38.49490784,-3.88478113],[-38.4955088,-3.88538637],[-38.49595986,-3.88543635],[-38.49608174,-3.88558019],[-38.49608179,-3.88628522],[-38.49743401,-3.88665829],[-38.49748379,-3.88702523],[-38.4977851,-3.88728426],[-38.49864407,-3.88758632],[-38.4993022,-3.88752928],[-38.50063983,-3.8878453],[-38.50119115,-3.8881763],[-38.501449,-3.88798219],[-38.50171358,-3.8881269],[-38.50063824,-3.87896371],[-38.4977333,-3.86855866],[-38.49753321,-3.86371804],[-38.49625684,-3.85773195],[-38.49543923,-3.85306215],[-38.49542808,-3.85216957],[-38.49459155,-3.84716095],[-38.4941903,-3.83901008],[-38.49350086,-3.83908476],[-38.49348682,-3.83943201],[-38.48879584,-3.8362579],[-38.48710791,-3.83872289]]]}},{"type":"Feature","properties":{"bairro":"Jardim das Oliveiras","ais":"AIS 19","crpm":"5º CRPM","bpm":"19º BPM","populacao_2010":29571,"idhb_2010":0.2700167079194126,"idhb_educacao_2010":0.9038461538461539,"idhb_longevidade_2010":0.3163097199341021,"idhb_renda_2010":0.06885965809916703},"geometry":{"type":"Polygon","coordinates":[[[-38.50946612,-3.7713527],[-38.50823304,-3.77175461],[-38.50650792,-3.77210116],[-38.50592512,-3.77235287],[-38.50537139,-3.77274825],[-38.503314,-3.77472844],[-38.50220948,-3.77554544],[-38.49972914,-3.77636262],[-38.49976963,-3.77693723],[-38.49927331,-3.77763027],[-38.49887367,-3.77936869],[-38.4978249,-3.77972433],[-38.49645403,-3.78063413],[-38.49585133,-3.78147994],[-38.49512244,-3.78213689],[-38.49487251,-3.78301153],[-38.49396532,-3.78328152],[-38.49491606,-3.78653092],[-38.49511648,-3.78648045],[-38.49485967,-3.78778708],[-38.4949,-3.78954971],[-38.50615136,-3.78661357],[-38.51105458,-3.78699239],[-38.51262026,-3.78365087],[-38.51205915,-3.78322729],[-38.51130207,-3.78209841],[-38.51032145,-3.77877995],[-38.50971878,-3.77455928],[-38.50946612,-3.7713527]]]}},{"type":"Feature","properties":{"bairro":"Jangurussu","ais":"AIS 16","crpm":"5º CRPM","bpm":"16º BPM","populacao_2010":50479,"idhb_2010":0.17208698421299948,"idhb_educacao_2010":0.945344129554656,"idhb_longevidade_2010":0.10378912685337724,"idhb_renda_2010":0.05194004017203219},"geometry":{"type":"Polygon","coordinates":[[[-38.52901144,-3.83467357],[-38.5309195,-3.83250372],[-38.53123238,-3.83171007],[-38.53107365,-3.83068232],[-38.53081648,-3.83044834],[-38.53025292,-3.83033111],[-38.52962222,-3.82975232],[-38.52844666,-3.82942433],[-38.52833355,-3.82910559],[-38.52688154,-3.82940549],[-38.52142058,-3.82872597],[-38.5204976,-3.82847555],[-38.51738715,-3.82807014],[-38.51446971,-3.82797158],[-38.51061618,-3.82949368],[-38.5063504,-3.83056598],[-38.50473483,-3.83112392],[-38.50411607,-3.83267624],[-38.49939866,-3.84246545],[-38.50181225,-3.84495342],[-38.50386089,-3.84882964],[-38.50528813,-3.85239191],[-38.50609446,-3.85481542],[-38.50712896,-3.85710227],[-38.50736299,-3.85865331],[-38.50800596,-3.85957599],[-38.5088541,-3.86020863],[-38.51032116,-3.86056236],[-38.5123826,-3.86027576],[-38.51306168,-3.86029129],[-38.51418217,-3.860566],[-38.51532564,-3.86105325],[-38.51697541,-3.8620823],[-38.51808523,-3.86332073],[-38.518954,-3.864611],[-38.52322614,-3.8637444],[-38.52316293,-3.8610427],[-38.52329199,-3.85820355],[-38.52359815,-3.85553395],[-38.52402467,-3.85318675],[-38.52282013,-3.85420831],[-38.52242348,-3.85439794],[-38.52172522,-3.85203189],[-38.52100535,-3.85229656],[-38.52009738,-3.8501589],[-38.52110798,-3.84974434],[-38.52028583,-3.84650287],[-38.51956007,-3.84647977],[-38.51882928,-3.84467179],[-38.51855932,-3.84492687],[-38.51756523,-3.8436478],[-38.51877443,-3.84268973],[-38.51957365,-3.84363814],[-38.52168848,-3.84182357],[-38.52165904,-3.83876013],[-38.52317708,-3.83962172],[-38.52385494,-3.83957245],[-38.52876617,-3.83472754],[-38.52901144,-3.83467357]]]}},{"type":"Feature","properties":{"bairro":"Lagoa Redonda","ais":"AIS 16","crpm":"5º CRPM","bpm":"16º BPM","populacao_2010":27949,"idhb_2010":0.25267850603770564,"idhb_educacao_2010":0.9230769230769231,"idhb_longevidade_2010":0.1960461285008237,"idhb_renda_2010":0.08914741147680459},"geometry":{"type":"Polygon","coordinates":[[[-38.45145003,-3.80588923],[-38.44863261,-3.80565918],[-38.44599553,-3.80521233],[-38.44508458,-3.80701798],[-38.44316676,-3.80927894],[-38.44221891,-3.81167296],[-38.44227078,-3.81373204],[-38.44260376,-3.81579109],[-38.44396102,-3.81792813],[-38.44518967,-3.81926616],[-38.44547192,-3.82065599],[-38.44574078,-3.82642006],[-38.4473799,-3.83146506],[-38.44988765,-3.83787128],[-38.45147676,-3.83970116],[-38.45329593,-3.84037018],[-38.45590809,-3.84073121],[-38.45718395,-3.84147529],[-38.45812197,-3.84266923],[-38.45881004,-3.84306713],[-38.46089412,-3.8428782],[-38.46266599,-3.84348621],[-38.46362412,-3.84361123],[-38.46379131,-3.84344404],[-38.46364512,-3.8429409],[-38.46364506,-3.84218714],[-38.46402005,-3.84208219],[-38.46445801,-3.84216628],[-38.46516688,-3.84315122],[-38.46633395,-3.84350718],[-38.46681277,-3.8445121],[-38.46714684,-3.84474316],[-38.46731265,-3.84535],[-38.46720525,-3.84595288],[-38.47400447,-3.84203204],[-38.47927643,-3.83918088],[-38.47825359,-3.83746704],[-38.47408814,-3.83284988],[-38.47544558,-3.83178706],[-38.47423681,-3.825096],[-38.47379662,-3.82351474],[-38.47350923,-3.82133905],[-38.47303867,-3.81908754],[-38.47287235,-3.81745091],[-38.46519853,-3.81369061],[-38.46392417,-3.81283684],[-38.46311152,-3.81191199],[-38.46269869,-3.81122764],[-38.46160374,-3.8077938],[-38.45922229,-3.80742584],[-38.45764982,-3.80694299],[-38.45495091,-3.80636197],[-38.45145003,-3.80588923]]]}},{"type":"Feature","properties":{"bairro":"Itaoca","ais":"AIS 06","crpm":"1º CRPM","bpm":"6º BPM","populacao_2010":12477,"idhb_2010":0.37349305565334545,"idhb_educacao_2010":0.958502024291498,"idhb_longevidade_2010":0.5074135090609555,"idhb_renda_2010":0.10712541918960088},"geometry":{"type":"Polygon","coordinates":[[[-38.55959568,-3.76755481],[-38.55038345,-3.77091835],[-38.55265362,-3.77759597],[-38.55575607,-3.77654353],[-38.55488708,-3.77572792],[-38.55455754,-3.77561468],[-38.55434654,-3.77492987],[-38.55520073,-3.77464936],[-38.55640041,-3.77468032],[-38.56105705,-3.77434494],[-38.56163043,-3.77441049],[-38.56227797,-3.77471993],[-38.56236913,-3.7746064],[-38.56163718,-3.77397435],[-38.56120588,-3.77332754],[-38.5596429,-3.76856866],[-38.55959568,-3.76755481]]]}},{"type":"Feature","properties":{"bairro":"Messejana","ais":"AIS 16","crpm":"5º CRPM","bpm":"16º BPM","populacao_2010":41689,"idhb_2010":0.37570240331683447,"idhb_educacao_2010":0.9564777327935223,"idhb_longevidade_2010":0.4629324546952224,"idhb_renda_2010":0.11976762204374483},"geometry":{"type":"Polygon","coordinates":[[[-38.49275115,-3.81116343],[-38.49193677,-3.81312376],[-38.4920627,-3.81431432],[-38.49198583,-3.8149245],[-38.48882769,-3.8157588],[-38.48760191,-3.81584491],[-38.48453485,-3.81661162],[-38.48468581,-3.81751475],[-38.48303277,-3.81786761],[-38.48279809,-3.81871322],[-38.48172818,-3.81974361],[-38.48131314,-3.82037018],[-38.4811337,-3.82131541],[-38.48128646,-3.8241903],[-38.48141595,-3.82519288],[-38.48217048,-3.82820478],[-38.4824809,-3.8338386],[-38.48378044,-3.83367007],[-38.48513136,-3.83622948],[-38.48648817,-3.83551726],[-38.48710791,-3.83872289],[-38.48879584,-3.8362579],[-38.49348682,-3.83943201],[-38.49350086,-3.83908476],[-38.49423235,-3.83901316],[-38.49532633,-3.83979026],[-38.49712154,-3.84034006],[-38.49939866,-3.84246545],[-38.50458577,-3.83161991],[-38.50491352,-3.83015456],[-38.50483984,-3.82873937],[-38.5016363,-3.81612862],[-38.50009148,-3.81716365],[-38.49898173,-3.81634033],[-38.49799707,-3.81596629],[-38.49890867,-3.81390171],[-38.49275115,-3.81116343]]]}},{"type":"Feature","properties":{"bairro":"Parque Iracema","ais":"AIS 19","crpm":"5º CRPM","bpm":"19º BPM","populacao_2010":8409,"idhb_2010":0.5049535625829636,"idhb_educacao_2010":0.9817813765182186,"idhb_longevidade_2010":0.32701812191103785,"idhb_renda_2010":0.40102155080417157},"geometry":{"type":"Polygon","coordinates":[[[-38.50409373,-3.80186174],[-38.49927582,-3.80099447],[-38.4944491,-3.79894667],[-38.49405722,-3.79979956],[-38.49366081,-3.79997732],[-38.49439157,-3.80226386],[-38.48838153,-3.80421663],[-38.48828147,-3.80453795],[-38.48943327,-3.80808516],[-38.49032423,-3.80842174],[-38.49171673,-3.80947339],[-38.49321762,-3.81012144],[-38.49275115,-3.81116343],[-38.49890867,-3.81390171],[-38.49957025,-3.81193835],[-38.50021978,-3.81082732],[-38.50085997,-3.80867501],[-38.50192085,-3.80639705],[-38.50216047,-3.8061335],[-38.50409373,-3.80186174]]]}},{"type":"Feature","properties":{"bairro":"Sabiaguaba","ais":"AIS 19","crpm":"5º CRPM","bpm":"19º BPM","populacao_2010":2117,"idhb_2010":0.2673018093550973,"idhb_educacao_2010":0.8896761133603239,"idhb_longevidade_2010":0.23640856672158156,"idhb_renda_2010":0.09080516564384893},"geometry":{"type":"Polygon","coordinates":[[[-38.44599553,-3.80521233],[-38.44863261,-3.80565918],[-38.45145003,-3.80588923],[-38.45171252,-3.80099823],[-38.45212903,-3.80019125],[-38.45000651,-3.79613468],[-38.4481312,-3.79406806],[-38.44779625,-3.79392691],[-38.44669578,-3.79383994],[-38.4463796,-3.79364981],[-38.44273628,-3.78876206],[-38.44044637,-3.7854003],[-38.43977754,-3.78472023],[-38.43487783,-3.78065296],[-38.43386781,-3.77995437],[-38.43356746,-3.7795182],[-38.43283042,-3.77940958],[-38.43025048,-3.77787782],[-38.42685664,-3.78344337],[-38.42471647,-3.78743344],[-38.42094377,-3.79400727],[-38.41864152,-3.7969319],[-38.41805152,-3.79829997],[-38.41526086,-3.80241495],[-38.41423544,-3.80361101],[-38.41006872,-3.80968631],[-38.40899767,-3.81094331],[-38.40861463,-3.8120193],[-38.40570658,-3.81658332],[-38.40281041,-3.81992705],[-38.40221401,-3.82086013],[-38.40168906,-3.8218651],[-38.40176719,-3.82375946],[-38.40190514,-3.8242973],[-38.40139391,-3.82552075],[-38.40135706,-3.82658513],[-38.40180448,-3.82686136],[-38.40296566,-3.82646503],[-38.40447309,-3.82508469],[-38.40593114,-3.82398574],[-38.40599727,-3.82381897],[-38.40573199,-3.82206034],[-38.40586987,-3.82154252],[-38.40700482,-3.82050758],[-38.40841463,-3.81961096],[-38.44292921,-3.80154991],[-38.44348673,-3.80277287],[-38.44437903,-3.80339153],[-38.44448611,-3.80422434],[-38.44470026,-3.8044147],[-38.44503338,-3.80430762],[-38.44533082,-3.80436711],[-38.44546169,-3.80467644],[-38.44580671,-3.80486679],[-38.44599553,-3.80521233]]]}},{"type":"Feature","properties":{"bairro":"Bom Jardim","ais":"AIS 17","crpm":"1º CRPM","bpm":"17º BPM","populacao_2010":37758,"idhb_2010":0.19488696041970657,"idhb_educacao_2010":0.9119433198380567,"idhb_longevidade_2010":0.25123558484349257,"idhb_renda_2010":0.03230720202088127},"geometry":{"type":"Polygon","coordinates":[[[-38.61173816,-3.79806726],[-38.6078986,-3.7861615],[-38.59396364,-3.79059981],[-38.59187164,-3.791102],[-38.59157798,-3.79227908],[-38.59184076,-3.79263705],[-38.59196197,-3.79341293],[-38.59150613,-3.79397569],[-38.60232818,-3.80516145],[-38.60571234,-3.80335021],[-38.60387988,-3.79992815],[-38.60288153,-3.79763526],[-38.60266934,-3.79673824],[-38.6060042,-3.79731093],[-38.61173816,-3.79806726]]]}},{"type":"Feature","properties":{"bairro":"Salinas","ais":"AIS 22","crpm":"5º CRPM","bpm":"22º BPM","populacao_2010":4298,"idhb_2010":0.4912686166725166,"idhb_educacao_2010":0.958502024291498,"idhb_longevidade_2010":0.28006589785831965,"idhb_renda_2010":0.4416759982340679},"geometry":{"type":"Polygon","coordinates":[[[-38.49606573,-3.76574388],[-38.49773978,-3.76949089],[-38.49894016,-3.77343891],[-38.50102211,-3.77276844],[-38.50192696,-3.7756502],[-38.503314,-3.77472844],[-38.50537139,-3.77274825],[-38.50592512,-3.77235287],[-38.50650792,-3.77210116],[-38.50823304,-3.77175461],[-38.50946612,-3.7713527],[-38.5093226,-3.77017115],[-38.50890496,-3.76854857],[-38.50684961,-3.76337348],[-38.50610754,-3.76241756],[-38.50438218,-3.76217368],[-38.50352513,-3.76182869],[-38.50322107,-3.7615507],[-38.50250214,-3.75976642],[-38.50201321,-3.75821405],[-38.50200218,-3.75772342],[-38.50162789,-3.75716229],[-38.50105845,-3.75672815],[-38.50081133,-3.75627218],[-38.49992667,-3.75583572],[-38.49867997,-3.75566034],[-38.49607947,-3.75475002],[-38.49278862,-3.7522872],[-38.49201687,-3.75215895],[-38.49065855,-3.75230907],[-38.49139625,-3.75592676],[-38.49140091,-3.75650915],[-38.49124627,-3.7568056],[-38.49151545,-3.75720793],[-38.49177475,-3.75859119],[-38.49229604,-3.75976373],[-38.49410947,-3.76291388],[-38.49606573,-3.76574388]]]}},{"type":"Feature","properties":{"bairro":"Canindezinho","ais":"AIS 21","crpm":"1º CRPM","bpm":"21º BPM","populacao_2010":41202,"idhb_2010":0.13627704038281527,"idhb_educacao_2010":0.9028340080971661,"idhb_longevidade_2010":0.11120263591433278,"idhb_renda_2010":0.025208388762356416},"geometry":{"type":"Polygon","coordinates":[[[-38.59150613,-3.79397569],[-38.59110069,-3.79403347],[-38.59095267,-3.79428368],[-38.59169215,-3.79550882],[-38.59151959,-3.79608173],[-38.59173261,-3.79740673],[-38.591566,-3.79772403],[-38.59154709,-3.79847807],[-38.59192151,-3.79929673],[-38.59183878,-3.80049033],[-38.59200506,-3.80088713],[-38.59192466,-3.8010559],[-38.58961903,-3.80234323],[-38.59436562,-3.80767705],[-38.59626163,-3.81002608],[-38.59785032,-3.81261167],[-38.59880471,-3.81459734],[-38.60044313,-3.81687915],[-38.60349459,-3.82052982],[-38.60735256,-3.8277683],[-38.61469532,-3.82393495],[-38.61476127,-3.82364109],[-38.61463943,-3.82327795],[-38.61414946,-3.82285702],[-38.61778104,-3.82099265],[-38.59150613,-3.79397569]]]}},{"type":"Feature","properties":{"bairro":"Granja Lisboa","ais":"AIS 17","crpm":"1º CRPM","bpm":"17º BPM","populacao_2010":52042,"idhb_2010":0.16998670122886356,"idhb_educacao_2010":0.9078947368421053,"idhb_longevidade_2010":0.1812191103789127,"idhb_renda_2010":0.029854193650246035},"geometry":{"type":"Polygon","coordinates":[[[-38.63546031,-3.79362718],[-38.63487566,-3.79337305],[-38.6349788,-3.79304322],[-38.63485345,-3.79289114],[-38.63516965,-3.79257639],[-38.63523613,-3.79184869],[-38.63495223,-3.79145777],[-38.63437925,-3.79123031],[-38.63385512,-3.79074855],[-38.63342927,-3.79058085],[-38.6315443,-3.78368742],[-38.62802831,-3.78467768],[-38.62745186,-3.78262977],[-38.62600901,-3.78302431],[-38.62544766,-3.78095855],[-38.62251637,-3.7817875],[-38.62119309,-3.77705892],[-38.61260388,-3.77617945],[-38.60762682,-3.77552752],[-38.60594597,-3.77519659],[-38.60812451,-3.78299487],[-38.60856095,-3.78326372],[-38.60936724,-3.78568652],[-38.6078986,-3.7861615],[-38.61173816,-3.79806726],[-38.61940624,-3.79921809],[-38.6227674,-3.79870706],[-38.62237396,-3.79513282],[-38.63546031,-3.79362718]]]}},{"type":"Feature","properties":{"bairro":"Bela Vista","ais":"AIS 18","crpm":"1º CRPM","bpm":"18º BPM","populacao_2010":16754,"idhb_2010":0.37525592242689343,"idhb_educacao_2010":0.9564777327935223,"idhb_longevidade_2010":0.4752883031301482,"idhb_renda_2010":0.11623868151531012},"geometry":{"type":"Polygon","coordinates":[[[-38.56485846,-3.74392101],[-38.55920581,-3.75081177],[-38.55528177,-3.75515593],[-38.55538036,-3.75525633],[-38.55351561,-3.75694705],[-38.55642508,-3.76020857],[-38.55950476,-3.75756368],[-38.55909407,-3.75713159],[-38.56064775,-3.75556793],[-38.56721698,-3.75137854],[-38.56582108,-3.74925067],[-38.56610717,-3.74898032],[-38.5653621,-3.74820594],[-38.56640922,-3.74720015],[-38.56581551,-3.74665529],[-38.56655954,-3.74589393],[-38.56485846,-3.74392101]]]}},{"type":"Feature","properties":{"bairro":"Couto Fernandes","ais":"AIS 06","crpm":"1º CRPM","bpm":"6º BPM","populacao_2010":5260,"idhb_2010":0.3611930412418775,"idhb_educacao_2010":0.9301619433198381,"idhb_longevidade_2010":0.45222405271828664,"idhb_renda_2010":0.11202266474480234},"geometry":{"type":"Polygon","coordinates":[[[-38.55922809,-3.75727046],[-38.55950476,-3.75756368],[-38.55642508,-3.76020857],[-38.55737331,-3.76145969],[-38.55824732,-3.7634108],[-38.56112076,-3.76200791],[-38.56406851,-3.76003942],[-38.56305837,-3.75852919],[-38.56226125,-3.75786169],[-38.56091666,-3.75740605],[-38.55922809,-3.75727046]]]}},{"type":"Feature","properties":{"bairro":"Granja Portugal","ais":"AIS 17","crpm":"1º CRPM","bpm":"17º BPM","populacao_2010":39651,"idhb_2010":0.19018476839386392,"idhb_educacao_2010":0.8947368421052633,"idhb_longevidade_2010":0.2751235584843492,"idhb_renda_2010":0.027944998815889875},"geometry":{"type":"Polygon","coordinates":[[[-38.59611787,-3.77287552],[-38.59628933,-3.77345635],[-38.59581938,-3.77402299],[-38.59609796,-3.77458493],[-38.59542493,-3.77526624],[-38.59511686,-3.77656118],[-38.59520204,-3.7769212],[-38.59575911,-3.77768403],[-38.59581836,-3.77793647],[-38.59537796,-3.77880853],[-38.59478195,-3.77914374],[-38.59446512,-3.77989018],[-38.59392087,-3.78063545],[-38.59332651,-3.78311085],[-38.59331417,-3.78455317],[-38.59236936,-3.78483282],[-38.59211315,-3.78516819],[-38.59206146,-3.78574382],[-38.59189439,-3.78591468],[-38.5910837,-3.78620026],[-38.59095952,-3.7864622],[-38.59091197,-3.78725562],[-38.59103314,-3.78774879],[-38.59097256,-3.7880507],[-38.59068984,-3.78839457],[-38.59071231,-3.78908473],[-38.59104185,-3.7900751],[-38.59177799,-3.7905233],[-38.59187164,-3.791102],[-38.59396364,-3.79059981],[-38.60936724,-3.78568652],[-38.60856095,-3.78326372],[-38.60812451,-3.78299487],[-38.60594597,-3.77519659],[-38.60177705,-3.77467331],[-38.60144432,-3.77450496],[-38.60026025,-3.7731756],[-38.59867364,-3.77330943],[-38.59834297,-3.77321887],[-38.59806263,-3.77294961],[-38.5978311,-3.7720021],[-38.59611787,-3.77287552]]]}},{"type":"Feature","properties":{"bairro":"Maraponga","ais":"AIS 21","crpm":"1º CRPM","bpm":"21º BPM","populacao_2010":10155,"idhb_2010":0.3903825581169062,"idhb_educacao_2010":0.9676113360323886,"idhb_longevidade_2010":0.3105436573311367,"idhb_renda_2010":0.19799198313593294},"geometry":{"type":"Polygon","coordinates":[[[-38.560629,-3.78799444],[-38.56349523,-3.79556179],[-38.56270443,-3.79684626],[-38.56221322,-3.79826594],[-38.56969874,-3.79599902],[-38.57292393,-3.8064586],[-38.57583911,-3.80549632],[-38.57535334,-3.80438403],[-38.57516034,-3.80332237],[-38.57481982,-3.79814883],[-38.57468472,-3.791456],[-38.57176043,-3.79057708],[-38.57063595,-3.78907273],[-38.5702453,-3.78873847],[-38.56877312,-3.78815816],[-38.56745568,-3.78803995],[-38.56706311,-3.78765953],[-38.56663958,-3.78747092],[-38.56573769,-3.78753705],[-38.56528196,-3.78703392],[-38.56432067,-3.78701969],[-38.56260814,-3.78762965],[-38.56124661,-3.78798603],[-38.560629,-3.78799444]]]}},{"type":"Feature","properties":{"bairro":"Parque Santa Rosa","ais":"AIS 21","crpm":"1º CRPM","bpm":"21º BPM","populacao_2010":12790,"idhb_2010":0.24312574438356205,"idhb_educacao_2010":0.9321862348178137,"idhb_longevidade_2010":0.27100494233937394,"idhb_renda_2010":0.056886989114958084},"geometry":{"type":"Polygon","coordinates":[[[-38.59251894,-3.82758582],[-38.59265201,-3.82748579],[-38.59245573,-3.82718907],[-38.59241592,-3.82672282],[-38.59453987,-3.82527517],[-38.59377737,-3.82411433],[-38.60036042,-3.81967307],[-38.59941965,-3.81822446],[-38.60078821,-3.81730861],[-38.59876789,-3.81454141],[-38.59789481,-3.81269336],[-38.59658997,-3.81358095],[-38.58830387,-3.82127646],[-38.59251894,-3.82758582]]]}},{"type":"Feature","properties":{"bairro":"Passaré","ais":"AIS 19","crpm":"5º CRPM","bpm":"19º BPM","populacao_2010":50940,"idhb_2010":0.22467255299388172,"idhb_educacao_2010":0.938259109311741,"idhb_longevidade_2010":0.1087314662273476,"idhb_renda_2010":0.11116601223872831},"geometry":{"type":"Polygon","coordinates":[[[-38.52833355,-3.82910559],[-38.53439008,-3.82783363],[-38.53873946,-3.82575309],[-38.54377637,-3.82456387],[-38.54365929,-3.82429811],[-38.54291663,-3.8243135],[-38.54238067,-3.82408993],[-38.54102766,-3.82232493],[-38.53863864,-3.8206059],[-38.53718763,-3.81797672],[-38.54445761,-3.8117194],[-38.5447176,-3.80998689],[-38.54506286,-3.80985057],[-38.54560775,-3.80816085],[-38.54521406,-3.8064258],[-38.54427381,-3.80407253],[-38.54397498,-3.80183813],[-38.54360752,-3.80019334],[-38.54265528,-3.80007181],[-38.54248327,-3.79989612],[-38.5400218,-3.79683424],[-38.53982679,-3.79554477],[-38.53965036,-3.79560455],[-38.53935904,-3.7959999],[-38.53832848,-3.79626779],[-38.53807265,-3.79608336],[-38.53737752,-3.79651426],[-38.5370342,-3.79702571],[-38.53655919,-3.79704733],[-38.53614339,-3.79681107],[-38.53552589,-3.79697272],[-38.53497727,-3.79757999],[-38.53476624,-3.7974263],[-38.53450602,-3.79762476],[-38.53417131,-3.79729134],[-38.53365879,-3.79736827],[-38.5332065,-3.79721656],[-38.53300229,-3.79735642],[-38.53225674,-3.7972943],[-38.53181027,-3.79773893],[-38.53141684,-3.79757789],[-38.52997577,-3.80124055],[-38.52965453,-3.80177118],[-38.52517275,-3.80676495],[-38.52476063,-3.80668713],[-38.52439306,-3.80688616],[-38.52423206,-3.80726193],[-38.52434086,-3.80766689],[-38.523343,-3.80878989],[-38.52293121,-3.80909414],[-38.52217692,-3.8093905],[-38.51511574,-3.81113862],[-38.51551173,-3.81263349],[-38.5157816,-3.81290203],[-38.51642567,-3.81307469],[-38.51687183,-3.81410636],[-38.51807276,-3.81453304],[-38.51841876,-3.81518456],[-38.51887656,-3.8156042],[-38.51942718,-3.81690195],[-38.51940852,-3.81728249],[-38.51962306,-3.81802814],[-38.51925004,-3.81851879],[-38.51943248,-3.81924926],[-38.51934515,-3.81952044],[-38.5191005,-3.81965521],[-38.51902268,-3.82061984],[-38.51943597,-3.8214489],[-38.52051621,-3.82198675],[-38.52076756,-3.82250899],[-38.52107492,-3.8240125],[-38.52141296,-3.8245684],[-38.52271579,-3.82482757],[-38.52353487,-3.82535024],[-38.52406837,-3.82610647],[-38.52489385,-3.82635307],[-38.52626845,-3.82721059],[-38.52719241,-3.82833861],[-38.52765795,-3.82843069],[-38.52833355,-3.82910559]]]}},{"type":"Feature","properties":{"bairro":"Mondubim","ais":"AIS 21","crpm":"1º CRPM","bpm":"21º BPM","populacao_2010":76044,"idhb_2010":0.23279079078869172,"idhb_educacao_2010":0.9473684210526315,"idhb_longevidade_2010":0.17462932454695224,"idhb_renda_2010":0.07625376795534881},"geometry":{"type":"Polygon","coordinates":[[[-38.56025451,-3.80207528],[-38.55985492,-3.80311658],[-38.55770327,-3.80658427],[-38.55492273,-3.80930453],[-38.55461498,-3.80947277],[-38.55869383,-3.82291553],[-38.55888272,-3.82559956],[-38.55918692,-3.82686285],[-38.55952488,-3.82675383],[-38.56146754,-3.83233332],[-38.56534787,-3.83088858],[-38.56661832,-3.83062205],[-38.56958409,-3.82828695],[-38.57118726,-3.82674567],[-38.57338847,-3.82525651],[-38.57413798,-3.82428875],[-38.5740538,-3.8239656],[-38.57451358,-3.82379994],[-38.57822093,-3.82261049],[-38.57913507,-3.82543532],[-38.57910433,-3.82619895],[-38.57963619,-3.82697282],[-38.58065167,-3.82661141],[-38.58237714,-3.82538412],[-38.58345128,-3.82420296],[-38.58713492,-3.8195249],[-38.58289279,-3.81333043],[-38.57845909,-3.80850829],[-38.57778501,-3.80733895],[-38.57640638,-3.80607323],[-38.57592747,-3.80539086],[-38.57292393,-3.8064586],[-38.57194195,-3.80334223],[-38.56503199,-3.80551152],[-38.56025451,-3.80207528]]]}},{"type":"Feature","properties":{"bairro":"Parque São José","ais":"AIS 21","crpm":"1º CRPM","bpm":"21º BPM","populacao_2010":10486,"idhb_2010":0.2840648618501228,"idhb_educacao_2010":0.9281376518218624,"idhb_longevidade_2010":0.4678747940691927,"idhb_renda_2010":0.05278499776334756},"geometry":{"type":"Polygon","coordinates":[[[-38.5886185,-3.79100259],[-38.58636983,-3.79662691],[-38.58417948,-3.79424103],[-38.58301213,-3.79535822],[-38.58961903,-3.80234323],[-38.59192466,-3.8010559],[-38.59200506,-3.80088713],[-38.59183878,-3.80049033],[-38.59192151,-3.79929673],[-38.59154709,-3.79847807],[-38.591566,-3.79772403],[-38.59173261,-3.79740673],[-38.59151959,-3.79608173],[-38.59169215,-3.79550882],[-38.59095267,-3.79428368],[-38.59110069,-3.79403347],[-38.59150613,-3.79397569],[-38.5886185,-3.79100259]]]}},{"type":"Feature","properties":{"bairro":"Parque Dois Irmãos","ais":"AIS 19","crpm":"5º CRPM","bpm":"19º BPM","populacao_2010":27236,"idhb_2010":0.25105736597917283,"idhb_educacao_2010":0.9504048582995952,"idhb_longevidade_2010":0.1787479406919275,"idhb_renda_2010":0.0931470723242766},"geometry":{"type":"Polygon","coordinates":[[[-38.53982679,-3.79554477],[-38.5400218,-3.79683424],[-38.54248327,-3.79989612],[-38.54265528,-3.80007181],[-38.54360752,-3.80019334],[-38.54397498,-3.80183813],[-38.54427381,-3.80407253],[-38.54521406,-3.8064258],[-38.54560775,-3.80816085],[-38.54506286,-3.80985057],[-38.5447176,-3.80998689],[-38.54445761,-3.8117194],[-38.53718763,-3.81797672],[-38.53854472,-3.82048319],[-38.54102766,-3.82232493],[-38.54238067,-3.82408993],[-38.54291663,-3.8243135],[-38.54365929,-3.82429811],[-38.54377637,-3.82456387],[-38.54972657,-3.82363112],[-38.55811484,-3.82106806],[-38.54963964,-3.79301661],[-38.54930903,-3.7931167],[-38.54902427,-3.79298611],[-38.54873144,-3.79307811],[-38.54803616,-3.79300411],[-38.54750691,-3.79342669],[-38.54707296,-3.7934395],[-38.54572816,-3.79389826],[-38.54518176,-3.79428128],[-38.54496958,-3.79473726],[-38.54409538,-3.79478729],[-38.54267045,-3.79546983],[-38.54155785,-3.79565101],[-38.54086171,-3.79562792],[-38.54032985,-3.79543493],[-38.53982679,-3.79554477]]]}},{"type":"Feature","properties":{"bairro":"Panamericano","ais":"AIS 06","crpm":"1º CRPM","bpm":"6º BPM","populacao_2010":8815,"idhb_2010":0.3734925288648441,"idhb_educacao_2010":0.9564777327935223,"idhb_longevidade_2010":0.5733113673805602,"idhb_renda_2010":0.09501241122828767},"geometry":{"type":"Polygon","coordinates":[[[-38.56406851,-3.76003942],[-38.57016701,-3.7561129],[-38.56721698,-3.75137854],[-38.5606925,-3.7555341],[-38.55909407,-3.75713159],[-38.55922809,-3.75727046],[-38.56091666,-3.75740605],[-38.56226125,-3.75786169],[-38.56305837,-3.75852919],[-38.56406851,-3.76003942]]]}},{"type":"Feature","properties":{"bairro":"Alto da Balança","ais":"AIS 19","crpm":"5º CRPM","bpm":"19º BPM","populacao_2010":12814,"idhb_2010":0.34718521159235965,"idhb_educacao_2010":0.938663967611336,"idhb_longevidade_2010":0.5831960461285008,"idhb_renda_2010":0.0764467340488672},"geometry":{"type":"Polygon","coordinates":[[[-38.51704416,-3.76998507],[-38.51814884,-3.76553931],[-38.5189979,-3.76006581],[-38.51798076,-3.76018521],[-38.5172767,-3.76106268],[-38.51654669,-3.76157911],[-38.51403161,-3.76248571],[-38.5127035,-3.76239505],[-38.51106886,-3.76274975],[-38.51014791,-3.76279917],[-38.50862149,-3.76254835],[-38.50819287,-3.7626203],[-38.50610754,-3.76241756],[-38.50709816,-3.76385445],[-38.50890496,-3.76854857],[-38.51517633,-3.76969696],[-38.51704416,-3.76998507]]]}},{"type":"Feature","properties":{"bairro":"Siqueira","ais":"AIS 17","crpm":"1º CRPM","bpm":"17º BPM","populacao_2010":33628,"idhb_2010":0.1486745738966769,"idhb_educacao_2010":0.895748987854251,"idhb_longevidade_2010":0.14332784184514005,"idhb_renda_2010":0.025597244678082855},"geometry":{"type":"Polygon","coordinates":[[[-38.63546031,-3.79362718],[-38.62237396,-3.79513282],[-38.6227674,-3.79870706],[-38.61940624,-3.79921809],[-38.60266934,-3.79673824],[-38.60288153,-3.79763526],[-38.60387988,-3.79992815],[-38.60571234,-3.80335021],[-38.60232818,-3.80516145],[-38.61778104,-3.82099265],[-38.61813467,-3.82121801],[-38.62250026,-3.81696569],[-38.62152013,-3.81525911],[-38.62806692,-3.81037119],[-38.63052704,-3.80974407],[-38.6297677,-3.80653665],[-38.63772611,-3.80468822],[-38.63790294,-3.80139537],[-38.63777215,-3.80119227],[-38.6356839,-3.80012188],[-38.63547835,-3.79977834],[-38.63534662,-3.79914893],[-38.6352284,-3.79904375],[-38.63501964,-3.79908728],[-38.63481638,-3.7988673],[-38.63482719,-3.79850983],[-38.63461379,-3.79838215],[-38.63436383,-3.7977021],[-38.63450372,-3.79711868],[-38.63512241,-3.7967771],[-38.6352972,-3.79645223],[-38.63535237,-3.79604655],[-38.63512486,-3.79567004],[-38.63562828,-3.79487149],[-38.63571304,-3.7945036],[-38.63546031,-3.79362718]]]}},{"type":"Feature","properties":{"bairro":"Aerolândia","ais":"AIS 19","crpm":"5º CRPM","bpm":"19º BPM","populacao_2010":11360,"idhb_2010":0.3108938012113041,"idhb_educacao_2010":0.9489878542510122,"idhb_longevidade_2010":0.4456342668863262,"idhb_renda_2010":0.07105537834511108},"geometry":{"type":"Polygon","coordinates":[[[-38.5170703,-3.76988246],[-38.51704416,-3.76998507],[-38.51517633,-3.76969696],[-38.50890496,-3.76854857],[-38.50941837,-3.77079886],[-38.50971878,-3.77455928],[-38.51032145,-3.77877995],[-38.51130207,-3.78209841],[-38.51205915,-3.78322729],[-38.51262026,-3.78365087],[-38.51419411,-3.78027244],[-38.51480328,-3.77809589],[-38.5179195,-3.77893242],[-38.51781018,-3.77810547],[-38.5182219,-3.77005624],[-38.5170703,-3.76988246]]]}},{"type":"Feature","properties":{"bairro":"Aeroporto","ais":"AIS 06","crpm":"1º CRPM","bpm":"6º BPM","populacao_2010":8618,"idhb_2010":0.1768784683896843,"idhb_educacao_2010":0.8982793522267207,"idhb_longevidade_2010":0.13261943986820426,"idhb_renda_2010":0.04645220142151689},"geometry":{"type":"Polygon","coordinates":[[[-38.55038345,-3.77091835],[-38.54991467,-3.76955234],[-38.55005356,-3.76946532],[-38.5495401,-3.76853919],[-38.5468641,-3.76884957],[-38.54508608,-3.77001497],[-38.54416621,-3.77015302],[-38.5423671,-3.77139886],[-38.54024885,-3.77199605],[-38.53889095,-3.77207287],[-38.53883308,-3.77246707],[-38.53849368,-3.77271808],[-38.53811422,-3.77266549],[-38.53616145,-3.77161425],[-38.53270854,-3.77242206],[-38.53229865,-3.77043247],[-38.53193067,-3.77046293],[-38.53181562,-3.77020059],[-38.53168806,-3.77024851],[-38.53153537,-3.76985958],[-38.53132498,-3.76984082],[-38.53107146,-3.76945837],[-38.53066307,-3.76939599],[-38.53057655,-3.76917215],[-38.53029182,-3.76929011],[-38.53008776,-3.76901337],[-38.52958043,-3.76879241],[-38.52931806,-3.76839055],[-38.52873956,-3.76548352],[-38.53035759,-3.76478265],[-38.52836231,-3.7598897],[-38.52782298,-3.75922609],[-38.52705677,-3.75870184],[-38.52455694,-3.75742876],[-38.52405439,-3.75729531],[-38.52345751,-3.75733727],[-38.52265245,-3.75778493],[-38.52167038,-3.75909713],[-38.52105942,-3.75960864],[-38.52019286,-3.75992562],[-38.5189979,-3.76006581],[-38.51814884,-3.76553931],[-38.5170703,-3.76988246],[-38.5182219,-3.77005624],[-38.51781018,-3.77810547],[-38.5179195,-3.77893242],[-38.51480328,-3.77809589],[-38.51449717,-3.77926968],[-38.51506124,-3.77958235],[-38.51548191,-3.78010168],[-38.51683818,-3.7839115],[-38.51732112,-3.78437752],[-38.51778313,-3.78444376],[-38.51860411,-3.78432865],[-38.52414211,-3.7833038],[-38.52537697,-3.78355284],[-38.52725097,-3.78440886],[-38.5286176,-3.78443522],[-38.54547729,-3.77926597],[-38.54650424,-3.77882452],[-38.54705376,-3.77847922],[-38.55014996,-3.77576279],[-38.55056634,-3.77519526],[-38.55090395,-3.77429991],[-38.55095727,-3.77374939],[-38.5508139,-3.77289958],[-38.55034132,-3.77148276],[-38.55026492,-3.77105596],[-38.55038345,-3.77091835]]]}},{"type":"Feature","properties":{"bairro":"Jóquei Clube","ais":"AIS 18","crpm":"1º CRPM","bpm":"18º BPM","populacao_2010":19331,"idhb_2010":0.40636244298189395,"idhb_educacao_2010":0.9635627530364373,"idhb_longevidade_2010":0.5074135090609555,"idhb_renda_2010":0.1372456721506071},"geometry":{"type":"Polygon","coordinates":[[[-38.5762028,-3.77678002],[-38.57705469,-3.77645417],[-38.5779737,-3.77635397],[-38.57919849,-3.77588914],[-38.58171093,-3.77531724],[-38.57761763,-3.76736463],[-38.57780582,-3.7671285],[-38.57858653,-3.76418403],[-38.57860222,-3.76311651],[-38.57847246,-3.76286259],[-38.57865322,-3.76276341],[-38.57876408,-3.75800516],[-38.57419132,-3.76041209],[-38.5723962,-3.76109716],[-38.56670831,-3.76413909],[-38.56802945,-3.76610188],[-38.56906668,-3.76690286],[-38.56968834,-3.76761437],[-38.57038052,-3.77009139],[-38.57085757,-3.77102699],[-38.5762028,-3.77678002]]]}},{"type":"Feature","properties":{"bairro":"Montese","ais":"AIS 06","crpm":"1º CRPM","bpm":"6º BPM","populacao_2010":25970,"idhb_2010":0.47281389699611726,"idhb_educacao_2010":0.9645748987854251,"idhb_longevidade_2010":0.642504118616145,"idhb_renda_2010":0.17055278938335638},"geometry":{"type":"Polygon","coordinates":[[[-38.55971441,-3.76699364],[-38.5572933,-3.7613281],[-38.55351561,-3.75694705],[-38.55062772,-3.75890217],[-38.54850526,-3.75974709],[-38.54597659,-3.76207533],[-38.54081407,-3.76369125],[-38.5430402,-3.77100098],[-38.54416621,-3.77015302],[-38.54508608,-3.77001497],[-38.5468641,-3.76884957],[-38.5495401,-3.76853919],[-38.55005356,-3.76946532],[-38.54991467,-3.76955234],[-38.55038345,-3.77091835],[-38.55943185,-3.76765934],[-38.55959568,-3.76755481],[-38.55971441,-3.76699364]]]}},{"type":"Feature","properties":{"bairro":"Serrinha","ais":"AIS 06","crpm":"1º CRPM","bpm":"6º BPM","populacao_2010":28770,"idhb_2010":0.282916146577635,"idhb_educacao_2010":0.9301619433198381,"idhb_longevidade_2010":0.29736408566721584,"idhb_renda_2010":0.08187025076820971},"geometry":{"type":"Polygon","coordinates":[[[-38.52794734,-3.78449648],[-38.53124852,-3.79630525],[-38.53165088,-3.79698689],[-38.53219628,-3.79584034],[-38.53424601,-3.79394024],[-38.53537647,-3.79269525],[-38.53707422,-3.79150267],[-38.54721987,-3.78791942],[-38.55308274,-3.78479789],[-38.55341515,-3.78455871],[-38.55390501,-3.78389627],[-38.55152082,-3.77794815],[-38.55265362,-3.77759597],[-38.55038345,-3.77091835],[-38.55026492,-3.77105596],[-38.55034132,-3.77148276],[-38.5508139,-3.77289958],[-38.55095727,-3.77374939],[-38.55090395,-3.77429991],[-38.55056634,-3.77519526],[-38.55014996,-3.77576279],[-38.54705376,-3.77847922],[-38.54650424,-3.77882452],[-38.54547729,-3.77926597],[-38.52893859,-3.78435724],[-38.52794734,-3.78449648]]]}},{"type":"Feature","properties":{"bairro":"Vila Peri","ais":"AIS 06","crpm":"1º CRPM","bpm":"6º BPM","populacao_2010":20645,"idhb_2010":0.34174352942206476,"idhb_educacao_2010":0.9635627530364373,"idhb_longevidade_2010":0.4917627677100494,"idhb_renda_2010":0.08422969982077544},"geometry":{"type":"Polygon","coordinates":[[[-38.57465736,-3.79082838],[-38.57813576,-3.79071384],[-38.57810128,-3.7900654],[-38.58301213,-3.79535822],[-38.58417948,-3.79424103],[-38.58636983,-3.79662691],[-38.5886185,-3.79100259],[-38.58568775,-3.78798128],[-38.58482584,-3.78732278],[-38.58446651,-3.78655971],[-38.58344885,-3.78509382],[-38.57942204,-3.78045814],[-38.57685219,-3.78209718],[-38.57447294,-3.78393229],[-38.57289321,-3.78480417],[-38.57384579,-3.78603189],[-38.57435943,-3.78722158],[-38.57455196,-3.78824046],[-38.57465736,-3.79082838]]]}},{"type":"Feature","properties":{"bairro":"Vila União","ais":"AIS 06","crpm":"1º CRPM","bpm":"6º BPM","populacao_2010":15378,"idhb_2010":0.46707858647625583,"idhb_educacao_2010":0.9665991902834008,"idhb_longevidade_2010":0.5387149917627676,"idhb_renda_2010":0.19568808492847095},"geometry":{"type":"Polygon","coordinates":[[[-38.5430402,-3.77100098],[-38.54037172,-3.76224062],[-38.53626132,-3.763502],[-38.53543802,-3.76082314],[-38.52953692,-3.76263636],[-38.53035759,-3.76478265],[-38.52873956,-3.76548352],[-38.52929673,-3.76832617],[-38.52950003,-3.76871466],[-38.53008776,-3.76901337],[-38.53029182,-3.76929011],[-38.53057655,-3.76917215],[-38.53066307,-3.76939599],[-38.53107146,-3.76945837],[-38.53132498,-3.76984082],[-38.53153537,-3.76985958],[-38.53168806,-3.77024851],[-38.53181562,-3.77020059],[-38.53193067,-3.77046293],[-38.53229865,-3.77043247],[-38.53270854,-3.77242206],[-38.53616145,-3.77161425],[-38.53811422,-3.77266549],[-38.5384566,-3.77272563],[-38.53879032,-3.77253331],[-38.53889095,-3.77207287],[-38.54051339,-3.77193119],[-38.54229609,-3.77142723],[-38.5430402,-3.77100098]]]}},{"type":"Feature","properties":{"bairro":"Álvaro Weyne","ais":"AIS 05","crpm":"1º CRPM","bpm":"5º BPM","populacao_2010":23690,"idhb_2010":0.3646635267559346,"idhb_educacao_2010":0.9598178137651822,"idhb_longevidade_2010":0.5345963756177924,"idhb_renda_2010":0.09450660616497432},"geometry":{"type":"Polygon","coordinates":[[[-38.56900649,-3.72187429],[-38.57376347,-3.71928099],[-38.57334965,-3.71820943],[-38.57437542,-3.71774885],[-38.57228626,-3.71230848],[-38.56920176,-3.71337596],[-38.56831276,-3.71075296],[-38.56412575,-3.71214847],[-38.56344384,-3.71008692],[-38.56121863,-3.71054374],[-38.55886716,-3.71124241],[-38.56157179,-3.71937375],[-38.56812813,-3.7211782],[-38.56863395,-3.7214559],[-38.56900649,-3.72187429]]]}},{"type":"Feature","properties":{"bairro":"Parangaba","ais":"AIS 06","crpm":"1º CRPM","bpm":"6º BPM","populacao_2010":30947,"idhb_2010":0.41891909635652486,"idhb_educacao_2010":0.9676113360323886,"idhb_longevidade_2010":0.4736408566721581,"idhb_renda_2010":0.1604132982875721},"geometry":{"type":"Polygon","coordinates":[[[-38.57468472,-3.791456],[-38.57455196,-3.78824046],[-38.57437822,-3.78728597],[-38.57384579,-3.78603189],[-38.57289321,-3.78480417],[-38.57447294,-3.78393229],[-38.57685219,-3.78209718],[-38.57942204,-3.78045814],[-38.57486948,-3.77529419],[-38.57085757,-3.77102699],[-38.57038052,-3.77009139],[-38.56968834,-3.76761437],[-38.56906668,-3.76690286],[-38.56802945,-3.76610188],[-38.56670831,-3.76413909],[-38.56508541,-3.7650005],[-38.55981364,-3.76723638],[-38.55971441,-3.76699364],[-38.55958161,-3.76769814],[-38.55963302,-3.76852605],[-38.56109388,-3.77303022],[-38.56150061,-3.77381429],[-38.56236913,-3.7746064],[-38.56227797,-3.77471993],[-38.56163043,-3.77441049],[-38.56105705,-3.77434494],[-38.55640041,-3.77468032],[-38.55520073,-3.77464936],[-38.55434654,-3.77492987],[-38.55455754,-3.77561468],[-38.55488708,-3.77572792],[-38.55575607,-3.77654353],[-38.55152082,-3.77794815],[-38.55390501,-3.78389627],[-38.55450196,-3.78301081],[-38.55495601,-3.78262352],[-38.5598669,-3.77998561],[-38.56063957,-3.77939835],[-38.56401631,-3.78351615],[-38.56411334,-3.78381241],[-38.56578007,-3.78329069],[-38.56669901,-3.78636098],[-38.5667383,-3.78755445],[-38.56706311,-3.78765953],[-38.56745568,-3.78803995],[-38.56877312,-3.78815816],[-38.57026214,-3.78874746],[-38.57063595,-3.78907273],[-38.57178734,-3.79059148],[-38.57468472,-3.791456]]]}},{"type":"Feature","properties":{"bairro":"Pici","ais":"AIS 18","crpm":"1º CRPM","bpm":"18º BPM","populacao_2010":42494,"idhb_2010":0.21864927248647165,"idhb_educacao_2010":0.9291497975708503,"idhb_longevidade_2010":0.20757825370675448,"idhb_renda_2010":0.054197158720459375},"geometry":{"type":"Polygon","coordinates":[[[-38.56721107,-3.74139635],[-38.56595993,-3.74257661],[-38.56485846,-3.74392101],[-38.56655954,-3.74589393],[-38.56581551,-3.74665529],[-38.56640922,-3.74720015],[-38.5653621,-3.74820594],[-38.56610717,-3.74898032],[-38.56582913,-3.74926774],[-38.57016701,-3.7561129],[-38.56959253,-3.75648704],[-38.57178015,-3.75987892],[-38.5723962,-3.76109716],[-38.57419132,-3.76041209],[-38.57876408,-3.75800516],[-38.57883928,-3.75595398],[-38.58231571,-3.75342024],[-38.58244317,-3.75357975],[-38.5845063,-3.74942974],[-38.58464019,-3.74876105],[-38.58487708,-3.744425],[-38.5845897,-3.74424159],[-38.58403613,-3.74329598],[-38.58362838,-3.74294951],[-38.58316442,-3.7429421],[-38.58271312,-3.74261958],[-38.58246146,-3.74261467],[-38.58222485,-3.74230543],[-38.58013157,-3.74180569],[-38.57890449,-3.74132583],[-38.57782585,-3.73971498],[-38.57706161,-3.73910115],[-38.57629669,-3.73866345],[-38.57562457,-3.73873022],[-38.57423293,-3.73819097],[-38.57330702,-3.73740303],[-38.57331879,-3.73719594],[-38.56922346,-3.73673032],[-38.56928828,-3.73820016],[-38.56918292,-3.73870233],[-38.56721107,-3.74139635]]]}},{"type":"Feature","properties":{"bairro":"Praia do Futuro I","ais":"AIS 22","crpm":"5º CRPM","bpm":"22º BPM","populacao_2010":6630,"idhb_2010":0.29136449941065734,"idhb_educacao_2010":0.8856275303643725,"idhb_longevidade_2010":0.1630971993410214,"idhb_renda_2010":0.1712427893541191},"geometry":{"type":"Polygon","coordinates":[[[-38.45635947,-3.73028757],[-38.4561905,-3.73110699],[-38.45495457,-3.73307303],[-38.45323673,-3.73680846],[-38.45227127,-3.73839616],[-38.4520119,-3.73928247],[-38.4504457,-3.7420008],[-38.44977759,-3.74358008],[-38.44792909,-3.74707135],[-38.44979272,-3.74812196],[-38.45032663,-3.74713229],[-38.45547851,-3.74963222],[-38.46395812,-3.73205949],[-38.46214946,-3.73278229],[-38.46168567,-3.7327877],[-38.45635947,-3.73028757]]]}},{"type":"Feature","properties":{"bairro":"Cais do Porto","ais":"AIS 08","crpm":"5º CRPM","bpm":"8º BPM","populacao_2010":22382,"idhb_2010":0.22356618327882444,"idhb_educacao_2010":0.8927125506072875,"idhb_longevidade_2010":0.27841845140032945,"idhb_renda_2010":0.04495817606109423},"geometry":{"type":"Polygon","coordinates":[[[-38.47900207,-3.72198347],[-38.47938684,-3.72090701],[-38.47889401,-3.72069431],[-38.47909288,-3.71993518],[-38.47889893,-3.7199062],[-38.47870204,-3.72034994],[-38.47808299,-3.72021745],[-38.47792428,-3.72046277],[-38.47768851,-3.72031635],[-38.47791686,-3.71996481],[-38.47766948,-3.72030342],[-38.4772219,-3.71991324],[-38.47716012,-3.71999795],[-38.47655127,-3.71960414],[-38.47627832,-3.71925584],[-38.47667871,-3.71897236],[-38.47626188,-3.71921139],[-38.47604373,-3.71859543],[-38.47598436,-3.71817645],[-38.47615901,-3.71767874],[-38.47658172,-3.71727069],[-38.47704905,-3.71747802],[-38.47753792,-3.71728913],[-38.4772153,-3.71626082],[-38.47738122,-3.7154756],[-38.47727271,-3.71531695],[-38.4826167,-3.71228965],[-38.48289825,-3.71102377],[-38.48332829,-3.70987873],[-38.48307938,-3.70980784],[-38.48242267,-3.71219897],[-38.47721366,-3.71515346],[-38.47524227,-3.71227206],[-38.47316974,-3.70638714],[-38.47542625,-3.70419177],[-38.47480607,-3.7035145],[-38.47543011,-3.70252252],[-38.47606063,-3.70181652],[-38.47625129,-3.70118163],[-38.47948548,-3.70021478],[-38.48199972,-3.69909131],[-38.48241673,-3.69911544],[-38.4825597,-3.69900786],[-38.48250034,-3.69873254],[-38.48217867,-3.69874429],[-38.47974774,-3.69985587],[-38.47358777,-3.70163549],[-38.47280094,-3.70248477],[-38.4705111,-3.70679175],[-38.4686164,-3.70773606],[-38.46783011,-3.70781936],[-38.46763917,-3.70832197],[-38.46715055,-3.70862084],[-38.46045936,-3.70510766],[-38.46045933,-3.70544464],[-38.46383957,-3.70724249],[-38.46403002,-3.70754186],[-38.46387413,-3.70920525],[-38.46354665,-3.71079807],[-38.46348342,-3.71275281],[-38.46140046,-3.71912441],[-38.46248011,-3.71947539],[-38.4635721,-3.7201702],[-38.47440358,-3.72544109],[-38.47583413,-3.72243022],[-38.47691576,-3.72190542],[-38.47833766,-3.72173203],[-38.47850315,-3.72154659],[-38.47900207,-3.72198347]]]}},{"type":"Feature","properties":{"bairro":"Cidade 2000","ais":"AIS 22","crpm":"5º CRPM","bpm":"22º BPM","populacao_2010":8272,"idhb_2010":0.5619469014194869,"idhb_educacao_2010":0.992914979757085,"idhb_longevidade_2010":0.7858319604612849,"idhb_renda_2010":0.2274280835835558},"geometry":{"type":"Polygon","coordinates":[[[-38.4691614,-3.75488785],[-38.47625985,-3.75259744],[-38.47461652,-3.74742453],[-38.46745181,-3.74969248],[-38.4691614,-3.75488785]]]}},{"type":"Feature","properties":{"bairro":"Manuel Dias Branco","ais":"AIS 22","crpm":"5º CRPM","bpm":"22º BPM","populacao_2010":1447,"idhb_2010":0.3371966076582735,"idhb_educacao_2010":0.9200404858299596,"idhb_longevidade_2010":0.14250411861614495,"idhb_renda_2010":0.2924254960836654},"geometry":{"type":"Polygon","coordinates":[[[-38.47179599,-3.76257144],[-38.47135083,-3.76112089],[-38.47110243,-3.76102092],[-38.46745181,-3.74969248],[-38.46764503,-3.7496824],[-38.46671442,-3.74650032],[-38.45688678,-3.74966108],[-38.45627121,-3.7497594],[-38.45547851,-3.74963222],[-38.45094852,-3.75890504],[-38.45031813,-3.76044919],[-38.44976716,-3.7609886],[-38.4495119,-3.76147464],[-38.44645874,-3.7678771],[-38.44600204,-3.76910955],[-38.44573243,-3.76945534],[-38.44469378,-3.77167523],[-38.44422293,-3.77245593],[-38.44358062,-3.77273322],[-38.44397074,-3.77336603],[-38.44364525,-3.77397623],[-38.44335115,-3.77414276],[-38.44357174,-3.77462851],[-38.44833873,-3.77131525],[-38.45140212,-3.76892304],[-38.45464472,-3.76699954],[-38.45551845,-3.7668098],[-38.45667052,-3.76684461],[-38.4577744,-3.76708244],[-38.45916358,-3.76772657],[-38.45993398,-3.76776824],[-38.46100418,-3.76761412],[-38.46586373,-3.76601392],[-38.46939906,-3.76503485],[-38.46992515,-3.76465389],[-38.47179599,-3.76257144]]]}},{"type":"Feature","properties":{"bairro":"Praia do Futuro II","ais":"AIS 22","crpm":"5º CRPM","bpm":"22º BPM","populacao_2010":11957,"idhb_2010":0.16790436640471648,"idhb_educacao_2010":0.8977732793522267,"idhb_longevidade_2010":0.07495881383855026,"idhb_renda_2010":0.07033906481614131},"geometry":{"type":"Polygon","coordinates":[[[-38.44792909,-3.74707135],[-38.4459304,-3.75069077],[-38.44264039,-3.75754179],[-38.44099868,-3.76035339],[-38.44038776,-3.76173938],[-38.43951979,-3.762722],[-38.43897108,-3.76384667],[-38.43799338,-3.76504281],[-38.43694356,-3.76719629],[-38.43617402,-3.76828183],[-38.43542805,-3.77021503],[-38.43535448,-3.77072318],[-38.43555697,-3.77111532],[-38.43600223,-3.77116247],[-38.43670088,-3.77064888],[-38.43713062,-3.77064206],[-38.43763933,-3.77094343],[-38.43789906,-3.77152297],[-38.43777971,-3.77247714],[-38.43609396,-3.7779715],[-38.43615836,-3.77894],[-38.43635024,-3.77952517],[-38.43701985,-3.78021289],[-38.43752295,-3.78045746],[-38.43807985,-3.78056006],[-38.43862005,-3.78024801],[-38.43865442,-3.77957211],[-38.43833569,-3.77840749],[-38.43876865,-3.7777858],[-38.44123338,-3.77655624],[-38.44258279,-3.77528762],[-38.44357174,-3.77462851],[-38.44335115,-3.77414276],[-38.44364525,-3.77397623],[-38.44397074,-3.77336603],[-38.44358062,-3.77273322],[-38.44422293,-3.77245593],[-38.44469378,-3.77167523],[-38.44573243,-3.76945534],[-38.44600204,-3.76910955],[-38.44645874,-3.7678771],[-38.4495119,-3.76147464],[-38.44976716,-3.7609886],[-38.45031813,-3.76044919],[-38.45094852,-3.75890504],[-38.45547851,-3.74963222],[-38.45032663,-3.74713229],[-38.44979272,-3.74812196],[-38.44792909,-3.74707135]]]}},{"type":"Feature","properties":{"bairro":"Planalto Ayrton Senna","ais":"AIS 21","crpm":"1º CRPM","bpm":"21º BPM","populacao_2010":39446,"idhb_2010":0.16831225386826276,"idhb_educacao_2010":0.9058704453441295,"idhb_longevidade_2010":0.14827018121911037,"idhb_renda_2010":0.03549991375000366},"geometry":{"type":"Polygon","coordinates":[[[-38.57963619,-3.82697282],[-38.57910433,-3.82619895],[-38.57913507,-3.82543532],[-38.57822093,-3.82261049],[-38.5740538,-3.8239656],[-38.57413798,-3.82428875],[-38.57338847,-3.82525651],[-38.57118726,-3.82674567],[-38.56958409,-3.82828695],[-38.56661832,-3.83062205],[-38.56534787,-3.83088858],[-38.56146754,-3.83233332],[-38.56547289,-3.84356801],[-38.56628218,-3.84363545],[-38.56739829,-3.84344919],[-38.58334879,-3.83939354],[-38.58344182,-3.8386726],[-38.57963619,-3.82697282]]]}},{"type":"Feature","properties":{"bairro":"De Lourdes","ais":"AIS 22","crpm":"5º CRPM","bpm":"22º BPM","populacao_2010":3370,"idhb_2010":0.641826217046421,"idhb_educacao_2010":0.9746963562753036,"idhb_longevidade_2010":0.31219110378912684,"idhb_renda_2010":0.8688853869116362},"geometry":{"type":"Polygon","coordinates":[[[-38.4636943,-3.74747204],[-38.46530837,-3.74383591],[-38.4652093,-3.74249166],[-38.46643396,-3.74015989],[-38.46689209,-3.73977597],[-38.46759844,-3.73951928],[-38.46900587,-3.73656249],[-38.46954006,-3.73553991],[-38.46969158,-3.73546826],[-38.46921437,-3.73381041],[-38.46881757,-3.73332265],[-38.46448436,-3.73194246],[-38.46395812,-3.73205949],[-38.45547851,-3.74963222],[-38.45627121,-3.7497594],[-38.45688678,-3.74966108],[-38.4636943,-3.74747204]]]}},{"type":"Feature","properties":{"bairro":"Olavo Oliveira","ais":"AIS 18","crpm":"1º CRPM","bpm":"18º BPM"},"geometry":{"type":"Polygon","coordinates":[[[-38.59616668,-3.72534242],[-38.58497617,-3.72863395],[-38.58458371,-3.73161616],[-38.592002,-3.73482935],[-38.59616668,-3.72534242]]]}},{"type":"Feature","properties":{"bairro":"Conjunto Palmeiras","ais":"AIS 16","crpm":"5º CRPM","bpm":"16º BPM","populacao_2010":36599,"idhb_2010":0.10672407171979945,"idhb_educacao_2010":0.9149797570850203,"idhb_longevidade_2010":0.13097199341021415,"idhb_renda_2010":0.010143719576076453},"geometry":{"type":"Polygon","coordinates":[[[-38.52322614,-3.8637444],[-38.53613156,-3.86076239],[-38.53917637,-3.85987843],[-38.54231933,-3.85919018],[-38.53949366,-3.84201164],[-38.53826456,-3.84044425],[-38.53585216,-3.84315253],[-38.53579279,-3.84290702],[-38.53529058,-3.84275829],[-38.53514587,-3.84220049],[-38.53556362,-3.84148839],[-38.53532323,-3.84116846],[-38.53533076,-3.84039579],[-38.53503378,-3.84012921],[-38.53430876,-3.84011814],[-38.53437981,-3.83946981],[-38.53424207,-3.83902925],[-38.53303198,-3.83803556],[-38.53251799,-3.83734925],[-38.53237287,-3.83701923],[-38.53231829,-3.83631244],[-38.53181276,-3.83592565],[-38.53109197,-3.83508093],[-38.53102913,-3.83467859],[-38.53053779,-3.83393314],[-38.53031452,-3.83325799],[-38.52901144,-3.83467357],[-38.52876617,-3.83472754],[-38.52385494,-3.83957245],[-38.52317708,-3.83962172],[-38.52165904,-3.83876013],[-38.52168848,-3.84182357],[-38.51957365,-3.84363814],[-38.51877443,-3.84268973],[-38.51756523,-3.8436478],[-38.51855932,-3.84492687],[-38.51882928,-3.84467179],[-38.51956007,-3.84647977],[-38.52028583,-3.84650287],[-38.52110798,-3.84974434],[-38.52009738,-3.8501589],[-38.52100535,-3.85229656],[-38.52172522,-3.85203189],[-38.52242348,-3.85439794],[-38.52282013,-3.85420831],[-38.52402467,-3.85318675],[-38.52359815,-3.85553395],[-38.52329199,-3.85820355],[-38.52316293,-3.8610427],[-38.52322614,-3.8637444]]]}},{"type":"Feature","properties":{"bairro":"São Bento","ais":"AIS 16","crpm":"5º CRPM","bpm":"16º BPM","populacao_2010":11964,"idhb_2010":0.19828737819261735,"idhb_educacao_2010":0.9251012145748989,"idhb_longevidade_2010":0.14744645799011533,"idhb_renda_2010":0.057155972154407965},"geometry":{"type":"Polygon","coordinates":[[[-38.47376095,-3.85475431],[-38.47407418,-3.85479114],[-38.47453324,-3.85451922],[-38.47497012,-3.8545192],[-38.47523112,-3.8546133],[-38.4758458,-3.85525209],[-38.47590761,-3.85606898],[-38.47568881,-3.85679096],[-38.47536591,-3.85731495],[-38.47534471,-3.85781801],[-38.4754387,-3.85805913],[-38.47625207,-3.85813212],[-38.47777402,-3.85921117],[-38.47802379,-3.85980817],[-38.47804391,-3.86022701],[-38.47753385,-3.86077096],[-38.4773459,-3.861211],[-38.47777404,-3.86200721],[-38.47796235,-3.8622373],[-38.4797127,-3.86227709],[-38.48019174,-3.86274808],[-38.48082185,-3.8636732],[-38.48119715,-3.86368315],[-38.48159323,-3.86341105],[-38.48239035,-3.86313454],[-38.48304714,-3.86313457],[-38.48429319,-3.86388172],[-38.48442717,-3.86426076],[-38.48557482,-3.86461848],[-38.49154646,-3.86354155],[-38.49101883,-3.86047197],[-38.49168853,-3.85821325],[-38.49194106,-3.85667576],[-38.48274693,-3.8552296],[-38.48268302,-3.85466677],[-38.4830101,-3.85364786],[-38.48305789,-3.85297632],[-38.48278001,-3.84932427],[-38.48218721,-3.84638952],[-38.48044284,-3.84506745],[-38.47991904,-3.84530497],[-38.47844931,-3.84640252],[-38.47711569,-3.84790321],[-38.47376095,-3.85475431]]]}},{"type":"Feature","properties":{"bairro":"Novo Mondubim","ais":"AIS 21","crpm":"1º CRPM","bpm":"21º BPM"},"geometry":{"type":"Polygon","coordinates":[[[-38.59428172,-3.80758093],[-38.58935569,-3.80204649],[-38.58793296,-3.80060855],[-38.58819611,-3.80142198],[-38.58815138,-3.801967],[-38.58793466,-3.80252088],[-38.5874185,-3.803057],[-38.58599491,-3.80396413],[-38.58526741,-3.80285318],[-38.58492185,-3.8036015],[-38.58414478,-3.80425381],[-38.58371631,-3.80361788],[-38.58206514,-3.80282483],[-38.58075508,-3.80178175],[-38.57966587,-3.80202429],[-38.57854825,-3.80184554],[-38.57673166,-3.80366175],[-38.57592747,-3.80539086],[-38.57640638,-3.80607323],[-38.57788629,-3.80744578],[-38.57845909,-3.80850829],[-38.58277035,-3.81317492],[-38.58438612,-3.8154945],[-38.58627406,-3.81505808],[-38.58719997,-3.81447789],[-38.59105381,-3.80998034],[-38.59211272,-3.80928361],[-38.59208779,-3.80908418],[-38.59428172,-3.80758093]]]}},{"type":"Feature","properties":{"bairro":"Vicente Pinzón","ais":"AIS 08","crpm":"5º CRPM","bpm":"8º BPM","populacao_2010":45518,"idhb_2010":0.33147193382020806,"idhb_educacao_2010":0.9261133603238867,"idhb_longevidade_2010":0.30230642504118616,"idhb_renda_2010":0.1300854605895991},"geometry":{"type":"Polygon","coordinates":[[[-38.4827102,-3.73250761],[-38.48033812,-3.72867241],[-38.48020991,-3.72754448],[-38.48030876,-3.72429203],[-38.47953868,-3.72251508],[-38.47850315,-3.72154659],[-38.47833766,-3.72173203],[-38.47691576,-3.72190542],[-38.47583413,-3.72243022],[-38.47440358,-3.72544109],[-38.4635721,-3.7201702],[-38.46248011,-3.71947539],[-38.46140046,-3.71912441],[-38.45953222,-3.7237115],[-38.45718538,-3.72851649],[-38.45718543,-3.72902355],[-38.45635947,-3.73028757],[-38.46168567,-3.7327877],[-38.46214946,-3.73278229],[-38.46450058,-3.73194344],[-38.46863688,-3.73322429],[-38.46916626,-3.73370857],[-38.46980236,-3.73583872],[-38.47019322,-3.73614473],[-38.48017414,-3.73333132],[-38.4827102,-3.73250761]]]}},{"type":"Feature","properties":{"bairro":"Boa Vista / Castelão","ais":"AIS 19","crpm":"5º CRPM","bpm":"19º BPM","populacao_2010":12247,"idhb_2010":0.2857484981420493,"idhb_educacao_2010":0.9432210921299498,"idhb_longevidade_2010":0.23679268392259328,"idhb_renda_2010":0.10446482608199888},"geometry":{"type":"Polygon","coordinates":[[[-38.53141684,-3.79757789],[-38.52940359,-3.7967585],[-38.52868638,-3.79619672],[-38.5279175,-3.79590093],[-38.52741837,-3.79523608],[-38.52663373,-3.79272692],[-38.52576034,-3.79283878],[-38.52482458,-3.79210616],[-38.52446022,-3.79200245],[-38.52310804,-3.79217211],[-38.52202202,-3.79276351],[-38.52113369,-3.79261912],[-38.52077331,-3.7921481],[-38.52081656,-3.79119638],[-38.52060097,-3.79020792],[-38.5195532,-3.78978701],[-38.51927716,-3.78905727],[-38.51906863,-3.78894482],[-38.51865519,-3.78897993],[-38.51832757,-3.78834609],[-38.51766693,-3.78776004],[-38.51706983,-3.78742478],[-38.51692874,-3.78977802],[-38.5174402,-3.79238209],[-38.51453673,-3.79303059],[-38.51475959,-3.793833],[-38.51451776,-3.79484266],[-38.51412657,-3.79553668],[-38.51358744,-3.79562094],[-38.51319016,-3.7959792],[-38.5130504,-3.79647266],[-38.51309899,-3.79721363],[-38.51381269,-3.7973087],[-38.51436646,-3.79800451],[-38.51449244,-3.79854357],[-38.51424911,-3.79886215],[-38.51426972,-3.79908684],[-38.51496556,-3.79965777],[-38.51543384,-3.80042233],[-38.51540718,-3.80090765],[-38.51501624,-3.80115357],[-38.51518489,-3.80180498],[-38.5149666,-3.80229146],[-38.51515667,-3.80283812],[-38.51516759,-3.80353615],[-38.51483882,-3.80383512],[-38.51468027,-3.80422759],[-38.51475113,-3.80446367],[-38.51531208,-3.80469561],[-38.51541878,-3.80489763],[-38.51530957,-3.80580891],[-38.51477341,-3.80619486],[-38.51467147,-3.80647628],[-38.5152064,-3.80716956],[-38.51489818,-3.80778284],[-38.51519885,-3.80942394],[-38.51480596,-3.80977588],[-38.51474112,-3.81000368],[-38.51511574,-3.81113862],[-38.52217692,-3.8093905],[-38.52293121,-3.80909414],[-38.523343,-3.80878989],[-38.52434086,-3.80766689],[-38.52423206,-3.80726193],[-38.52439306,-3.80688616],[-38.52476063,-3.80668713],[-38.52517275,-3.80676495],[-38.52965453,-3.80177118],[-38.52997577,-3.80124055],[-38.53141684,-3.79757789]]]}},{"type":"Feature","properties":{"bairro":"Manoel Sátiro","ais":"AIS 21","crpm":"1º CRPM","bpm":"21º BPM","populacao_2010":37952,"idhb_2010":0.2921586516921607,"idhb_educacao_2010":0.9564777327935223,"idhb_longevidade_2010":0.3088962108731466,"idhb_renda_2010":0.0844051235421558},"geometry":{"type":"Polygon","coordinates":[[[-38.58793296,-3.80060855],[-38.57810128,-3.7900654],[-38.57813576,-3.79071384],[-38.57465736,-3.79082838],[-38.57481982,-3.79814883],[-38.57516034,-3.80332237],[-38.57535334,-3.80438403],[-38.57583911,-3.80549632],[-38.57673166,-3.80366175],[-38.57854825,-3.80184554],[-38.57966587,-3.80202429],[-38.58075508,-3.80178175],[-38.58206514,-3.80282483],[-38.58371631,-3.80361788],[-38.58414478,-3.80425381],[-38.58492185,-3.8036015],[-38.58526741,-3.80285318],[-38.58599491,-3.80396413],[-38.5877596,-3.80277099],[-38.58807414,-3.80226779],[-38.58818709,-3.80167811],[-38.58793296,-3.80060855]]]}},{"type":"Feature","properties":{"bairro":"Conjunto Ceará I","ais":"AIS 17","crpm":"1º CRPM","bpm":"17º BPM","populacao_2010":19221,"idhb_2010":0.3599706671344753,"idhb_educacao_2010":0.9827935222672064,"idhb_longevidade_2010":0.4456342668863262,"idhb_renda_2010":0.10650266497870063},"geometry":{"type":"Polygon","coordinates":[[[-38.59745045,-3.77007756],[-38.60237489,-3.77106621],[-38.6050541,-3.77067001],[-38.60660433,-3.76984224],[-38.60751207,-3.76882822],[-38.60808799,-3.76837929],[-38.61016004,-3.76711841],[-38.61318747,-3.76485809],[-38.61439645,-3.76346769],[-38.6145605,-3.76341475],[-38.61184702,-3.75727345],[-38.60797405,-3.75881617],[-38.60751173,-3.75870279],[-38.60512258,-3.75964864],[-38.60374986,-3.75997177],[-38.60116807,-3.7668988],[-38.59871132,-3.76585656],[-38.59771912,-3.76590349],[-38.59730087,-3.76610649],[-38.59699556,-3.76645283],[-38.5968773,-3.76717935],[-38.59745045,-3.77007756]]]}},{"type":"Feature","properties":{"bairro":"Conjunto Ceará II","ais":"AIS 17","crpm":"1º CRPM","bpm":"17º BPM","populacao_2010":23673,"idhb_2010":0.3617245363026446,"idhb_educacao_2010":0.979757085020243,"idhb_longevidade_2010":0.4719934102141681,"idhb_renda_2010":0.10234804651067599},"geometry":{"type":"Polygon","coordinates":[[[-38.61260388,-3.77617945],[-38.62145317,-3.77702868],[-38.61816652,-3.77066715],[-38.61679291,-3.76882885],[-38.61694671,-3.7686642],[-38.6145605,-3.76341475],[-38.6127833,-3.76520104],[-38.61016004,-3.76711841],[-38.60808799,-3.76837929],[-38.60751207,-3.76882822],[-38.60660433,-3.76984224],[-38.60552339,-3.77049036],[-38.6046704,-3.77076612],[-38.60237489,-3.77106621],[-38.59745045,-3.77007756],[-38.59796439,-3.77264469],[-38.59816513,-3.77307581],[-38.59867364,-3.77330943],[-38.60026025,-3.7731756],[-38.60144432,-3.77450496],[-38.60177705,-3.77467331],[-38.61260388,-3.77617945]]]}},{"type":"Feature","properties":{"bairro":"Parque Presidente Vargas","ais":"AIS 21","crpm":"1º CRPM","bpm":"21º BPM","populacao_2010":7192,"idhb_2010":0.13518947540055073,"idhb_educacao_2010":0.9008097165991903,"idhb_longevidade_2010":0.19275123558484347,"idhb_renda_2010":0.014229787532636127},"geometry":{"type":"Polygon","coordinates":[[[-38.59641885,-3.83343526],[-38.60735256,-3.8277683],[-38.60349459,-3.82052982],[-38.60078821,-3.81730861],[-38.59941965,-3.81822446],[-38.60036042,-3.81967307],[-38.59377737,-3.82411433],[-38.59453987,-3.82527517],[-38.59241592,-3.82672282],[-38.59245573,-3.82718907],[-38.59265201,-3.82748579],[-38.59251894,-3.82758582],[-38.59641885,-3.83343526]]]}},{"type":"Feature","properties":{"bairro":"Engenheiro Luciano Cavalcante","ais":"AIS 22","crpm":"5º CRPM","bpm":"22º BPM","populacao_2010":15543,"idhb_2010":0.5223773718191421,"idhb_educacao_2010":0.9676113360323886,"idhb_longevidade_2010":0.3920922570016474,"idhb_renda_2010":0.37571960272374566},"geometry":{"type":"Polygon","coordinates":[[[-38.50192696,-3.7756502],[-38.50102211,-3.77276844],[-38.49894016,-3.77343891],[-38.49773978,-3.76949089],[-38.49606573,-3.76574388],[-38.49143748,-3.76855693],[-38.48763327,-3.77003649],[-38.48724778,-3.76900248],[-38.48739125,-3.76721511],[-38.48348175,-3.76686311],[-38.48234172,-3.76648825],[-38.48183171,-3.77144411],[-38.48166666,-3.77483014],[-38.48067772,-3.78692362],[-38.48573154,-3.78736873],[-38.49079798,-3.78673698],[-38.49212535,-3.78681231],[-38.49303543,-3.78704342],[-38.49491606,-3.78653092],[-38.49396532,-3.78328152],[-38.49487251,-3.78301153],[-38.49512244,-3.78213689],[-38.49585133,-3.78147994],[-38.49645403,-3.78063413],[-38.4978249,-3.77972433],[-38.49887367,-3.77936869],[-38.49927331,-3.77763027],[-38.49976963,-3.77693723],[-38.49972914,-3.77636262],[-38.50192696,-3.7756502]]]}},{"type":"Feature","properties":{"bairro":"Guajeru","ais":"AIS 16","crpm":"5º CRPM","bpm":"16º BPM","populacao_2010":6668,"idhb_2010":0.2888101443997123,"idhb_educacao_2010":0.9473684210526315,"idhb_longevidade_2010":0.2331136738056013,"idhb_renda_2010":0.1090813936829918},"geometry":{"type":"Polygon","coordinates":[[[-38.47443914,-3.82629562],[-38.47544558,-3.83178706],[-38.47408814,-3.83284988],[-38.47825359,-3.83746704],[-38.47927643,-3.83918088],[-38.47984143,-3.83864183],[-38.48027539,-3.83880014],[-38.4809373,-3.83833808],[-38.48513136,-3.83622948],[-38.48378044,-3.83367007],[-38.4824809,-3.8338386],[-38.48217048,-3.82820478],[-38.48086966,-3.82740096],[-38.47955148,-3.82569548],[-38.47890173,-3.82555392],[-38.47443914,-3.82629562]]]}},{"type":"Feature","properties":{"bairro":"Prefeito José Walter","ais":"AIS 21","crpm":"1º CRPM","bpm":"21º BPM","populacao_2010":33427,"idhb_2010":0.39526987227750426,"idhb_educacao_2010":0.965587044534413,"idhb_longevidade_2010":0.5889621087314663,"idhb_renda_2010":0.10859313099181647},"geometry":{"type":"Polygon","coordinates":[[[-38.54135871,-3.85336727],[-38.54464097,-3.85215924],[-38.54531211,-3.85178861],[-38.5506731,-3.84962105],[-38.55088345,-3.8493667],[-38.55727016,-3.84684538],[-38.55729219,-3.84692689],[-38.56557068,-3.84386813],[-38.55952488,-3.82675383],[-38.55918692,-3.82686285],[-38.55888272,-3.82559956],[-38.55869383,-3.82291553],[-38.55811484,-3.82106806],[-38.54972657,-3.82363112],[-38.54376511,-3.824566],[-38.53873946,-3.82575309],[-38.53439008,-3.82783363],[-38.52833355,-3.82910559],[-38.52844666,-3.82942433],[-38.52962222,-3.82975232],[-38.53025292,-3.83033111],[-38.53081648,-3.83044834],[-38.53107365,-3.83068232],[-38.53123238,-3.83171007],[-38.5309195,-3.83250372],[-38.53034942,-3.83311878],[-38.53042613,-3.83367852],[-38.53102913,-3.83467859],[-38.5312206,-3.83526538],[-38.53231829,-3.83631244],[-38.53237287,-3.83701923],[-38.53252661,-3.83736165],[-38.53303198,-3.83803556],[-38.53424207,-3.83902925],[-38.53437981,-3.83946981],[-38.53430876,-3.84011814],[-38.53503378,-3.84012921],[-38.53533076,-3.84039579],[-38.53532323,-3.84116846],[-38.53556362,-3.84148839],[-38.53514587,-3.84220049],[-38.53529058,-3.84275829],[-38.53579279,-3.84290702],[-38.53585216,-3.84315253],[-38.53826456,-3.84044425],[-38.53949366,-3.84201164],[-38.54135871,-3.85336727]]]}},{"type":"Feature","properties":{"bairro":"Parque Santa Maria","ais":"AIS 16","crpm":"5º CRPM","bpm":"16º BPM"},"geometry":{"type":"Polygon","coordinates":[[[-38.4941903,-3.83901008],[-38.49459155,-3.84716095],[-38.49542808,-3.85216957],[-38.49543923,-3.85306215],[-38.49683193,-3.86039946],[-38.50198678,-3.85946696],[-38.50242906,-3.85989437],[-38.50667751,-3.85611943],[-38.50609446,-3.85481542],[-38.5051098,-3.85191799],[-38.50386089,-3.84882964],[-38.50177929,-3.84491175],[-38.49967033,-3.84270012],[-38.49715468,-3.8403657],[-38.49532633,-3.83979026],[-38.4941903,-3.83901008]]]}},{"type":"Feature","properties":{"bairro":"Tauape","ais":"AIS 22","crpm":"5º CRPM","bpm":"22º BPM","populacao_2010":27598,"idhb_2010":0.49153686585946654,"idhb_educacao_2010":0.9605263157894738,"idhb_longevidade_2010":0.6490939044481054,"idhb_renda_2010":0.19048092413216422},"geometry":{"type":"Polygon","coordinates":[[[-38.50438218,-3.76217368],[-38.50819287,-3.7626203],[-38.50862149,-3.76254835],[-38.51014791,-3.76279917],[-38.51106886,-3.76274975],[-38.5127035,-3.76239505],[-38.51403161,-3.76248571],[-38.51654669,-3.76157911],[-38.5172767,-3.76106268],[-38.51798076,-3.76018521],[-38.5189979,-3.76006581],[-38.51919677,-3.75896726],[-38.51961936,-3.75799091],[-38.52049691,-3.75353987],[-38.50731472,-3.75199831],[-38.50495585,-3.7527514],[-38.50227943,-3.75333655],[-38.50116602,-3.75249608],[-38.50012151,-3.75200611],[-38.49631446,-3.75117256],[-38.49560935,-3.75090613],[-38.49479403,-3.75028784],[-38.49391152,-3.74919785],[-38.4902293,-3.7503739],[-38.49065855,-3.75230907],[-38.49201687,-3.75215895],[-38.49278862,-3.7522872],[-38.49607947,-3.75475002],[-38.49867997,-3.75566034],[-38.49992667,-3.75583572],[-38.50081133,-3.75627218],[-38.50105845,-3.75672815],[-38.50162789,-3.75716229],[-38.50200218,-3.75772342],[-38.50201321,-3.75821405],[-38.50250214,-3.75976642],[-38.50322107,-3.7615507],[-38.50352513,-3.76182869],[-38.50438218,-3.76217368]]]}},{"type":"Feature","properties":{"bairro":"Sapiranga / Coité","ais":"AIS 19","crpm":"5º CRPM","bpm":"19º BPM","populacao_2010":32158,"idhb_2010":0.33782003888269524,"idhb_educacao_2010":0.937246963562753,"idhb_longevidade_2010":0.21499176276771007,"idhb_renda_2010":0.19132880545216926},"geometry":{"type":"Polygon","coordinates":[[[-38.46160374,-3.8077938],[-38.46405504,-3.80629094],[-38.46531355,-3.80520808],[-38.46562333,-3.80349691],[-38.46588778,-3.80082715],[-38.47935856,-3.80197525],[-38.48045857,-3.78944677],[-38.45925941,-3.78761456],[-38.45890332,-3.79192623],[-38.45824106,-3.79187611],[-38.45818549,-3.79257969],[-38.45714543,-3.79252064],[-38.45649083,-3.79265655],[-38.45569126,-3.79345942],[-38.45534625,-3.79357991],[-38.45506077,-3.79459717],[-38.45412598,-3.79686293],[-38.45410758,-3.79774652],[-38.45176495,-3.80077207],[-38.45145003,-3.80588923],[-38.45495091,-3.80636197],[-38.45764982,-3.80694299],[-38.45922229,-3.80742584],[-38.46160374,-3.8077938]]]}}]}