{"type":"FeatureCollection","name":"Divisões territoriais dos oito CRPMs","source":"DISTRI VTR (1).xlsx · limites IPECE 2026 · bairros IPLANFOR 2023","features":[{"type":"Feature","properties":{"crpm":"1º CRPM","batalhoes":["5º BPM","6º BPM","17º BPM","18º BPM","20º BPM","21º BPM"],"quantidade_batalhoes":6,"municipios_integrais":0,"bairros_fortaleza":72,"label_coordinates":[-38.56882,-3.773423]},"geometry":{"type":"Polygon","coordinates":[[[-38.6145605,-3.76341475],[-38.61184702,-3.75727345],[-38.61089111,-3.75570861],[-38.60934181,-3.75399615],[-38.60790615,-3.75286504],[-38.60133244,-3.74846557],[-38.60064174,-3.74733469],[-38.59894131867879,-3.7422597275136744],[-38.59946188,-3.74167786],[-38.60009065,-3.74150275],[-38.60046928,-3.74173008],[-38.60078386,-3.74172205],[-38.60105879,-3.74151207],[-38.60120592,-3.74119567],[-38.59886225,-3.74080537],[-38.60120439,-3.74114901],[-38.60165902,-3.73949784],[-38.60167863,-3.73750561],[-38.60182718,-3.73728575],[-38.60223704,-3.73707176],[-38.60230596,-3.73688894],[-38.601552,-3.73585663],[-38.60114356,-3.73444977],[-38.60136887,-3.73419275],[-38.60201997,-3.73390136],[-38.60364486,-3.73223697],[-38.60458321,-3.73055629],[-38.60483609,-3.72927898],[-38.60578533,-3.72796892],[-38.60599819,-3.72706936],[-38.6063004,-3.72687629],[-38.60682935,-3.72679254],[-38.60867682,-3.72558033],[-38.60874608,-3.72509229],[-38.60930081,-3.72462317],[-38.60943243,-3.72402164],[-38.60966418,-3.72397624],[-38.61018522,-3.724226],[-38.61045124,-3.72354811],[-38.61094717,-3.7236168],[-38.61131948,-3.72352769],[-38.61164034,-3.72319304],[-38.61231701,-3.72302538],[-38.61350337,-3.72240509],[-38.61395796,-3.72241307],[-38.61478021,-3.72277293],[-38.61503394,-3.72245109],[-38.61513249,-3.72164966],[-38.61619732,-3.72078724],[-38.61666127,-3.72073656],[-38.61694331,-3.7209329],[-38.61711564,-3.72124576],[-38.6170987,-3.72190219],[-38.61721807,-3.7220734],[-38.61751231,-3.72209305],[-38.61797209,-3.72127225],[-38.61804144,-3.72063524],[-38.61786433,-3.72025362],[-38.61706051,-3.72012658],[-38.61672317,-3.71975971],[-38.6167321,-3.71956287],[-38.61723387964538,-3.7188598539200726],[-38.61783826,-3.71866047],[-38.61811486,-3.71882867],[-38.61854974,-3.71946437],[-38.61922202,-3.71954924],[-38.6195096,-3.71933582],[-38.6203418,-3.71795473],[-38.62053671,-3.71712521],[-38.62047336,-3.71635202],[-38.6194598,-3.71499427],[-38.61889475,-3.71217637],[-38.61810503,-3.71147537],[-38.61789836,-3.7109563],[-38.61784526,-3.71031073],[-38.61797704,-3.7099741],[-38.61834854,-3.70969937],[-38.62063741,-3.70995033],[-38.62111741,-3.70958158],[-38.62158716,-3.70729317],[-38.62246941,-3.70522793],[-38.62256662,-3.70355761],[-38.62223219,-3.70287618],[-38.62147285,-3.70245461],[-38.62059192,-3.70237887],[-38.61928655,-3.70272676],[-38.61694785,-3.70301511],[-38.61173782,-3.70329197],[-38.6089605,-3.70302052],[-38.60626076,-3.702358],[-38.60419947,-3.70252536],[-38.60057764,-3.70348777],[-38.59903745,-3.70352116],[-38.59735376,-3.70337456],[-38.5955816,-3.70301972],[-38.59423943,-3.70250628],[-38.59190893,-3.70097713],[-38.5907109,-3.70022009],[-38.58947278,-3.69919874],[-38.5875832,-3.69640598],[-38.58762661,-3.69252738],[-38.58727,-3.69172159],[-38.58666652,-3.69202502],[-38.58510044,-3.69317703],[-38.58371236,-3.69383],[-38.58140426,-3.69381815],[-38.58091134,-3.6927705],[-38.58128699,-3.69216256],[-38.58119369,-3.69208702],[-38.58069873,-3.69281381],[-38.5808446,-3.6932075],[-38.58066579,-3.69353057],[-38.57871944,-3.69539707],[-38.57785319,-3.69587496],[-38.5774601,-3.69592263],[-38.57643086,-3.69455588],[-38.57629711,-3.69465898],[-38.57721049,-3.69588994],[-38.57675675,-3.69678399],[-38.57548138,-3.69821955],[-38.57462338,-3.69875778],[-38.57418712,-3.69832487],[-38.5739835,-3.6982765],[-38.57403894,-3.69852596],[-38.57370524,-3.69880585],[-38.57226409,-3.69995343],[-38.57101284,-3.70064698],[-38.57062324,-3.69961267],[-38.57046932,-3.69958189],[-38.57035707,-3.69982026],[-38.57085658,-3.70070201],[-38.56842674,-3.70193403],[-38.56818875,-3.70208168],[-38.56814103,-3.70226124],[-38.56666351,-3.70288284],[-38.56497167,-3.70313332],[-38.56319345,-3.70317044],[-38.56207394,-3.70047186],[-38.56336333,-3.69869549],[-38.56418728,-3.69881909],[-38.56424204,-3.69868252],[-38.56331957,-3.69852887],[-38.56189941,-3.70047496],[-38.56319353,-3.70381031],[-38.5613558,-3.70479993],[-38.56002679,-3.7052013],[-38.55972892,-3.70516533],[-38.55905948,-3.70387195],[-38.5589684,-3.70394003],[-38.55926458,-3.70468635],[-38.55916911,-3.70488976],[-38.55888315,-3.70515287],[-38.55724611,-3.70597733],[-38.55591141,-3.70661566],[-38.55474242,-3.70485624],[-38.55459937,-3.70496382],[-38.55537748,-3.70631099],[-38.55503436,-3.70669485],[-38.55302322,-3.70831347],[-38.5525317,-3.70853667],[-38.55225777,-3.70851256],[-38.55146894,-3.7071972],[-38.55131716,-3.70729141],[-38.55184094,-3.70810543],[-38.55200752,-3.70850049],[-38.55194786,-3.70876372],[-38.55117046,-3.70943604],[-38.54926888,-3.7105631],[-38.54889711,-3.71062922],[-38.54869469,-3.71041371],[-38.54764997,-3.70877455],[-38.54755652,-3.70890441],[-38.54843258,-3.71053318],[-38.54842058,-3.71074866],[-38.54689428,-3.71183429],[-38.54616829,-3.71213581],[-38.5459182,-3.71198008],[-38.54535689,-3.71111652],[-38.54525806,-3.7112178],[-38.54577512,-3.71212358],[-38.54534604,-3.71261405],[-38.543904,-3.71354683],[-38.54349887,-3.71369019],[-38.54329636,-3.71365417],[-38.54276062,-3.71297177],[-38.54216501,-3.71298341],[-38.54161722,-3.71134782],[-38.54138047,-3.71111088],[-38.54239066,-3.71425214],[-38.5393636,-3.71636893],[-38.53897046,-3.71648832],[-38.53870856,-3.71602147],[-38.53857737,-3.71633261],[-38.53642049,-3.71739663],[-38.53614949,-3.71745294],[-38.53523152,-3.71722203],[-38.53302473,-3.71831633],[-38.53074894,-3.71911701],[-38.5300797,-3.71825665],[-38.52797331,-3.71879238],[-38.52807067,-3.71894118],[-38.52997879,-3.71851741],[-38.53045339,-3.71909035],[-38.53035278,-3.71931402],[-38.52850884,-3.71983385],[-38.52782342,-3.71937002],[-38.52621453,-3.71970804],[-38.5255925,-3.719945],[-38.52512549,-3.7197602],[-38.52474443,-3.71949673],[-38.52472598,-3.71928334],[-38.52511921,-3.7190203],[-38.52505972,-3.71894843],[-38.52451817,-3.71924529],[-38.5243753,-3.71917339],[-38.52401826,-3.71845516],[-38.52479884,-3.71809251],[-38.52475713,-3.71797681],[-38.52386344,-3.71833539],[-38.52373258,-3.71802411],[-38.52449077,-3.7176908],[-38.52436709,-3.71741621],[-38.52366614,-3.71774612],[-38.52349985,-3.71731412],[-38.52335328,-3.71738944],[-38.52344151,-3.71761999],[-38.52261396,-3.71813049],[-38.52230973,-3.7174684],[-38.52650967,-3.71558419],[-38.52747437,-3.71617111],[-38.52759273,-3.71602738],[-38.52655471,-3.71540143],[-38.52104026,-3.71785511],[-38.52071011,-3.71716803],[-38.52048373,-3.71609939],[-38.52036928,-3.71612735],[-38.52056564,-3.71729099],[-38.52022248,-3.71739492],[-38.51985647,-3.71574672],[-38.51970156,-3.71578255],[-38.52010808,-3.71747026],[-38.51986749,-3.71770612],[-38.51985462,-3.72083497],[-38.51934094,-3.72075974],[-38.5193097,-3.72275649],[-38.51952094,-3.72356228],[-38.51261309,-3.72401057],[-38.51640781,-3.73611802],[-38.51666734,-3.73603368],[-38.51755352,-3.73891358],[-38.54054031,-3.73164783],[-38.53618484,-3.73304475],[-38.5318948,-3.73440186],[-38.52392831,-3.73690353],[-38.52263723,-3.74312072],[-38.51961936,-3.75799091],[-38.51919677,-3.75896726],[-38.5189979,-3.76006581],[-38.51814884,-3.76553931],[-38.5170703,-3.76988246],[-38.5182219,-3.77005624],[-38.51781018,-3.77810547],[-38.5179195,-3.77893242],[-38.51480328,-3.77809589],[-38.51449717,-3.77926968],[-38.51506124,-3.77958235],[-38.51548191,-3.78010168],[-38.51683818,-3.7839115],[-38.51732112,-3.78437752],[-38.51778313,-3.78444376],[-38.51860411,-3.78432865],[-38.52414211,-3.7833038],[-38.52537697,-3.78355284],[-38.52725097,-3.78440886],[-38.5284117202315,-3.784431248924656],[-38.52794734,-3.78449648],[-38.53124852,-3.79630525],[-38.53165088,-3.79698689],[-38.53219628,-3.79584034],[-38.53141684,-3.79757789],[-38.53181027,-3.79773893],[-38.53225674,-3.7972943],[-38.53300229,-3.79735642],[-38.5332065,-3.79721656],[-38.53365879,-3.79736827],[-38.53417131,-3.79729134],[-38.53453617,-3.79763067],[-38.53476624,-3.7974263],[-38.53499487,-3.79757243],[-38.53552589,-3.79697272],[-38.53606003,-3.79681649],[-38.53655919,-3.79704733],[-38.5370342,-3.79702571],[-38.53737752,-3.79651426],[-38.53807265,-3.79608336],[-38.53832848,-3.79626779],[-38.53935904,-3.7959999],[-38.53970315,-3.79557176],[-38.54032985,-3.79543493],[-38.54086171,-3.79562792],[-38.54155785,-3.79565101],[-38.54256908,-3.79549418],[-38.54314058,-3.79517976],[-38.54362609,-3.79509335],[-38.54409538,-3.79478729],[-38.54496958,-3.79473726],[-38.54518176,-3.79428128],[-38.54572816,-3.79389826],[-38.54707296,-3.7934395],[-38.54750691,-3.79342669],[-38.54808601,-3.79299025],[-38.54873144,-3.79307811],[-38.54902427,-3.79298611],[-38.54930903,-3.7931167],[-38.54964764439684,-3.79304308490124],[-38.55461498,-3.80947277],[-38.55869383,-3.82291553],[-38.55811484,-3.82106806],[-38.54972657,-3.82363112],[-38.54376511,-3.824566],[-38.53873946,-3.82575309],[-38.53439008,-3.82783363],[-38.52833355,-3.82910559],[-38.52844666,-3.82942433],[-38.52962222,-3.82975232],[-38.53025292,-3.83033111],[-38.53081648,-3.83044834],[-38.53107365,-3.83068232],[-38.53123238,-3.83171007],[-38.5309195,-3.83250372],[-38.53034942,-3.83311878],[-38.53042613,-3.83367852],[-38.53102913,-3.83467859],[-38.5312206,-3.83526538],[-38.53231829,-3.83631244],[-38.53237287,-3.83701923],[-38.53252661,-3.83736165],[-38.53303198,-3.83803556],[-38.53424207,-3.83902925],[-38.53437981,-3.83946981],[-38.53430876,-3.84011814],[-38.53503378,-3.84012921],[-38.53533076,-3.84039579],[-38.53532323,-3.84116846],[-38.53556362,-3.84148839],[-38.53514587,-3.84220049],[-38.53529058,-3.84275829],[-38.53579279,-3.84290702],[-38.53585216,-3.84315253],[-38.53826456,-3.84044425],[-38.53949366,-3.84201164],[-38.54135871,-3.85336727],[-38.54464097,-3.85215924],[-38.54531211,-3.85178861],[-38.5506731,-3.84962105],[-38.55088345,-3.8493667],[-38.55727016,-3.84684538],[-38.55729219,-3.84692689],[-38.56557068,-3.84386813],[-38.564571739088464,-3.8410403529577124],[-38.56547289,-3.84356801],[-38.56628218,-3.84363545],[-38.56739829,-3.84344919],[-38.58334879,-3.83939354],[-38.58341954216311,-3.8388452430584867],[-38.58346382,-3.83898419],[-38.5838978,-3.83894428],[-38.58423342,-3.83938927],[-38.58707087,-3.83866526],[-38.58759957,-3.83891126],[-38.58959872,-3.83753033],[-38.59002501,-3.83697414],[-38.59412703,-3.83416358],[-38.59451524,-3.83394714],[-38.59641885,-3.83343526],[-38.60735256,-3.8277683],[-38.61469532,-3.82393495],[-38.61476127,-3.82364109],[-38.61463943,-3.82327795],[-38.61414946,-3.82285702],[-38.61778104,-3.82099265],[-38.61813467,-3.82121801],[-38.62250026,-3.81696569],[-38.62152013,-3.81525911],[-38.62806692,-3.81037119],[-38.63052704,-3.80974407],[-38.6297677,-3.80653665],[-38.63772611,-3.80468822],[-38.63790294,-3.80139537],[-38.63777215,-3.80119227],[-38.6356839,-3.80012188],[-38.63547835,-3.79977834],[-38.63534662,-3.79914893],[-38.6352284,-3.79904375],[-38.63501964,-3.79908728],[-38.63481638,-3.7988673],[-38.63482719,-3.79850983],[-38.63461379,-3.79838215],[-38.63436383,-3.7977021],[-38.63450372,-3.79711868],[-38.63512241,-3.7967771],[-38.6352972,-3.79645223],[-38.63535237,-3.79604655],[-38.63512486,-3.79567004],[-38.63562828,-3.79487149],[-38.63571304,-3.7945036],[-38.63546031,-3.79362718],[-38.63487566,-3.79337305],[-38.6349788,-3.79304322],[-38.63485345,-3.79289114],[-38.63516965,-3.79257639],[-38.63523613,-3.79184869],[-38.63495223,-3.79145777],[-38.63437925,-3.79123031],[-38.63385512,-3.79074855],[-38.63342927,-3.79058085],[-38.6315443,-3.78368742],[-38.62802831,-3.78467768],[-38.62745186,-3.78262977],[-38.62600901,-3.78302431],[-38.62544766,-3.78095855],[-38.62251637,-3.7817875],[-38.62119309,-3.77705892],[-38.61260388,-3.77617945],[-38.62145317,-3.77702868],[-38.61816652,-3.77066715],[-38.61679291,-3.76882885],[-38.61694671,-3.7686642],[-38.6145605,-3.76341475]]]}},{"type":"Feature","properties":{"crpm":"2º CRPM","batalhoes":["12º BPM","23º BPM","26º BPM"],"quantidade_batalhoes":3,"municipios_integrais":6,"bairros_fortaleza":0,"label_coordinates":[-39.04782,-3.582657]},"geometry":{"type":"Polygon","coordinates":[[[-38.638130945288566,-3.687105098088516],[-38.63458132512766,-3.685954699638052],[-38.63319940309305,-3.6861696240380977],[-38.62667011326827,-3.6884408105902997],[-38.6192120008146,-3.689873815110805],[-38.61108778323585,-3.688769204781199],[-38.607393600308946,-3.6914723789034234],[-38.60472509299659,-3.6913036461967548],[-38.58758319706118,-3.6964059761865196],[-38.59071089773352,-3.700220095028956],[-38.594239427459506,-3.702506278718862],[-38.59735375504998,-3.7033745592242693],[-38.60057764006265,-3.7034877738395084],[-38.606260763481174,-3.7023579973867746],[-38.61173782386907,-3.7032919657927605],[-38.62104650314348,-3.702379128021699],[-38.62251918583881,-3.7033296981436],[-38.622469414913965,-3.7052279282291742],[-38.621117411180876,-3.709581581587272],[-38.6183485373736,-3.709699373520282],[-38.61784526018636,-3.710310731212112],[-38.6205521975213,-3.7167539181380396],[-38.61950959850427,-3.7193358204769975],[-38.61860421607339,-3.719493883858445],[-38.61777409240102,-3.718645724461209],[-38.61689379807055,-3.719284059921297],[-38.616861408702796,-3.720011064084809],[-38.618041435958155,-3.7206352422251867],[-38.61751230913147,-3.722093054989008],[-38.617038962930536,-3.72103155923799],[-38.61626883702104,-3.7207610216804023],[-38.615174170406966,-3.7215927463915386],[-38.614780210954954,-3.7227729306446173],[-38.61350336690762,-3.7224050931481902],[-38.610451237134335,-3.72354810840467],[-38.610185223054835,-3.7242259969705134],[-38.6094324252354,-3.7240216423859906],[-38.608676821458054,-3.725580328661229],[-38.60599819461042,-3.7270693576313247],[-38.60364486073581,-3.7322369686805605],[-38.60114355586725,-3.7344497676863333],[-38.602305964451524,-3.7368889360028152],[-38.601678629088525,-3.737505612437852],[-38.60150728222099,-3.740241389098762],[-38.600919973888885,-3.741645506245121],[-38.59986058128436,-3.741523488305782],[-38.598931069665625,-3.742229135594698],[-38.60064174153343,-3.747334694760612],[-38.60153947551605,-3.7486472473455326],[-38.60866385653637,-3.7534312946045763],[-38.61089110567476,-3.7557086082633107],[-38.616792908521205,-3.7688288513968193],[-38.6214531668726,-3.7770286763003873],[-38.62251637153777,-3.781787501651653],[-38.62544765610706,-3.7809585531749788],[-38.626009005125994,-3.7830243079966404],[-38.62745186228558,-3.7826297675340372],[-38.62802830808379,-3.7846776805342044],[-38.631544297774354,-3.783687416070196],[-38.633429273710455,-3.7905808534609244],[-38.63527346603347,-3.7919583525797913],[-38.63487565536252,-3.7933730470678713],[-38.63571303542042,-3.7945035953028157],[-38.63521664101974,-3.7966508778385486],[-38.63436103092804,-3.7974596125947047],[-38.6348163819129,-3.7988672995180255],[-38.63570065368026,-3.8001365187094964],[-38.63777214908233,-3.8011922741171635],[-38.63829176133597,-3.8025343923150894],[-38.639396261757994,-3.8029188612014684],[-38.63951564223399,-3.8045423080787066],[-38.64083260116386,-3.8050094567235804],[-38.6402364514288,-3.8061863953308737],[-38.64293372809889,-3.8076152869232573],[-38.64423056941929,-3.8068811764254638],[-38.64587020072283,-3.8085503611174403],[-38.646030390781085,-3.8098280271900005],[-38.646918182674824,-3.8108152240819857],[-38.64588650701153,-3.8116743436778453],[-38.643759315954405,-3.8120595484940805],[-38.64341273440068,-3.814620578586296],[-38.64096128684726,-3.8217704944191278],[-38.641270326310675,-3.8235658386847886],[-38.64419300354505,-3.825645877038035],[-38.64790619517431,-3.8263811080918013],[-38.650820699671435,-3.8279369536784507],[-38.653151235783824,-3.8275564394386223],[-38.6564649478863,-3.828885394087927],[-38.65810253710626,-3.826873165210628],[-38.66215741095726,-3.827383925216541],[-38.66441235130665,-3.8269283365860756],[-38.66717350987783,-3.828193507284742],[-38.66955084958369,-3.827615054964748],[-38.67540643070505,-3.834792779310641],[-38.68812863631135,-3.856783786346648],[-38.69015145500001,-3.859700095999898],[-38.69240320999995,-3.8611453279999095],[-38.69646602752172,-3.8683728718197994],[-38.69881871299347,-3.870168936196871],[-38.701468564616555,-3.8740595270258615],[-38.703017147353954,-3.875346650020888],[-38.706383678654596,-3.8743006138440874],[-38.70733682660073,-3.874600148835173],[-38.709331991538555,-3.8766653463384446],[-38.71353141995399,-3.8791800976841104],[-38.71624131571129,-3.881963613322662],[-38.71891105774728,-3.8870923632307295],[-38.72148033977399,-3.8938736929286937],[-38.72304971410534,-3.895324173880695],[-38.72430789726205,-3.9014744152083938],[-38.72617256728542,-3.9022768620705013],[-38.727732784370886,-3.9044974984549055],[-38.72987726769891,-3.9057847715661507],[-38.7324677305608,-3.9098547834982624],[-38.732454647032355,-3.912650047028255],[-38.73554158980416,-3.9181851149456515],[-38.735026276139806,-3.9198700708639884],[-38.73534876701804,-3.9250595744371823],[-38.73639603856216,-3.9294258969243536],[-38.74041252899998,-3.932144261999904],[-38.74325930301647,-3.9351518210100416],[-38.745782755113275,-3.9325429373897824],[-38.752689494993014,-3.9277870177438716],[-38.755990650179236,-3.927809303054744],[-38.7576235614344,-3.9324569004452745],[-38.765353014101166,-3.9419584058857673],[-38.766377538321684,-3.943059769222125],[-38.76923737915296,-3.943635043270398],[-38.775965847992964,-3.9513587737994267],[-38.78010893299989,-3.9543003999999997],[-38.78517578696554,-3.964286083313493],[-38.78771976599992,-3.966643682999979],[-38.79440435344796,-3.966740660686425],[-38.811631292530436,-3.9619419169102854],[-38.84833324646093,-3.9948709423415356],[-38.87164328358825,-3.9687314237205955],[-38.94381527370683,-3.944419974898801],[-38.94547765791777,-3.944442142561616],[-38.94694354588739,-3.9424794376718615],[-38.94704120541964,-3.9379112161157286],[-38.947827802661074,-3.9363673559053813],[-38.9498504366704,-3.935946809677944],[-38.95054489058599,-3.934859516823863],[-38.95512250704103,-3.9333045112151033],[-38.953902371957454,-3.930996956823623],[-38.95401681891537,-3.9301256711012442],[-38.95540869871209,-3.9296757388332995],[-38.95663858099954,-3.927885346367925],[-38.95888846745258,-3.927004593657823],[-38.959125274725466,-3.9266018572137296],[-38.95844045845368,-3.925941786446084],[-38.960747610811715,-3.923481215813918],[-38.96245406290059,-3.9232132044696177],[-38.96222539935893,-3.9202546300774275],[-38.96128166742103,-3.919172652348878],[-38.960982644174756,-3.9173707259189317],[-38.959060595180475,-3.9161182357038062],[-38.95815503375178,-3.914442628481409],[-38.959146583796304,-3.9121830619011173],[-38.96072915816108,-3.9103160823015926],[-38.960595755559346,-3.909033073791508],[-38.96193043513062,-3.907778857212464],[-38.96107636636017,-3.9058543144365117],[-38.963516827664385,-3.90546186387022],[-38.963269007605085,-3.904600134996515],[-38.96415560077937,-3.9039682468184935],[-38.96550939581942,-3.90117250709383],[-38.966844026755616,-3.9006555300360053],[-38.96731121492709,-3.8987214697766372],[-38.96872215999729,-3.896691698373222],[-38.96974396949661,-3.8967653261016935],[-38.97020864326695,-3.898309254597751],[-38.97192520020527,-3.8969503270950394],[-38.97301192422419,-3.897735483840048],[-38.97428933161231,-3.8977546732430577],[-38.97568117644552,-3.8962897936111798],[-38.97812158858753,-3.896481353720008],[-38.978398071455025,-3.8953324030870906],[-38.98038093761991,-3.8940590234822015],[-38.97897869752267,-3.892334355922736],[-38.97843062344391,-3.8898209965731096],[-38.97740586968678,-3.8889592511912214],[-38.977811032330834,-3.888241163235024],[-38.97874047384599,-3.8884566168621757],[-38.978883485964914,-3.887642775206597],[-38.97862135676067,-3.8867571134370964],[-38.97933635603304,-3.8850576308143454],[-38.97833541390151,-3.8851772887871494],[-38.97821663957135,-3.8843424810308345],[-38.98007556865029,-3.882475470079489],[-38.980647514117265,-3.8832653921496862],[-38.981719599447466,-3.882496466731333],[-38.98076635894792,-3.881084184394112],[-38.981028523390485,-3.880413964705147],[-38.98195594449388,-3.8803092474865957],[-38.981529042179886,-3.8780203127597614],[-38.98307812176318,-3.8770150067262823],[-38.98424383295541,-3.8781262726125845],[-38.98498464343059,-3.877637395247124],[-38.985056154008596,-3.8767517411259367],[-38.98390070878665,-3.875368766090294],[-38.98684358071324,-3.8733288322873283],[-38.98513195166993,-3.872074448911143],[-38.98581792110219,-3.871873109914978],[-38.985914190021276,-3.870911217145964],[-38.98716093220675,-3.871462363223408],[-38.988209963892935,-3.869328567354585],[-38.98670342915405,-3.867498449105836],[-38.987322049522,-3.86653360171948],[-38.986297260366385,-3.863737989255324],[-38.98438744174818,-3.864495534227031],[-38.984484466133466,-3.8618152695681074],[-38.98550243817342,-3.860949364785086],[-38.98590282712294,-3.8594557250892123],[-38.98665312595304,-3.860690284375292],[-38.98791618576637,-3.860259443777411],[-38.98809689312356,-3.858901466175124],[-38.98882757650814,-3.858198184972558],[-38.988389685871276,-3.8569130730248378],[-38.99055471191959,-3.855759971909204],[-38.9913363840386,-3.854457826753899],[-38.99232500497963,-3.8548019403760256],[-38.99199135610393,-3.856333882570999],[-38.992682455618976,-3.856549318615786],[-38.99327825028483,-3.854323215550774],[-38.99462025880971,-3.8524409442953544],[-38.99691909915195,-3.8510403863658085],[-38.997278464971394,-3.849897121343055],[-38.99825894520835,-3.8491050512598255],[-38.99802064187433,-3.8467353224378247],[-38.99964113786196,-3.8452991256311324],[-38.998115980574084,-3.8396979469252925],[-38.99945049613648,-3.8383096228697813],[-38.999343624426835,-3.8353851470561646],[-38.99768704513562,-3.833857401867269],[-38.99651936520758,-3.8307695689921637],[-38.99578062590744,-3.8303147691363493],[-38.9944937836012,-3.8307695583316743],[-38.991336662084805,-3.826882802150865],[-38.98813390383737,-3.824757188153804],[-38.98487401432283,-3.8200464014321036],[-38.98338709274547,-3.8161399101107674],[-38.98281568440042,-3.7903457396003866],[-38.98150042521704,-3.7848881489343147],[-38.9784695142413,-3.7787411381106275],[-38.97555291944395,-3.7763282426384825],[-38.96659216682229,-3.773834937480098],[-38.958613308906806,-3.7692479501537224],[-38.957698283995676,-3.769324503421803],[-38.95708831766952,-3.768347856647028],[-38.95682156135009,-3.765820129198235],[-38.956040019348556,-3.7651115640140045],[-38.956516685610914,-3.7631966528730914],[-38.955773366364774,-3.7606114528222636],[-38.95659312443239,-3.7594050848758265],[-38.957679699905555,-3.759405138416],[-38.957908492117426,-3.75858172729627],[-38.95724152374401,-3.7539284015108505],[-38.95529738387233,-3.749083516702833],[-38.95575492918643,-3.7481835202069247],[-38.95564068834041,-3.745521753545191],[-38.957013254970285,-3.744047321484142],[-38.95558363808971,-3.742802541542639],[-38.95682289442112,-3.738666341536665],[-38.95602236457669,-3.736942859005347],[-38.95634650406208,-3.7352960299666167],[-38.955317174990306,-3.7347023477587404],[-38.95455957171352,-3.7323900230381444],[-38.95561760855434,-3.7306379103379443],[-38.95475990195692,-3.7289144235563496],[-38.95338744823382,-3.7286271111917366],[-38.95151468807681,-3.727032824948064],[-38.951486139098044,-3.7262285499805],[-38.952515532238806,-3.7253956088147846],[-38.951629242953864,-3.7236864793859543],[-38.95328770488729,-3.722322176662549],[-38.95368809832382,-3.7205413065174775],[-38.95494623613027,-3.7194929438892634],[-38.95566105032737,-3.7196078764532032],[-38.95771963073566,-3.721733558007889],[-38.96087920446132,-3.7203405876061604],[-38.96140825421606,-3.718444823157458],[-38.960093069629636,-3.7166064246912565],[-38.95957853750273,-3.713604736904305],[-38.959935991087484,-3.712585049049403],[-38.96150860894773,-3.711981913858612],[-39.0015374548661,-3.684967426746372],[-39.14332579065855,-3.7039420922344273],[-39.21401900478911,-3.693210515837402],[-39.27672429458165,-3.7370583526495422],[-39.278459740080386,-3.674137430037874],[-39.28392730763849,-3.673674511966702],[-39.28614396454936,-3.676359471398804],[-39.2890320086507,-3.6774356773501076],[-39.29007536531791,-3.6767603300609157],[-39.29004611543797,-3.674720955095642],[-39.29141794772155,-3.6730688927967488],[-39.29301912028414,-3.673312518821134],[-39.29524858669542,-3.6714016551436575],[-39.29729265901601,-3.670869586540385],[-39.29837932623736,-3.6715155066026517],[-39.3033678666702,-3.6698334851947205],[-39.30431102332529,-3.6688278343319283],[-39.305625043167495,-3.6654236273827094],[-39.30692172222419,-3.664019367661565],[-39.31488386215187,-3.579942676828103],[-39.32412240327675,-3.5775778061527808],[-39.32848667931136,-3.5771932653683134],[-39.3319936496201,-3.5777377479819843],[-39.33590963952542,-3.576242686429806],[-39.34110266820593,-3.5751109667315686],[-39.34392330284937,-3.5750524629959637],[-39.34806766668721,-3.5727817283627883],[-39.3506789798643,-3.5735945672813885],[-39.354396650158414,-3.576915498672556],[-39.35889470454925,-3.5775552371183705],[-39.36189740651964,-3.5800721536487576],[-39.3648230600935,-3.580492268611857],[-39.36852004714221,-3.5795620555844905],[-39.36940597699501,-3.578834034227915],[-39.374185672966306,-3.5779338870068775],[-39.37368333369136,-3.57285959937628],[-39.37049015316726,-3.570610885693788],[-39.366009406874866,-3.5654663804524627],[-39.36495972281909,-3.5617087968788663],[-39.3621471659395,-3.5579279710788785],[-39.363573898484354,-3.551225236207284],[-39.36311975794347,-3.547347729899633],[-39.36121368236045,-3.546606452505664],[-39.35899867659729,-3.5478280712883943],[-39.355687120196286,-3.5471830740219925],[-39.35273355583583,-3.548261345286975],[-39.351637644289795,-3.548046336945054],[-39.345370213740146,-3.5422800402391434],[-39.34496483662236,-3.541203054692707],[-39.34367834777386,-3.5409641706668475],[-39.34267715429942,-3.539169313726776],[-39.34258137325028,-3.5378289114750605],[-39.34127049831141,-3.5360341670566577],[-39.341745547807754,-3.532228105053612],[-39.34124321169412,-3.530511190878819],[-39.33681175558889,-3.528933010471682],[-39.33459624652645,-3.528742322024308],[-39.33419041862183,-3.5263488269836065],[-39.33571417770247,-3.5240025079903567],[-39.33733376797402,-3.5231880825383346],[-39.33766652267644,-3.521105493878766],[-39.33666522758023,-3.518927643918783],[-39.333234589774094,-3.518043233208093],[-39.33273396121768,-3.5169902099524264],[-39.333376525059435,-3.515242620829436],[-39.336258818129146,-3.514906473284202],[-39.33694906012088,-3.5132785472277503],[-39.33518782320006,-3.508821720951389],[-39.33340037603517,-3.5064526560051723],[-39.332710780941085,-3.506642066643102],[-39.332948055298786,-3.5039850382416455],[-39.331351555634825,-3.5026451663002445],[-39.33102265478767,-3.501615439447555],[-39.43101961887951,-3.431414030803475],[-39.43374051947883,-3.422048081477883],[-39.435739595674384,-3.418241318247438],[-39.443502735244145,-3.414288282479076],[-39.44728763786149,-3.4093556743207887],[-39.45209798248251,-3.4071752294355475],[-39.45805064058303,-3.402983584736259],[-39.460051264100386,-3.4027193313137447],[-39.460170106437396,-3.4021926798882953],[-39.46190850832462,-3.401473762394536],[-39.46350439720525,-3.4015926744410887],[-39.46519491716839,-3.4003711165187624],[-39.46788656307499,-3.400728851419456],[-39.46789996464194,-3.401798756722039],[-39.47025993800907,-3.4027316590365664],[-39.47037334731554,-3.40083586602343],[-39.4721307844951,-3.400102560433013],[-39.47278753370265,-3.3987953281100824],[-39.47408770343114,-3.3981627758209534],[-39.475645452860824,-3.3982338149392564],[-39.47841714107553,-3.3966957456274502],[-39.47940336379577,-3.3969968490244096],[-39.48103204623676,-3.396019445514204],[-39.47988793668956,-3.394325344347422],[-39.479930433755214,-3.3935641567736914],[-39.48185873476559,-3.391610012780192],[-39.48200040609934,-3.389111018873596],[-39.48478566272224,-3.3861942135928613],[-39.48644036194574,-3.380118416052051],[-39.48950095004625,-3.3773522488142675],[-39.491143156787516,-3.3749338788238212],[-39.49145093489508,-3.371247575671208],[-39.495570436350306,-3.3694024061864813],[-39.495712747905884,-3.3682294691607075],[-39.49475994082925,-3.368014531354955],[-39.49335324154216,-3.3650950535946786],[-39.49373366930657,-3.3638023154366894],[-39.49266132350296,-3.3626778668231494],[-39.49318388638446,-3.3598531515481294],[-39.49418358537102,-3.3586079713309718],[-39.49323058387992,-3.357986118304426],[-39.49320628636186,-3.357028689782591],[-39.49473029757711,-3.356453452153172],[-39.496562975396074,-3.353987110274029],[-39.49918258967857,-3.353459179814409],[-39.499968833101114,-3.354009304748275],[-39.500444895094425,-3.3534585324534896],[-39.502779054195365,-3.353624883012566],[-39.50351615952928,-3.3512309038671284],[-39.50318230561598,-3.350417252589971],[-39.504110666394396,-3.349435397890014],[-39.50368149612425,-3.3485260520146003],[-39.5028239882035,-3.348335006233917],[-39.50310944959015,-3.3476646514317263],[-39.50265651307662,-3.346851061027866],[-39.5036803224811,-3.3462281977982857],[-39.50329882479393,-3.34539063481544],[-39.50529704126883,-3.3406981504905113],[-39.50277135681453,-3.338521276224084],[-39.503579005131186,-3.3343559982410538],[-39.50210158633552,-3.33280091617379],[-39.5023627312045,-3.3311491984240584],[-39.50081348319824,-3.3288281978368954],[-39.502336283734046,-3.325955099582351],[-39.50193029145286,-3.3237531945865983],[-39.50242992650065,-3.322747627243408],[-39.50447700092141,-3.3205205316726074],[-39.50716811712431,-3.320279788744838],[-39.507762778001506,-3.3188193870059384],[-39.51007237414106,-3.3176932024039267],[-39.511666606488994,-3.314867930768062],[-39.51214169815863,-3.3124740868197824],[-39.51002053860253,-3.309483187893887],[-39.51001810482947,-3.304719928388085],[-39.51051733317766,-3.3029484080155833],[-39.50627684121377,-3.300437306871727],[-39.50465606369656,-3.297853045444948],[-39.504582614794806,-3.2938797053168662],[-39.505129264888886,-3.29167731435427],[-39.50624844011594,-3.2913655762327596],[-39.50746325214488,-3.2917958041072684],[-39.50858208654351,-3.29081385571411],[-39.51001139665354,-3.291555138421201],[-39.51110647332173,-3.290692879746504],[-39.51189241043196,-3.2907403469172047],[-39.512105528776246,-3.2883466386065936],[-39.5135575871881,-3.287005474436216],[-39.513104372439926,-3.285593485492475],[-39.514746764995756,-3.283893182524744],[-39.514793684925074,-3.2825048715703287],[-39.51586496953004,-3.281714429913255],[-39.51660189235235,-3.2790810909851493],[-39.51891058911166,-3.2763990635578844],[-39.52131530163876,-3.275201011785287],[-39.52245775801093,-3.2739078727939295],[-39.518810086119544,-3.2662023935495172],[-39.516880268859595,-3.264623617840448],[-39.51475587572894,-3.2550503171400167],[-39.51487428093033,-3.253733776936012],[-39.51277880908404,-3.2541656969767723],[-39.511681572506795,-3.2506716001478493],[-39.51022855763289,-3.2500260664093843],[-39.50851165631913,-3.2455269648939256],[-39.50682032702662,-3.244522504619423],[-39.506129945657115,-3.245001572345185],[-39.50546296183975,-3.2446428668972587],[-39.50512847817831,-3.2424648558004296],[-39.504127573220835,-3.2410531308158594],[-39.50453203854406,-3.2402869753624968],[-39.504244833231006,-3.2373908584724886],[-39.50579213392747,-3.2361214745843263],[-39.50640929812994,-3.232075975900306],[-39.50855209694902,-3.2311174593412004],[-39.508456590238175,-3.230614850823726],[-39.507313392875446,-3.2303760645405513],[-39.50681265518656,-3.22908376980052],[-39.5095986900565,-3.2286515222635037],[-39.50897886865385,-3.227335352778486],[-39.50712114659009,-3.2268815003152445],[-39.50771521546438,-3.224296111306425],[-39.50619197219617,-3.226020267904581],[-39.50538218855474,-3.2258052479025854],[-39.50507221633058,-3.225015513156728],[-39.506071328447725,-3.22283683520012],[-39.505546476489044,-3.2209222137801765],[-39.506904201239195,-3.22159174530828],[-39.50783284954064,-3.2213997925301685],[-39.50692690251356,-3.2193417465614464],[-39.50556972378618,-3.219773272215356],[-39.50583083840834,-3.218073683198004],[-39.50697338281407,-3.217019927750011],[-39.50704541573445,-3.2182166936486865],[-39.50799818307571,-3.218647066015198],[-39.50961709708618,-3.2177845576786344],[-39.510926845753694,-3.2177599635325027],[-39.5114028120719,-3.2171373874066163],[-39.5112580460884,-3.2133555687241055],[-39.509305474811754,-3.21366771692596],[-39.5088051136632,-3.2131174386806682],[-39.50911421774007,-3.2121598427157734],[-39.51070971183607,-3.2121111709186922],[-39.510303679102,-3.2096938358380727],[-39.50820820843319,-3.2099581804448225],[-39.50749345625122,-3.2092643918888704],[-39.50801648184638,-3.207492864268286],[-39.50973057478134,-3.20651063075115],[-39.50901543411891,-3.2050269540227796],[-39.5102050323746,-3.202848180517854],[-39.50951406274634,-3.202082572713417],[-39.50789491179772,-3.202418484440414],[-39.506086074289954,-3.2044300111743813],[-39.5049903700233,-3.2038560891602663],[-39.50525089931076,-3.2009596979849118],[-39.50382168247641,-3.2001226423772935],[-39.500511276181584,-3.1994301244096097],[-39.49696363762322,-3.200604724863504],[-39.49289158844726,-3.2007263793904683],[-39.49217750332176,-3.2013969346741185],[-39.49227393475604,-3.2038623062530953],[-39.49086928736141,-3.20460500243219],[-39.48994040912948,-3.204294279802626],[-39.48943982346811,-3.2032413314528214],[-39.49015327453851,-3.201230356015102],[-39.489771860402854,-3.2003927753277237],[-39.488390461886496,-3.1999386509002545],[-39.48460423869249,-3.2002037521324866],[-39.48453435041966,-3.203506970663977],[-39.48498723676637,-3.2044163281137825],[-39.487917035968614,-3.205946841663567],[-39.48689466882354,-3.2093701949759414],[-39.48570419752438,-3.209825549819942],[-39.48336982138275,-3.208486237808829],[-39.48091737794161,-3.2092772912959218],[-39.48034563585875,-3.208822774576958],[-39.48055962404458,-3.2081045895142273],[-39.483535685199165,-3.2067148856986805],[-39.482652807383566,-3.2029333955479675],[-39.48038992527228,-3.2016658481717046],[-39.48012681739472,-3.199176613212687],[-39.47579190815368,-3.1973355575575795],[-39.47450624414194,-3.1979106232124352],[-39.47360186934069,-3.199083914905124],[-39.47026841101247,-3.2000429021531955],[-39.46516971634227,-3.2049964002596316],[-39.4611928391523,-3.2050221431681796],[-39.45481554589404,-3.207084836099712],[-39.4546214154433,-3.2076580794911456],[-39.455217077820315,-3.2083759001915855],[-39.45790815444268,-3.2086379921925707],[-39.46221911813838,-3.2101200890578916],[-39.46257698235771,-3.2115800345432275],[-39.460624439102276,-3.212011772034023],[-39.458243083615876,-3.212084656108658],[-39.45607508574701,-3.2099792430798857],[-39.45307518476219,-3.2114406926748855],[-39.4516931803174,-3.20962215333466],[-39.44826364155909,-3.2088337730315692],[-39.44750107821794,-3.2076372959840294],[-39.44926227661234,-3.2052907689047747],[-39.44916651647404,-3.2045543201678766],[-39.448380698856084,-3.204214025888028],[-39.44457065579762,-3.20457473786266],[-39.44045201196613,-3.207233451499836],[-39.43666529779969,-3.206493056674416],[-39.4312602001351,-3.2080272816647804],[-39.430402690393194,-3.207524981986703],[-39.429877785981155,-3.205131573010155],[-39.428543575195484,-3.203600210799062],[-39.42354147997074,-3.200682068156316],[-39.41899297866231,-3.2004924542928106],[-39.41782627023378,-3.200899850305448],[-39.414016972612906,-3.2031514198629356],[-39.411541884773705,-3.207030112151994],[-39.40968455184832,-3.207413842525854],[-39.40846926282175,-3.2054515480467454],[-39.40794565733215,-3.2022200432372805],[-39.40570457196376,-3.199660047775551],[-39.40573429448953,-3.1988387311790314],[-39.407774997789645,-3.1961884484335332],[-39.40908327167704,-3.1924538512361904],[-39.40807258605299,-3.1888232224195088],[-39.40798497359001,-3.18516326792976],[-39.40701310974315,-3.184459924232202],[-39.404698726765936,-3.1851789314286134],[-39.40432778082834,-3.186572175786875],[-39.40464330264002,-3.1896023984690602],[-39.40325773559212,-3.1905795497063094],[-39.40055671637308,-3.1891300636876454],[-39.39985536206728,-3.1859276465598247],[-39.399011956377436,-3.1848651984633594],[-39.39464025093523,-3.1860301994562668],[-39.39272508116262,-3.184537301546129],[-39.390638763055925,-3.1838487286614954],[-39.38860993855313,-3.1840649268445365],[-39.38393854173752,-3.186235327745031],[-39.38142388729496,-3.1863798848521876],[-39.37913743671802,-3.1854184868340734],[-39.3786227869037,-3.184657497268509],[-39.3786222834517,-3.1832787569214718],[-39.38000750002681,-3.181439055830027],[-39.37927292158676,-3.1804710469452138],[-39.37772311836386,-3.1796919875752003],[-39.37298189289312,-3.179030420959317],[-39.36973783436248,-3.1771638466348255],[-39.36715826897988,-3.1744016250392004],[-39.3654545345857,-3.173428045120753],[-39.36039711243688,-3.173105098804519],[-39.35335487560195,-3.174306085234667],[-39.34944500520122,-3.1765641245683605],[-39.34417216796274,-3.178140348209165],[-39.34141950177201,-3.180461415760466],[-39.33538074247123,-3.1899921366293023],[-39.330289363157334,-3.1952799296238563],[-39.32246632128793,-3.2006968730000915],[-39.31853530004086,-3.2023660651002075],[-39.31304433574336,-3.206071103746654],[-39.3101297259019,-3.207133526053931],[-39.3051591805687,-3.2069249670086952],[-39.296276718116296,-3.2133813153280175],[-39.292690277226484,-3.215140128854594],[-39.28448291473538,-3.216938726871099],[-39.27734772381389,-3.2196874143916374],[-39.27357206511322,-3.2199937777640564],[-39.2671594650674,-3.217815904851723],[-39.26178860561942,-3.2178822580422857],[-39.25905308658599,-3.2186046757067084],[-39.25015059466416,-3.2231681571819477],[-39.24992822010655,-3.224055923422339],[-39.24556104517597,-3.2285189877964844],[-39.23794189880147,-3.2353667213972273],[-39.23467966988551,-3.2372106155534324],[-39.23025007844613,-3.2386352432457097],[-39.22149122796283,-3.2474251459834944],[-39.21331713444328,-3.257694553860241],[-39.21087619908432,-3.2599853219287946],[-39.20788049817303,-3.2649513684768086],[-39.205391681468136,-3.2673383638159517],[-39.202548953946724,-3.271467172132974],[-39.19975370169925,-3.2737098733845658],[-39.19577574379944,-3.280765459502768],[-39.19112338342223,-3.2849523308102793],[-39.18869233349269,-3.2895140565834002],[-39.187926391213665,-3.2896008079988537],[-39.18792884152976,-3.291323309284011],[-39.187402267467746,-3.2914485067005987],[-39.17753616157484,-3.309224277880076],[-39.168678403937605,-3.3216251055013144],[-39.165273156148416,-3.325240143904132],[-39.16460284670058,-3.326894100880869],[-39.16463472775325,-3.326364788746047],[-39.15639830634774,-3.335321706401616],[-39.150798419592796,-3.3378715898953732],[-39.14497756057844,-3.34278229977292],[-39.13937765320409,-3.3457084840920452],[-39.13653494025449,-3.345794422689857],[-39.134611279509485,-3.3447682438734727],[-39.13219416229343,-3.3451278299318874],[-39.12758301390802,-3.343612111103719],[-39.12116362037416,-3.344393640227594],[-39.11925724755054,-3.345420321139813],[-39.11714641177208,-3.3448389235217153],[-39.11273789495727,-3.3471147321307093],[-39.10330610020399,-3.3662263172657467],[-39.08827763348845,-3.3883476896302716],[-39.083500377088185,-3.3935493869894424],[-39.07420170636389,-3.4013944687170543],[-39.06702379570614,-3.404848694594464],[-39.0645544793074,-3.406736059449189],[-39.05847791730668,-3.4084050325496658],[-39.048747872387224,-3.4125742588482386],[-39.04469353790984,-3.4121306660587223],[-39.04404714068727,-3.411340412063408],[-39.04087460848006,-3.411854778524492],[-39.04048136291021,-3.4108371692775203],[-39.03638417516685,-3.411347950895566],[-39.034695391466464,-3.4108874655907497],[-39.03105680575817,-3.4073110135942684],[-39.03094364641521,-3.405849532885628],[-39.031347615432765,-3.4057196100524036],[-39.02989869433308,-3.4055897465592055],[-39.029300786961436,-3.404691222718884],[-39.02656454562199,-3.404718366859128],[-39.024491187140924,-3.4035992146820666],[-39.02041811378848,-3.404197731997492],[-39.01571850407139,-3.4034372840043194],[-39.01467475056667,-3.402850300930149],[-39.01288406477961,-3.399655509028119],[-39.01091626667785,-3.3985897922208177],[-39.00829494694182,-3.3983949537606644],[-39.0068376533283,-3.3968490559626465],[-39.003135890361676,-3.3974008630421095],[-39.000733224656464,-3.3965928690483946],[-38.99640835119408,-3.3978546675798205],[-38.99433609178333,-3.3978067838354034],[-38.99204944955074,-3.3991472333325694],[-38.989335243500584,-3.401729280798017],[-38.98442726811286,-3.403312158107689],[-38.98316482463709,-3.40477228670414],[-38.97376587035272,-3.4110761325869547],[-38.970135350655966,-3.4160223025284013],[-38.966443212795056,-3.4192536581185773],[-38.96484950084774,-3.421952186530199],[-38.962285490670496,-3.4241064240582575],[-38.95295080447379,-3.437353040611814],[-38.949190014455766,-3.440299239163339],[-38.945509392173015,-3.4455035378755463],[-38.94169642195134,-3.448257155700296],[-38.93980973924757,-3.448979659679763],[-38.93680518999184,-3.4535440179993757],[-38.93348227113308,-3.4625528779266266],[-38.92854995758324,-3.4730086269420273],[-38.92898192613569,-3.4742319188105273],[-38.928549957583236,-3.4730086269420104],[-38.92453960384425,-3.482253007535659],[-38.91794004673057,-3.4942926671800727],[-38.91117401361237,-3.5026220804868533],[-38.90729080793295,-3.5053984094654016],[-38.904932353744606,-3.50614020727382],[-38.90405108003818,-3.5053502231590357],[-38.90262178300555,-3.5052542672665257],[-38.89795262082844,-3.5055649849621515],[-38.89523689471588,-3.5063545774929494],[-38.891639859945094,-3.50592334828452],[-38.888113969617415,-3.5084123039900352],[-38.86981648237994,-3.525093844385682],[-38.86321670704408,-3.532369656526715],[-38.85216181807725,-3.5408416294963208],[-38.847813271134115,-3.542842023869587],[-38.83772453992088,-3.545482925591483],[-38.827173452870845,-3.546418726693482],[-38.819642967847244,-3.5459822158196355],[-38.81651449700798,-3.5445473837155133],[-38.81365349931348,-3.54421722940746],[-38.812887392778514,-3.5436156324201034],[-38.81328305343853,-3.5425580324094605],[-38.812258774466535,-3.542126917907648],[-38.809328001248666,-3.5449030096517027],[-38.80655576638638,-3.5486424753441135],[-38.79765102521996,-3.562972618818816],[-38.790073014035734,-3.5727132076658967],[-38.77903990094385,-3.58482246513676],[-38.77003134891857,-3.5978178668100282],[-38.76259629014539,-3.6057868338525814],[-38.75230202733138,-3.6139703587263607],[-38.74555850852937,-3.618372792233132],[-38.74115060514356,-3.6196641616712917],[-38.73400229694866,-3.6229414038954153],[-38.72479628073199,-3.625391617092249],[-38.719062262212496,-3.62973479589634],[-38.714677836407205,-3.631983467259203],[-38.70800616820954,-3.634350975762401],[-38.70175471781199,-3.6383599444915142],[-38.69559029098681,-3.643706020421154],[-38.69072818324843,-3.648970442681016],[-38.68956004628583,-3.651172133673273],[-38.687009724429466,-3.6539717895384554],[-38.67509277856189,-3.6660793613316933],[-38.65995930409268,-3.67737166555975],[-38.652404649000204,-3.682156047800859],[-38.64108550389305,-3.68693875184109],[-38.638130945288566,-3.687105098088516]]]}},{"type":"Feature","properties":{"crpm":"3º CRPM","batalhoes":["3º BPM","7º BPM","27º BPM","28º BPM"],"quantidade_batalhoes":4,"municipios_integrais":46,"bairros_fortaleza":0,"label_coordinates":[-40.430437,-4.340826]},"geometry":{"type":"Polygon","coordinates":[[[-40.6752144806453,-5.684414882988882],[-40.67960270072128,-5.690076216038092],[-40.70428571993434,-5.689366384496949],[-40.72550883826896,-5.690166077497894],[-40.75025758686661,-5.720105173901072],[-40.755393406026236,-5.720304803336079],[-40.75772086983647,-5.721528199537826],[-40.758679838746566,-5.721137687558016],[-40.76022366836465,-5.724549327579924],[-40.761794718401475,-5.7242805298217405],[-40.762501877787,-5.72511570437059],[-40.764450156763026,-5.725659967427555],[-40.76567863553596,-5.724841173682492],[-40.76641084070224,-5.726053067256407],[-40.76941207828035,-5.727257956407917],[-40.769995416133106,-5.726958698374256],[-40.771445117015524,-5.728178731556741],[-40.77227274260371,-5.730121196599458],[-40.77562735463174,-5.731278296976596],[-40.778297863518745,-5.735485832227449],[-40.779924995248074,-5.736437733326639],[-40.78582252351515,-5.735773409983563],[-40.78820369034677,-5.733421432507957],[-40.79123258129427,-5.733239293454626],[-40.793873415851095,-5.7345085520499905],[-40.80065620539995,-5.742733739158001],[-40.80304892563331,-5.744836259814934],[-40.80620954109603,-5.745679602438912],[-40.8093595370402,-5.748564389812208],[-40.811102448931614,-5.7521174966237325],[-40.812147324772766,-5.752084274585988],[-40.81302989301934,-5.753594635650183],[-40.8173894688326,-5.755379334228369],[-40.82101045626307,-5.755438235571901],[-40.8218121669067,-5.755926105512178],[-40.82601463540641,-5.755505965807231],[-40.82740149246605,-5.755979990788486],[-40.83288437499113,-5.760089160406286],[-40.832785791478436,-5.762864578814423],[-40.83418465044593,-5.763350503025242],[-40.835300654413246,-5.765009573695861],[-40.837906417775045,-5.765706902448689],[-40.839002881724035,-5.768479016672654],[-40.84327445714364,-5.77054450283259],[-40.846557042471545,-5.769683895888218],[-40.8485280873208,-5.767540685323169],[-40.8498133375483,-5.769208165309781],[-40.852423831141486,-5.767872727081186],[-40.8602806649619,-5.767428446173669],[-40.86172020981955,-5.765737174140755],[-40.86501379104109,-5.765450400974052],[-40.8661125649145,-5.765881281396072],[-40.8724061688843,-5.762471643457553],[-40.879992341982636,-5.767968562620493],[-40.8809061630996,-5.769522692137035],[-40.88227752403759,-5.769769965457835],[-40.89169333602084,-5.767821918841573],[-40.89742893126402,-5.767464398407311],[-40.89976521137492,-5.766192597561628],[-40.90336008955937,-5.765445061180924],[-40.90622856022357,-5.76416531361709],[-40.90988543162669,-5.7642036921599855],[-40.91041527746471,-5.759760198337857],[-40.911486007505296,-5.757174634398345],[-40.91644942103737,-5.751424697348436],[-40.91775620360772,-5.744776744958908],[-40.91665267000648,-5.737537794324743],[-40.91456343252151,-5.733587432607323],[-40.91354467990263,-5.726729720011993],[-40.91395343796086,-5.724950078368419],[-40.91940431339165,-5.71599420743994],[-40.92725791183599,-5.706198931917213],[-40.92824818840222,-5.70409520472161],[-40.9285508797209,-5.695375387128225],[-40.93038079372651,-5.6861973987792425],[-40.9338940688936,-5.679234807249217],[-40.938772667921654,-5.67332394723346],[-40.93759725259119,-5.669210721866642],[-40.92912545181425,-5.663113737998785],[-40.9147335367527,-5.6599223645926],[-40.91123622645233,-5.656542165249591],[-40.91006715688179,-5.654204988867737],[-40.9093744759583,-5.645671988092158],[-40.90325732043738,-5.63253569483389],[-40.90275833622349,-5.627963655120398],[-40.903655893534534,-5.62327665889705],[-40.90105556028772,-5.615892482027548],[-40.901283921679955,-5.611871472965593],[-40.90227802197124,-5.6079411505885135],[-40.9040376585207,-5.604872962238561],[-40.911948118655545,-5.594829722404005],[-40.91298570724059,-5.582402722876945],[-40.91438525408852,-5.578619302908149],[-40.91386135109598,-5.570416288400887],[-40.91566785035221,-5.564354867709222],[-40.92021593661138,-5.559334617766911],[-40.929409792606435,-5.55284597009829],[-40.932382261828515,-5.548896957832779],[-40.932956494753405,-5.5472800587126025],[-40.93175730907011,-5.5364117456623605],[-40.9328703050424,-5.532615509473975],[-40.936457952284066,-5.5263712009702175],[-40.935204731809044,-5.522574368174375],[-40.93154570487571,-5.5203253772906065],[-40.928882351699066,-5.5178314462087945],[-40.92876288520721,-5.506931189872545],[-40.92983500535219,-5.504747372701636],[-40.932648445288116,-5.501995083360801],[-40.933058965232384,-5.50070082795606],[-40.93280115891624,-5.49870059638742],[-40.929786330138235,-5.493869672978354],[-40.92912468023033,-5.492748319852436],[-40.929645284896814,-5.488928704421938],[-40.929160231022955,-5.483317515280141],[-40.92795763909142,-5.481703242078931],[-40.925023858417404,-5.479834410995692],[-40.92003732808273,-5.473893883757987],[-40.91851563998473,-5.473889716726078],[-40.91610360831019,-5.468334987953202],[-40.91619245413198,-5.463821455918285],[-40.92258319834322,-5.448241009864185],[-40.93208944099854,-5.443341107674214],[-40.93607251021787,-5.440091819489579],[-40.94176454641629,-5.430970483331917],[-40.94380341822748,-5.423586335711007],[-40.94353090111462,-5.421643596700873],[-40.94025805969471,-5.417318151076633],[-40.938191582233635,-5.416353389962244],[-40.93506551998527,-5.416298245184947],[-40.93054551033599,-5.417543241904906],[-40.92735149292653,-5.417747570903546],[-40.92129584751528,-5.417442909473802],[-40.917699196057825,-5.416290782819317],[-40.915297656219224,-5.414224083946937],[-40.911549383305974,-5.407376638007899],[-40.91291903795369,-5.398051277638838],[-40.91701614843036,-5.389447671227204],[-40.92904259933802,-5.37582659491174],[-40.934316131060434,-5.369144689341183],[-40.93610320611131,-5.3659675138374014],[-40.936092826115804,-5.362860444006805],[-40.933722275311666,-5.349404317886192],[-40.93084952768576,-5.345529924389041],[-40.923587462336656,-5.341862481860483],[-40.91845290956235,-5.338255150484872],[-40.91212491577484,-5.314204100089929],[-40.912509267709666,-5.30941388334001],[-40.91320535121425,-5.308051210341803],[-40.92345937204527,-5.301119400414415],[-40.92690764846659,-5.296966743926092],[-40.926757417049345,-5.292047039650137],[-40.92615360846279,-5.290237072915616],[-40.923154038945235,-5.28830294223117],[-40.92194430317192,-5.284357734796754],[-40.92444754225656,-5.276518143636491],[-40.92424332702145,-5.274837197907053],[-40.92124093710754,-5.271804765177706],[-40.919642216409216,-5.271161080003779],[-40.91279049906261,-5.271311545028629],[-40.91185853224917,-5.270924836069225],[-40.91099174808766,-5.269892421309614],[-40.91171306835545,-5.266653468787425],[-40.91885238680854,-5.262097472205196],[-40.922652580227314,-5.254970145441067],[-40.929883903922054,-5.248861149477182],[-40.93306555234131,-5.245226815275762],[-40.93591095076412,-5.243282646893122],[-40.94110333917629,-5.241964508779785],[-40.942230164170674,-5.240474554160174],[-40.94169145799089,-5.238725901092066],[-40.93969177712381,-5.237243777924607],[-40.93417058589239,-5.236873186435429],[-40.926621503230045,-5.232086020001896],[-40.923238953255975,-5.2291389192358855],[-40.92202803392481,-5.226451106359991],[-40.92261920441611,-5.224003545651543],[-40.925007301381385,-5.2200268387802],[-40.924660467499905,-5.215462896292893],[-40.92544950040612,-5.212481540073466],[-40.93001714650947,-5.205412034245796],[-40.9319988609685,-5.201263655267657],[-40.93204427482624,-5.198754673982043],[-40.930328713463865,-5.192752556326039],[-40.92789938996194,-5.187010303428271],[-40.92643284279119,-5.185784444812186],[-40.92529025805114,-5.1820967324989615],[-40.925607370242226,-5.176853368860727],[-40.928975840722366,-5.171689754984939],[-40.934482027481714,-5.167381644820175],[-40.93774623806867,-5.166588718883107],[-40.94838756064523,-5.167333630952288],[-40.9493202368885,-5.1668763891508505],[-40.957332714890015,-5.155607821446337],[-40.961974185766756,-5.151257770624375],[-40.96461263513651,-5.150091576499116],[-40.96841949281193,-5.149360275458906],[-40.9749373352446,-5.149534383050433],[-40.97700262593031,-5.150433505091743],[-40.98040444154513,-5.153531926931342],[-40.98244926222225,-5.153522782836104],[-40.98445303879427,-5.151316573371711],[-40.986220533051394,-5.142184915098733],[-40.98701219135054,-5.140369224726634],[-40.988603621711704,-5.138746662335385],[-40.99509740430387,-5.136659207741627],[-41.000078738785724,-5.13044860851715],[-41.00516049043406,-5.129046486898811],[-41.00913210979553,-5.126727550872517],[-41.011835847240164,-5.123601130196937],[-41.0131103463891,-5.108518351290989],[-41.01407515069056,-5.1058053817839175],[-41.015936466807005,-5.104658558853287],[-41.017483764979836,-5.104847856981285],[-41.02022401719021,-5.1062687828909485],[-41.0235514217684,-5.1095021269237515],[-41.02508385785383,-5.11003943781613],[-41.02638591572328,-5.109701850628042],[-41.029723926679644,-5.1023224654245345],[-41.032823117042824,-5.092694658130742],[-41.033996786218985,-5.0910700432216025],[-41.03775801738165,-5.09044297425474],[-41.04026636135998,-5.091383850440975],[-41.043335675885196,-5.093880052998386],[-41.050404639507704,-5.102264450976963],[-41.05241375133329,-5.103402893839917],[-41.05378854677288,-5.103195943418656],[-41.058571405659045,-5.098599081399815],[-41.06733810802548,-5.0968038342413475],[-41.06974944387371,-5.0958556689748224],[-41.07275384549475,-5.092992796162315],[-41.07454409359933,-5.092114060341278],[-41.080111224820534,-5.091094994874566],[-41.08130307432555,-5.090072897685846],[-41.08192174907841,-5.0876327988963475],[-41.08016285277226,-5.0805532278708565],[-41.08043237747516,-5.078691125853621],[-41.082512940290464,-5.076627748142249],[-41.08406207332691,-5.076017228165935],[-41.087347677006825,-5.073314734767714],[-41.08704273549906,-5.068989105071307],[-41.089291125850885,-5.063774635361953],[-41.090304947840686,-5.0630647518369285],[-41.095844922975836,-5.061621857660296],[-41.09651268224104,-5.060183672031272],[-41.09656801425568,-5.053672373493989],[-41.09699817902153,-5.053156882011153],[-41.1066500894752,-5.053681883424325],[-41.11182896094808,-5.050968035506517],[-41.115931865500485,-5.049620532898323],[-41.12662186241418,-5.04796501926907],[-41.13200302672698,-5.048569508084678],[-41.129620247126404,-5.0399813611509465],[-41.125021428862965,-5.032392772785126],[-41.12375574078011,-5.029246188359469],[-41.12167784816454,-5.02601737552968],[-41.12013533782937,-5.021912323541524],[-41.12201596272031,-5.018201681171695],[-41.12209726676401,-5.015658954226574],[-41.12135976700289,-5.012703474189435],[-41.12260323324004,-5.008050718549398],[-41.12433619967453,-5.006066670470066],[-41.130538282783625,-5.0035415341554845],[-41.132011375484446,-5.002453376589328],[-41.13547048068844,-4.997800476649274],[-41.136768086846466,-4.995447635735401],[-41.136472052585184,-4.990994469479941],[-41.13752603626198,-4.9849499549867415],[-41.13972106679699,-4.984229523535293],[-41.140866846746455,-4.984800220066554],[-41.1445348163649,-4.9904100254994725],[-41.146474000462305,-4.992180753905116],[-41.148860287723075,-4.992780457151738],[-41.15090661062432,-4.99209920716468],[-41.15426951293016,-4.987916202174975],[-41.157862006936696,-4.9813681764198225],[-41.16451421959745,-4.973082425340928],[-41.16718472995394,-4.966155499632593],[-41.17523699076227,-4.958549323641378],[-41.177398447487384,-4.953821773393838],[-41.17996927249829,-4.949970231260178],[-41.18021996708211,-4.947527109520489],[-41.183681476700066,-4.9459000446694334],[-41.18537000341414,-4.94334379641347],[-41.189012860390015,-4.940601652656357],[-41.19107611989197,-4.939768932736823],[-41.193471906411,-4.939643717219907],[-41.19619022633229,-4.937242080050158],[-41.19855613404256,-4.937437148435324],[-41.19926463469059,-4.9395833542568575],[-41.19864346826842,-4.941236945223896],[-41.20023661492154,-4.94328863650138],[-41.20027885406377,-4.945653558127557],[-41.201989758120405,-4.949019812325963],[-41.203794829789594,-4.949731584299101],[-41.205923482027174,-4.948903431639223],[-41.209615208031494,-4.945942404293944],[-41.208936136164375,-4.941320341590631],[-41.209336060612564,-4.939632594239799],[-41.210591625767485,-4.938598121634738],[-41.21159967276588,-4.938091866479864],[-41.21789810849857,-4.939295028882799],[-41.22043408287734,-4.938950031297857],[-41.22137041021405,-4.93821208496996],[-41.222406477938634,-4.93617788407629],[-41.22227213518902,-4.930610910385711],[-41.22295362577559,-4.926490761316366],[-41.22687209093206,-4.919366134436182],[-41.234074615597045,-4.908368874838539],[-41.23493177560231,-4.905726636726191],[-41.234689165415965,-4.901665655802539],[-41.228926205777285,-4.8933354689384565],[-41.22810697043534,-4.890970011667442],[-41.23372242082348,-4.886740079951168],[-41.240699258732995,-4.88035166598236],[-41.249577612070325,-4.869672380906687],[-41.24933976860784,-4.867309634400932],[-41.24457587864798,-4.863737007233751],[-41.241900601056145,-4.860192451567838],[-41.23944913750855,-4.854520686096238],[-41.240670779424065,-4.838401485593975],[-41.24318536073029,-4.82830818835609],[-41.24182226884063,-4.822123794902967],[-41.24089772011116,-4.820763546063844],[-41.2328370894066,-4.815720242637779],[-41.23259090191836,-4.812628502057342],[-41.23338029493077,-4.807701518906086],[-41.23246941130464,-4.804518211005409],[-41.229897368420396,-4.800834185541487],[-41.2254339909337,-4.797801486685033],[-41.22395499000624,-4.790656877500122],[-41.22307527343369,-4.789448565150045],[-41.220721426325106,-4.787718278020901],[-41.21381119591927,-4.785680819882631],[-41.209979595024144,-4.783328872286729],[-41.208085582340566,-4.7802595568771835],[-41.208019198208206,-4.776750421670812],[-41.208845127611994,-4.775019936389214],[-41.21276311484026,-4.772012028236048],[-41.22134795406152,-4.77019659250889],[-41.22683774310636,-4.770719847015114],[-41.233910382879394,-4.768757942386193],[-41.23822893032658,-4.765777129164745],[-41.24191493100036,-4.765011188413615],[-41.24779416532397,-4.761765492504346],[-41.25044607735654,-4.758947610875452],[-41.25034197600123,-4.756609444604813],[-41.24589895941416,-4.753384440619418],[-41.24372857623357,-4.750747810447562],[-41.23879959529894,-4.748783291032109],[-41.23523764206286,-4.746510826571344],[-41.234233334667316,-4.744193626796003],[-41.23649447230244,-4.741002454460973],[-41.23665396125569,-4.7387336489686165],[-41.234087876304876,-4.73372299376146],[-41.227699687869354,-4.728686921391828],[-41.2259586134478,-4.7265224787112405],[-41.223835643684886,-4.720894410771252],[-41.21795359101912,-4.717536712041139],[-41.214621787693744,-4.712725489346915],[-41.20249622195616,-4.701876854354871],[-41.196972056022446,-4.694820756040917],[-41.19357803735562,-4.688981912412955],[-41.191006162166325,-4.686205703022991],[-41.18795321889668,-4.683997167177222],[-41.18594708095851,-4.679289064594553],[-41.181720058117826,-4.673785091201729],[-41.17536977035673,-4.670784754756339],[-41.17390966944438,-4.668526321045149],[-41.17385630977161,-4.666924728729663],[-41.1750134757133,-4.665317758047532],[-41.17680232177154,-4.664571994760228],[-41.179464508720415,-4.665363208491188],[-41.18560361310774,-4.66194919787105],[-41.187144813123716,-4.6588794086693825],[-41.19037998711786,-4.656087666441334],[-41.1952001075518,-4.6488103122387425],[-41.19925132475673,-4.644079895519261],[-41.20281991043404,-4.638176947948138],[-41.207486954529664,-4.634156884166136],[-41.217342333957305,-4.6288973565779985],[-41.225658308242714,-4.621084331011683],[-41.22931549524433,-4.620081961743252],[-41.23343990240747,-4.6101709207639265],[-41.23341527464514,-4.608746936807506],[-41.23107036357187,-4.603554433913336],[-41.22688072467066,-4.597393350178794],[-41.22304448505098,-4.589773765050616],[-41.22098318383398,-4.580790926551582],[-41.221218925211204,-4.578917960898185],[-41.22203513386858,-4.577787908993348],[-41.226516030431455,-4.576511039604826],[-41.234762292374,-4.575906224268998],[-41.237699499046315,-4.574957930404554],[-41.239818735979036,-4.573536809464084],[-41.242543347303176,-4.571495449085964],[-41.242264168937425,-4.569928444307966],[-41.240722816803796,-4.568444486016912],[-41.235423831453225,-4.570197880039615],[-41.231693655705435,-4.569076624461101],[-41.226416774703175,-4.568962866946067],[-41.22153408690155,-4.567472950647431],[-41.215634716403706,-4.558671733272437],[-41.21411587366201,-4.5526586264398015],[-41.212028775980585,-4.550079134865103],[-41.2084474929972,-4.548802827452079],[-41.206707655167406,-4.542034316863093],[-41.20623527623117,-4.537057912151518],[-41.203794399102534,-4.528403115010297],[-41.202234500347096,-4.526777207476672],[-41.19845605769543,-4.5247812456494465],[-41.196034591120906,-4.521643068164193],[-41.1937088889205,-4.520357009943849],[-41.19077977307056,-4.515510649031873],[-41.189069253927975,-4.507668447397196],[-41.188340319802656,-4.50016272995],[-41.18935099469621,-4.488662323997762],[-41.18103120369143,-4.476550496230656],[-41.17756599781021,-4.46766512671305],[-41.17848225317105,-4.459384930358658],[-41.17791415905582,-4.457206449011748],[-41.17654646089249,-4.455554359157672],[-41.17515545160632,-4.449543154343511],[-41.17653762388482,-4.4469919893347525],[-41.17738542864684,-4.4433093840009095],[-41.17713473013503,-4.44126692213441],[-41.17555516529319,-4.439667796234092],[-41.17117885161796,-4.431675602259098],[-41.16513272073693,-4.422595768414309],[-41.163846327832786,-4.419018365956869],[-41.16120672075887,-4.414960236202233],[-41.159690507586696,-4.410554993736159],[-41.15964380340793,-4.40626015524353],[-41.15851739680992,-4.40295469279684],[-41.15897124738311,-4.392101529358765],[-41.15987553159723,-4.390154539048269],[-41.16168872648109,-4.388273968601624],[-41.1618275065004,-4.3872872567663785],[-41.159158612033394,-4.380116326197291],[-41.158020248059394,-4.378679439154246],[-41.15234408597686,-4.374593890555877],[-41.14991122593118,-4.368089844433693],[-41.148488621739716,-4.366582471656133],[-41.145236277079185,-4.362064544993247],[-41.14208350590029,-4.35904232580932],[-41.141543073405636,-4.353761194425302],[-41.137088567453965,-4.349781387301543],[-41.13621005758642,-4.348319059347534],[-41.1358501029318,-4.344058242634205],[-41.13535590070855,-4.342933159068863],[-41.133530670082514,-4.341507155682703],[-41.13342257356613,-4.340145027827276],[-41.127533337688604,-4.335864672595972],[-41.125890395658416,-4.3358355841488505],[-41.12473287930075,-4.33519088327451],[-41.1201713357661,-4.3305666981475825],[-41.12012565015272,-4.327039148027156],[-41.118083802745694,-4.318810257953729],[-41.118103264670054,-4.316781662362928],[-41.11942147148974,-4.312991797316097],[-41.119971527909854,-4.309070102654537],[-41.119123977442236,-4.306526126423515],[-41.135904848735954,-4.233511297702363],[-41.09865329631906,-4.18123027144082],[-41.090885601631065,-4.170331833399188],[-41.09390242116641,-4.169896870943639],[-41.09698236598205,-4.170706585369382],[-41.105757165985096,-4.169618533700516],[-41.11131286585919,-4.166873364433683],[-41.11832948983989,-4.165224053042732],[-41.126150308471,-4.152830584384193],[-41.12676276360217,-4.150702905670197],[-41.125812183688836,-4.148530048673653],[-41.12532973232647,-4.144949718521258],[-41.12811459943762,-4.139324423823462],[-41.134274685474296,-4.131652087732993],[-41.1421131607698,-4.125648526625224],[-41.1431399117653,-4.1242336926757],[-41.140826386781285,-4.123585027559377],[-41.13937813002274,-4.12095273643132],[-41.1371321856638,-4.11687060301932],[-41.134400661701925,-4.104908524110016],[-41.1289359091427,-4.097269530106109],[-41.12806707583119,-4.09419835896959],[-41.127594744368054,-4.088671374589523],[-41.122235193325544,-4.077185827391239],[-41.12161929715341,-4.074168155279595],[-41.12197871905656,-4.07221546682453],[-41.12753532362349,-4.066063814109588],[-41.127940816454576,-4.063930066285142],[-41.12715854013385,-4.061389658396445],[-41.11639499471197,-4.054149154334388],[-41.11411506942361,-4.051819328380451],[-41.11316689336098,-4.049789876057386],[-41.112468713345095,-4.0441971642127985],[-41.11286931262694,-4.041741478503155],[-41.12034492042144,-4.0363390144442866],[-41.12389525650981,-4.037127955589326],[-41.13024927387507,-4.035388884761372],[-41.13372054332092,-4.035153272444499],[-41.14309767712423,-4.036813077461047],[-41.153255266112026,-4.034893433602979],[-41.159950132507724,-4.0317113867741385],[-41.16353197264668,-4.031825773169921],[-41.168811525541166,-4.033070064767787],[-41.17181471798714,-4.032477621318829],[-41.17602036312964,-4.028768881625384],[-41.1806595665349,-4.0276933250380615],[-41.183806507349615,-4.024401284584293],[-41.18224454603671,-4.019201572510188],[-41.18291532509815,-4.017965155141932],[-41.18552367283042,-4.017219048247471],[-41.188620006179825,-4.0175612734327295],[-41.19155000096498,-4.018965057762525],[-41.19260746415927,-4.020660408962114],[-41.19580792742679,-4.020286893033166],[-41.19780408805851,-4.0183895499609985],[-41.199472582775606,-4.0183560246876],[-41.203306369033285,-4.022515287620491],[-41.20890468763006,-4.02558286470577],[-41.21071320184324,-4.025750936334479],[-41.21407912745548,-4.024201887611833],[-41.222064487571984,-4.027135875561398],[-41.22352538874986,-4.028551694436085],[-41.22443640445159,-4.028578913998515],[-41.2267668317783,-4.027242440070911],[-41.230896325393054,-4.028886308186081],[-41.240306632840756,-4.030849499601036],[-41.25017994238379,-4.0377532686171875],[-41.254732245012704,-4.03710209709749],[-41.25672686437952,-4.034848614196905],[-41.25563011780921,-4.0326156710052325],[-41.25549987632249,-4.029691500670614],[-41.25440953911549,-4.027677562130404],[-41.25291905673906,-4.026533893189042],[-41.25066815058951,-4.026832154249847],[-41.249545725077255,-4.026391345746192],[-41.244588510934335,-4.0220131037279305],[-41.243823765037924,-4.019740370337908],[-41.23951711859429,-4.016879586639109],[-41.23882890878464,-4.015404982693901],[-41.23922680286678,-4.01307682649561],[-41.24261412273683,-4.009872935585358],[-41.244305362499,-4.006793130709968],[-41.245728960844424,-4.006581839055696],[-41.24641360237406,-4.001304136732858],[-41.24786272914076,-3.9993528386089823],[-41.24729868940022,-3.9969614125569684],[-41.24739259594983,-3.9932164771498773],[-41.24923996755226,-3.9898696972604233],[-41.24419083306688,-3.9863900555899217],[-41.244070611504476,-3.984175744988704],[-41.244674833331494,-3.9829723147712763],[-41.2443621638758,-3.9797596016365033],[-41.24379360311995,-3.9793176740269636],[-41.24159579049154,-3.9798606788011313],[-41.24011748588457,-3.979198469591619],[-41.23963195184612,-3.977133107621961],[-41.23857113235248,-3.9757465200365396],[-41.238843710046986,-3.973863849772079],[-41.23820537780349,-3.9727572422504913],[-41.23376577354518,-3.970609191818702],[-41.23425002894353,-3.967798724138736],[-41.23235572964246,-3.9673050352581685],[-41.231888299011125,-3.966499327969662],[-41.22890970508373,-3.9680266782230675],[-41.22023952317271,-3.9415055202912743],[-41.22891338489604,-3.9117298330850403],[-41.23001283660445,-3.9109149286841456],[-41.23264933887922,-3.9108094734113568],[-41.23334765379399,-3.9102550855966953],[-41.235639863434386,-3.905950016224899],[-41.23903839030909,-3.9034836611630084],[-41.2417321844572,-3.900521389365499],[-41.245331938880945,-3.898315565766681],[-41.24510808661166,-3.8954528476141674],[-41.244310544427556,-3.8929675969886697],[-41.246204907625305,-3.8841449839562503],[-41.24723574983674,-3.88191153983226],[-41.25312805311652,-3.8755516013271234],[-41.254992320669096,-3.8725131078563693],[-41.25848340600796,-3.869901833075739],[-41.259322788713725,-3.8683511521810687],[-41.259581178403295,-3.864374553447845],[-41.26653757796996,-3.8623036363855605],[-41.26694235309486,-3.8626729045969572],[-41.26747463656961,-3.860803953627109],[-41.266559016913774,-3.860140081109686],[-41.26641799201599,-3.858513201994654],[-41.269728537055734,-3.8540710454745306],[-41.270161416402665,-3.852707952290983],[-41.26769605634676,-3.8479408950142195],[-41.26858296072181,-3.8455483145260114],[-41.26820757325822,-3.844117049543369],[-41.270928774256,-3.841540770528944],[-41.270366372703755,-3.8374523081889995],[-41.27162023934288,-3.8360999594987075],[-41.27331872690389,-3.835375592358876],[-41.274762075962194,-3.8335649640097147],[-41.27485597567437,-3.829832014310026],[-41.276482505946575,-3.8252448846651026],[-41.27765677319914,-3.8241568955393883],[-41.278604696979926,-3.8242262354012047],[-41.28099316543083,-3.8264693100695935],[-41.283330942153974,-3.826376409869915],[-41.285369381321864,-3.824534866299903],[-41.28693367789162,-3.8213603158217295],[-41.287529523736666,-3.821573980883587],[-41.28868018439508,-3.8245145268467438],[-41.28870774924547,-3.825899916734731],[-41.29117975486102,-3.8256969727306],[-41.29272993896624,-3.8274198559274972],[-41.29294218480703,-3.828884235196037],[-41.295517169113204,-3.8301238256528745],[-41.29857109999504,-3.8257805635725117],[-41.30075596508541,-3.8262937649849253],[-41.298737109988664,-3.823155527316728],[-41.29437396918621,-3.818563277656687],[-41.28984933154501,-3.814834714041668],[-41.28046406817691,-3.805452445319599],[-41.275612022047156,-3.8023020332994206],[-41.27075378561803,-3.796846278625068],[-41.26482846305474,-3.7915783181932143],[-41.26260413988557,-3.788820012734568],[-41.254122851683825,-3.7750414189894133],[-41.25402175885619,-3.772019917795501],[-41.260483688003596,-3.762451200195533],[-41.26118274365813,-3.7575426784339023],[-41.261262129167456,-3.7462178933170307],[-41.258518948904964,-3.7327755111343404],[-41.2573627409663,-3.72990053169231],[-41.253080329796546,-3.72421628896721],[-41.25188854198426,-3.723339824275739],[-41.239429361924195,-3.720749686790881],[-41.23854086588637,-3.7198810892066865],[-41.238063410738455,-3.7178075543138904],[-41.23929487988166,-3.712775270382435],[-41.24177636486352,-3.7109519465370955],[-41.245373213008456,-3.710876553297449],[-41.24739723475847,-3.7098761264275963],[-41.25017828117221,-3.7065953355176218],[-41.25543222065254,-3.7032601609904208],[-41.27174021504028,-3.7033608404144753],[-41.27933416115493,-3.700747402545891],[-41.28304856118249,-3.6969663126966408],[-41.28607795734492,-3.692238140954424],[-41.28765652091349,-3.690902745973504],[-41.29080157454219,-3.689688996730322],[-41.29987546347237,-3.6874962442448873],[-41.30766461810305,-3.684803358047011],[-41.316889628715586,-3.68661282667985],[-41.32077033867343,-3.6867596669790066],[-41.32248007968741,-3.687750144504348],[-41.32654285717569,-3.6873195375008514],[-41.331805772530046,-3.685755354700093],[-41.33529817297587,-3.683166206084317],[-41.34174775605203,-3.6807726025383465],[-41.34328222347887,-3.6781684080841415],[-41.34369268795724,-3.675973216571397],[-41.342443476035655,-3.676201292406288],[-41.34039982644873,-3.6748248383676962],[-41.340100625966215,-3.6721439787746197],[-41.33909722038172,-3.6704200405658094],[-41.33996456154453,-3.6673704618357514],[-41.33853846550855,-3.6635360627531828],[-41.33727262944074,-3.657425393250638],[-41.33734802852317,-3.654662364347151],[-41.33397098965071,-3.6477290136937346],[-41.33293260042376,-3.640413121281002],[-41.33112976760413,-3.6332862864628828],[-41.331701387475576,-3.631190458398348],[-41.3313154610448,-3.624684323966204],[-41.34490409985767,-3.5887389505684344],[-41.34697910968756,-3.5868610420882576],[-41.34932296014588,-3.5859702277856047],[-41.3572137263756,-3.585195964413018],[-41.36200816386375,-3.583179877583263],[-41.36802284799593,-3.5785358784298147],[-41.37062580138081,-3.574866305962316],[-41.37131311334104,-3.5726276717846948],[-41.37124609697802,-3.567793697127588],[-41.36953199655474,-3.563981195649095],[-41.36573658469616,-3.5601160689871927],[-41.364661444964376,-3.5579985809337216],[-41.36167617645236,-3.558030902311093],[-41.36002202509436,-3.556775314421869],[-41.35599670375546,-3.557097373261469],[-41.350179701332635,-3.553875439058747],[-41.34716896205968,-3.554188156951772],[-41.3453603960878,-3.5554386750536784],[-41.344131492965936,-3.5546108526821234],[-41.34282663864447,-3.5551071263802205],[-41.34187721700308,-3.5538575462588455],[-41.33942358448497,-3.5546297101822684],[-41.336869334704254,-3.553893563303842],[-41.33164435988657,-3.546076061749677],[-41.331163934947426,-3.541435911339758],[-41.327447413596225,-3.5388269836804436],[-41.325678728689674,-3.536412785997287],[-41.32557568680513,-3.5343563421713213],[-41.32708600831777,-3.530899329472234],[-41.32642340076802,-3.5273144071317564],[-41.32628459113071,-3.523337480440313],[-41.32686624642257,-3.5199827894128286],[-41.32571125582198,-3.5097591829914796],[-41.32605144108208,-3.5082506514399334],[-41.32417407395692,-3.50336882031891],[-41.32225658684871,-3.5025374485692673],[-41.322143829039476,-3.5003167305080307],[-41.32058789549462,-3.4978579857746444],[-41.31455023682236,-3.4964751277021056],[-41.30860539558781,-3.4945577242433963],[-41.30511599764604,-3.4925696011815264],[-41.29921388521568,-3.49102094582218],[-41.30447258989924,-3.4884698340736233],[-41.306212128435085,-3.488283184426078],[-41.31320887332084,-3.488908379073918],[-41.315482871960214,-3.4903940374555393],[-41.317691313888396,-3.4931226158305995],[-41.322229895154734,-3.494738032068765],[-41.32415560747311,-3.49447334726355],[-41.32668948783234,-3.493103878545347],[-41.32782329726461,-3.491340093626181],[-41.3294868471233,-3.486429150883648],[-41.32979592525085,-3.47984511334634],[-41.32843915995597,-3.4700488636587807],[-41.329628655350845,-3.4658174803304207],[-41.343955797367656,-3.456913115528483],[-41.34799575289375,-3.4525181950675234],[-41.347919838261255,-3.44939464198722],[-41.3439126977481,-3.440496615386452],[-41.34480928636619,-3.431138056485699],[-41.34633085622488,-3.4265812390125663],[-41.34632631785845,-3.4246283801084045],[-41.344779835106635,-3.4193176536460546],[-41.34530921497042,-3.4178846193108057],[-41.347969762869035,-3.414624273360784],[-41.352670979636805,-3.411246668151205],[-41.35602821942694,-3.4108304117276087],[-41.36936440658322,-3.410537679089748],[-41.388822167849895,-3.4128327609016997],[-41.39015577622871,-3.4124375585619275],[-41.39215051317974,-3.4098937437090213],[-41.39313046613356,-3.4012549397389633],[-41.39385832534469,-3.399566296586746],[-41.396056438486845,-3.3986496372921575],[-41.401164778559604,-3.3984958925798736],[-41.40356875129887,-3.396578822784736],[-41.40443547065773,-3.3895284848798974],[-41.40067255189228,-3.3778849339589705],[-41.400997317608606,-3.374044485778795],[-41.40278750747401,-3.369486188751038],[-41.402778040512736,-3.36655891030021],[-41.40210651483644,-3.364020603794923],[-41.40270187796847,-3.362394584090543],[-41.40570341351036,-3.3625817842047265],[-41.41425324604168,-3.368481776508342],[-41.4187177476929,-3.3704889772076467],[-41.42159595047396,-3.3705430934445193],[-41.42351800911605,-3.368006521824006],[-41.423310898480985,-3.364424811166827],[-41.41769173067737,-3.3573017109189376],[-41.415214579122086,-3.352635351044747],[-41.41369941030842,-3.347897294289778],[-41.412317737157196,-3.3406973024138957],[-41.408506024873894,-3.336152189595929],[-41.4004916401024,-3.3307077130495957],[-41.39796503918329,-3.327546738130149],[-41.398142282923075,-3.3246898504057607],[-41.400597727305154,-3.3202490964637232],[-41.40025993548309,-3.3185972114152404],[-41.39818921381287,-3.315945347356832],[-41.395378083615775,-3.3106856859592226],[-41.39469969949253,-3.3065443498324174],[-41.395858555821505,-3.30409848538446],[-41.32204068531448,-3.179119875234151],[-41.32217078203026,-3.178642574075496],[-41.32636643857781,-3.1756101277039286],[-41.32493666647745,-3.171994490262393],[-41.3261309687236,-3.1673743876557214],[-41.325660540752025,-3.1637079130467995],[-41.32749873934397,-3.1602259321990287],[-41.32721126881442,-3.1593585991052406],[-41.32442002059459,-3.1579801239713294],[-41.322728117392046,-3.1561730640237973],[-41.32276511943758,-3.1545093582157184],[-41.321757110020016,-3.1526434517090554],[-41.31884779467994,-3.1498272576633357],[-41.31885173847945,-3.1447954582172675],[-41.31407167634838,-3.141022038328515],[-41.31122186910553,-3.135935195878648],[-41.30553674970248,-3.1323375563254556],[-41.3045154371364,-3.130560259597601],[-41.29999096280388,-3.128858868053351],[-41.298981709644025,-3.12794062935344],[-41.297644055329236,-3.12572423417762],[-41.2981408774474,-3.1249356335586307],[-41.29737969622933,-3.1234645656460986],[-41.29366244437292,-3.1223010719781485],[-41.293454274379805,-3.121550050591652],[-41.294201717357765,-3.1210169689463694],[-41.2928414942194,-3.1193290187631493],[-41.29328169512341,-3.117449621658725],[-41.29242551594642,-3.116735576182391],[-41.29026045643409,-3.1176812343537623],[-41.28926305583254,-3.1175300035899123],[-41.28909749385194,-3.1162468221591664],[-41.287616454417766,-3.1143856394029696],[-41.28636731504034,-3.114631730820192],[-41.284986301508376,-3.113615336996093],[-41.284815968026166,-3.112374842558643],[-41.28539535464716,-3.112123007977076],[-41.28558006573707,-3.1104795301211903],[-41.28334379903664,-3.1090848002998035],[-41.28372170750493,-3.1050338984051304],[-41.285539149561835,-3.103299614708831],[-41.285197979541735,-3.101651840197266],[-41.278214314131425,-3.101689742289463],[-41.2759197463199,-3.1012173808807404],[-41.27332526999649,-3.0996002146224884],[-41.27161718058002,-3.100149368510088],[-41.26794786577364,-3.09704808835435],[-41.26814624114832,-3.094647588025074],[-41.267559301202745,-3.092944250463767],[-41.26286130698966,-3.090908804930076],[-41.260921499556254,-3.090940231665517],[-41.2581890369695,-3.0882050637537146],[-41.256242935587004,-3.0882099882490053],[-41.25590486767139,-3.0876860333122154],[-41.25550323005908,-3.0856737130666647],[-41.255896712136554,-3.0838194805332217],[-41.25494153340213,-3.078292185009635],[-41.258138100743146,-3.075976206212559],[-41.25688801513563,-3.0739906351679966],[-41.25690989831408,-3.072496865067194],[-41.25589000871757,-3.071312619858351],[-41.26049845770492,-3.0673708701570592],[-41.259882868839235,-3.064917540354753],[-41.25900033155182,-3.064537579768686],[-41.25954926804229,-3.0610862876282954],[-41.25897870411773,-3.06069202603194],[-41.25845857401982,-3.0584703154872317],[-41.26065012318117,-3.0556019359794155],[-41.261470856010064,-3.052381901662772],[-41.26110403593134,-3.049470247764426],[-41.26033260727795,-3.048980734517095],[-41.26051167489718,-3.0477746688513405],[-41.26001544978565,-3.046911925366891],[-41.258243709037345,-3.046524858214382],[-41.2567703937586,-3.0454385244206796],[-41.25608513686511,-3.04207165041745],[-41.25464416445996,-3.0405882531115993],[-41.25431370820629,-3.0382297589311764],[-41.252791243090776,-3.0366919774669694],[-41.25285230805295,-3.0346711505389115],[-41.254794941278,-3.03401636889832],[-41.25508887477766,-3.0326369961031423],[-41.25465143847634,-3.031015117812071],[-41.25277678583182,-3.0297098934415363],[-41.25098586460942,-3.029536355141572],[-41.24933410982222,-3.031067144244881],[-41.24806347793477,-3.0288515141860626],[-41.24794925971935,-3.0260879888591865],[-41.24966446723733,-3.0246298038852273],[-41.25225073959891,-3.0245880467260937],[-41.2541813562975,-3.0223475598806435],[-41.25653061815653,-3.0159775430737445],[-41.257417049906906,-3.0092521973466977],[-41.25687314325261,-3.006591906498253],[-41.25722457307042,-3.0043620687524943],[-41.2656200695749,-2.991404777537318],[-41.27020183161613,-2.981431472612084],[-41.270629478897916,-2.971749369909436],[-41.27154796491095,-2.97012913475094],[-41.27931824453998,-2.967314466893064],[-41.30790579262577,-2.964839972999585],[-41.313604478166475,-2.9634120033588185],[-41.31746815407869,-2.9605584217448704],[-41.32046917441002,-2.957161271546876],[-41.321649593465345,-2.9549593281835373],[-41.32156593925241,-2.936584829812713],[-41.322681309728296,-2.921319573960161],[-41.31015216151403,-2.915817841933366],[-41.3094700053091,-2.9141772240184936],[-41.308244703619906,-2.9131458811596533],[-41.29330400234776,-2.906078134494735],[-41.28514923619726,-2.9008557892695763],[-41.283829916241906,-2.898746701738214],[-41.27115761156693,-2.887191492859277],[-41.26056163391715,-2.883613892990886],[-41.25862912234562,-2.8838207948055774],[-41.252994821690464,-2.886523038233778],[-41.23845431934775,-2.8889546264580104],[-41.23160445424291,-2.889288538244234],[-41.22624988332656,-2.8880051462344998],[-41.22300614039288,-2.887839893025275],[-41.208930930284204,-2.890444063398884],[-41.2055390980059,-2.8905027812903747],[-41.203754653075364,-2.890273366976611],[-41.20109434092099,-2.888379803958731],[-41.19936548227212,-2.888157894090242],[-41.19285563305185,-2.8901336661471033],[-41.18759165157417,-2.8908518873881595],[-41.1851185183777,-2.890082796298308],[-41.18158558919917,-2.8866094692765487],[-41.1781017116484,-2.88694796341595],[-41.176815975907,-2.8862142594006],[-41.167853901030504,-2.8884882974186676],[-41.165561309003486,-2.8885047605158265],[-41.160582310867426,-2.8897573599692903],[-41.15852913199735,-2.8894354304622967],[-41.15428271438728,-2.8909038472611135],[-41.14816263040107,-2.8917844550196614],[-41.1442128256234,-2.8914298998946784],[-41.13800826063162,-2.8920933819091417],[-41.134406736019784,-2.8918467509997843],[-41.12899458311008,-2.892629379293972],[-41.12344864124296,-2.891848739675929],[-41.117657606799035,-2.887568420521102],[-41.11761174852146,-2.8858520283444364],[-41.11603208796651,-2.8848719682946515],[-41.114667105316286,-2.8859862724611904],[-41.11297075774262,-2.8918469421594692],[-41.1114042692949,-2.8947769091781734],[-41.109139616456844,-2.8972824986480026],[-41.10169268336457,-2.9008849826303047],[-41.10095783154458,-2.9014533880214777],[-41.105899408974835,-2.896186359458836],[-41.10826462076348,-2.8915245122134556],[-41.10856617189054,-2.8905551529022713],[-41.108154910160685,-2.89008946363093],[-41.106050036084476,-2.8904522028010384],[-41.10448198732101,-2.891639213126346],[-41.102234818735184,-2.892253383632923],[-41.09826386855828,-2.890597122435329],[-41.09456496352555,-2.8911005364341915],[-41.08905091745589,-2.8938809325849193],[-41.08655487260613,-2.8943039516564593],[-41.0690786589589,-2.8952051358948423],[-41.05287835378467,-2.8937059407123664],[-41.046156732214456,-2.894120468303223],[-41.0423130153032,-2.8928078272180606],[-41.04074518198272,-2.8932129826206396],[-41.0346600341466,-2.891550315198883],[-41.02824227874698,-2.891867626213639],[-41.02511966656682,-2.8910363998426707],[-41.02217596737012,-2.8918141361882963],[-41.01606249677247,-2.8922595804869866],[-41.0024049514019,-2.889741170748029],[-40.999710732795975,-2.886768703418512],[-40.99633164167928,-2.8857286139394147],[-40.992798747335186,-2.883696201803514],[-40.992121960266786,-2.8844509555471225],[-40.98925361806994,-2.883809886467361],[-40.98808223033585,-2.884419466383438],[-40.98619063338544,-2.883915847631382],[-40.98541762724525,-2.88465950794787],[-40.981375241511195,-2.8847571166342165],[-40.966217112419606,-2.8817237724476366],[-40.95968443325538,-2.8787386681945906],[-40.95768614514786,-2.8737541121798125],[-40.95546834281952,-2.872028873709294],[-40.95165019763315,-2.871646169616809],[-40.93767178490283,-2.8740962155878504],[-40.933430808670664,-2.8739404912580273],[-40.93101870437735,-2.8744606026270665],[-40.921546606560845,-2.8743318201786323],[-40.91467524978284,-2.872920424017173],[-40.910156295623516,-2.870600866642653],[-40.90728009346453,-2.8678456858951744],[-40.90648972560468,-2.861889056685248],[-40.90721602995626,-2.8600778253046766],[-40.90596019316618,-2.8590134136913607],[-40.90544188617104,-2.8599117290938505],[-40.90382372007617,-2.8592809329501225],[-40.90319933199003,-2.859530093188105],[-40.90330091824723,-2.8606385398654774],[-40.901861672279196,-2.860255563053803],[-40.90126462209729,-2.8611645678352198],[-40.89820895147813,-2.862129188455013],[-40.889683556471034,-2.8624781626260134],[-40.88350730932126,-2.8606407770493925],[-40.87824830912789,-2.8607860196447463],[-40.87569113788911,-2.8593079229354665],[-40.87641136518448,-2.8604627342733773],[-40.87498727189497,-2.8610117498542746],[-40.872163065485246,-2.8610597185989],[-40.870596311770626,-2.8620192615391455],[-40.86695715130819,-2.862290838665017],[-40.86530652364028,-2.861860835739082],[-40.86457099648574,-2.8608545190804686],[-40.86374242436687,-2.856220572130405],[-40.862862622490155,-2.856479807521801],[-40.86242281733127,-2.858049676194757],[-40.86118928146066,-2.858425794731528],[-40.86009151169817,-2.8596081272567475],[-40.859482847975045,-2.8610521844389325],[-40.858156842700055,-2.861508811298448],[-40.85782239760472,-2.865536798503439],[-40.85695079820821,-2.866071556529024],[-40.85528013185029,-2.865507696539713],[-40.85583985235466,-2.8664738996606047],[-40.85542533980091,-2.8677141199064162],[-40.85510447529583,-2.8681186145425133],[-40.85389863466011,-2.867744172339357],[-40.853680072883705,-2.8682531961993476],[-40.855568710738886,-2.868873847733212],[-40.85481526597775,-2.8699037783296175],[-40.8530020597815,-2.8703687299258998],[-40.85336425290925,-2.8726417895838363],[-40.85281312128759,-2.8726512421570964],[-40.852596406704464,-2.874708704371104],[-40.850162853921034,-2.874221426647478],[-40.85099893086144,-2.8764321587446933],[-40.84942553713489,-2.8785905114802426],[-40.84870838519876,-2.8788073581747877],[-40.848280185222336,-2.878305042554953],[-40.84757172478522,-2.8789086754827835],[-40.84790410160044,-2.8807668377948907],[-40.846031505690334,-2.8838163242514536],[-40.84588658970901,-2.8852106813954714],[-40.84478448743884,-2.885854084603692],[-40.84112050686975,-2.8816986488728102],[-40.833843246728115,-2.878318949735186],[-40.82965706703845,-2.878500981031229],[-40.816964334221744,-2.8768243985727535],[-40.811725766071184,-2.8758458960920072],[-40.80176267653635,-2.872671284018093],[-40.78986295973944,-2.8659525451800776],[-40.78418478838771,-2.8614691805903183],[-40.78003586052629,-2.8566832530121213],[-40.774746023635515,-2.853654212882091],[-40.77444186784608,-2.852954178595447],[-40.77288937589524,-2.8523081677882685],[-40.77280298838794,-2.8528198373250393],[-40.76953132985031,-2.8506429012626193],[-40.768408071651216,-2.8511074767373845],[-40.767393206915564,-2.850333849464626],[-40.7657519404048,-2.850738333200351],[-40.760380752387064,-2.8488086096857392],[-40.756837150276965,-2.8485324413116624],[-40.74993389490942,-2.849606585149237],[-40.746590684998125,-2.8492560277626784],[-40.73395120736993,-2.851123829039782],[-40.72952386085297,-2.8509125222847036],[-40.718548144439445,-2.8489869427452628],[-40.70574330217206,-2.8493818338283337],[-40.70147922836553,-2.8482254824914603],[-40.70137063883924,-2.847529381482113],[-40.70057594846267,-2.847184848088586],[-40.700524049889566,-2.8478753881835583],[-40.70004240029852,-2.847693794441581],[-40.70028392126197,-2.8468751470870144],[-40.69914105484558,-2.846431806029523],[-40.69822827170288,-2.847107888438489],[-40.69602881345279,-2.846637395850196],[-40.69042066106528,-2.8470304012969376],[-40.67906436880147,-2.8457732165096177],[-40.67023842645458,-2.8434163875883525],[-40.655094911180115,-2.848301725808885],[-40.64331725460839,-2.849247046850562],[-40.64153760439077,-2.849119611544188],[-40.637344690145206,-2.8475791030254616],[-40.62816835485193,-2.846143921329416],[-40.618634903013174,-2.84586630796322],[-40.6176934702359,-2.8451375430363135],[-40.6207618957269,-2.84520926497329],[-40.613672844774406,-2.841685860163138],[-40.61112350905082,-2.8412372222109514],[-40.60806365386424,-2.8423931629629147],[-40.60519887115025,-2.845153310138152],[-40.604560919369376,-2.8473637451398677],[-40.60272972448262,-2.848471968555209],[-40.599967383272144,-2.8484971926439218],[-40.59338330416933,-2.84585165577909],[-40.58872090359284,-2.8465372042643695],[-40.58751850194099,-2.847725243214084],[-40.58529356012481,-2.8478738395773355],[-40.583103400389604,-2.8469997148406216],[-40.58082934443183,-2.8509318453300088],[-40.57737607956162,-2.852446361131985],[-40.57441942868949,-2.855536642296467],[-40.5734771679265,-2.858836364854128],[-40.57377451327264,-2.864620327329356],[-40.572746110032924,-2.8666590102684855],[-40.5737010114396,-2.8679252963315194],[-40.57352899531383,-2.868641760077123],[-40.571658041501195,-2.8697186829141055],[-40.569058655049155,-2.8739173130981963],[-40.56698459448683,-2.875311702580382],[-40.564059819308476,-2.8797154233409787],[-40.56298218675224,-2.8804945282829157],[-40.56273933592165,-2.8815078159768723],[-40.56092961577914,-2.8827381317713328],[-40.55439631145654,-2.882706187932236],[-40.552362012265924,-2.88343544175117],[-40.549878643285,-2.883203508752068],[-40.54161750617542,-2.8848109665714885],[-40.5386149152144,-2.8844262372194156],[-40.535665140852416,-2.885484134935348],[-40.53538148829292,-2.8864463256752706],[-40.53401899799614,-2.887317891533426],[-40.52795679126537,-2.889590781612473],[-40.53004377667475,-2.894390175426508],[-40.530674220637934,-2.899070604260645],[-40.5333607887186,-2.902790656850644],[-40.53326876795245,-2.9051453504448808],[-40.53221578798467,-2.9061326416825173],[-40.53199176083875,-2.9076643742084305],[-40.534280914302876,-2.9161743474249455],[-40.53253406420065,-2.918806358028375],[-40.53129347238256,-2.919534527660234],[-40.52915649725151,-2.919660234892946],[-40.527987485199624,-2.9206441046440883],[-40.52565239830975,-2.9247912583492317],[-40.524730169701826,-2.9276574827815023],[-40.524681235972785,-2.9291002637875105],[-40.52653217518838,-2.935666679396737],[-40.52961259888994,-2.940778442673143],[-40.529941055296035,-2.942824387959571],[-40.5275554512295,-2.9472376664351803],[-40.52342765669196,-2.9502720265501106],[-40.52117836147164,-2.9501727991150237],[-40.518024418339685,-2.9541090831824004],[-40.51191721116656,-2.9543692918061706],[-40.495024621489385,-3.0620250286202104],[-40.50954971118544,-3.1096413140490298],[-40.50901254720064,-3.1103379610621458],[-40.50837438255001,-3.110185734596911],[-40.505865350750604,-3.1134819310770214],[-40.50523697663099,-3.1135211184259806],[-40.50478353902955,-3.116058217576159],[-40.50332543124345,-3.115151015807321],[-40.50356144925231,-3.1169897167333227],[-40.50212280325839,-3.1169644942388324],[-40.501665229730826,-3.117615129496741],[-40.501262089279166,-3.117173562672542],[-40.50102513329839,-3.118125704243097],[-40.4996544783855,-3.118195881178942],[-40.498361125425795,-3.119407881863891],[-40.497189383635416,-3.1190075531491903],[-40.494886217542756,-3.119786138658192],[-40.49425474148871,-3.119513309030156],[-40.49357809458204,-3.120892201645812],[-40.491324719403,-3.1205816284601546],[-40.489168459545965,-3.1217716273425804],[-40.48714919872742,-3.120771485709509],[-40.4844433419962,-3.1215908833680626],[-40.4843491404982,-3.1208644016394436],[-40.48356258032927,-3.12130208920597],[-40.48328972543454,-3.120539643515451],[-40.48216683551243,-3.121029385631164],[-40.48147912942577,-3.1220144677991226],[-40.482103537818126,-3.1234223760799305],[-40.48120059033532,-3.1236864048306017],[-40.48101072605274,-3.1249936674748082],[-40.47928240717743,-3.1249243268602345],[-40.47636693095649,-3.127058135873972],[-40.47527587328117,-3.1281903263483932],[-40.475627788453046,-3.128758143972336],[-40.474564241833626,-3.1309467317384194],[-40.46678935579399,-3.1323629197774383],[-40.46525913313002,-3.1348344561330967],[-40.463169254946884,-3.1350147517808655],[-40.462627236470304,-3.1356430913374758],[-40.46275160618811,-3.137239150934521],[-40.461911565550345,-3.1382772008512703],[-40.462456468124685,-3.139722595727667],[-40.46195577303408,-3.140787455533389],[-40.46079062007564,-3.1422761839013345],[-40.460165381117214,-3.14162219609219],[-40.459651793439654,-3.14317822432989],[-40.45883090570543,-3.14335332581128],[-40.45886309350189,-3.1445402254726025],[-40.45569004634952,-3.146632065381031],[-40.45368263670793,-3.15031991092002],[-40.454010320641466,-3.1517201403485835],[-40.45326969456411,-3.1526852893111825],[-40.453831095999625,-3.152975554378911],[-40.45332499480207,-3.153412842492357],[-40.45368753562411,-3.153848912736476],[-40.452160413836026,-3.1545150179602994],[-40.45294653122172,-3.1561715493015106],[-40.45283696064246,-3.1579009629880925],[-40.4540916241901,-3.159761479988736],[-40.45322696778394,-3.160192452688653],[-40.4529753855917,-3.1622801971182923],[-40.45349708336282,-3.1639155019127903],[-40.45168431243782,-3.1650766949496187],[-40.452052004548705,-3.1660287950181805],[-40.45111445837373,-3.1685404415525453],[-40.45185699292532,-3.168939593531656],[-40.452349190312006,-3.1715037985923167],[-40.45033269584272,-3.1757319295737316],[-40.45019020990761,-3.1805840430503967],[-40.44511708970795,-3.1830244614883383],[-40.44414348777331,-3.1846811868790708],[-40.44408916051168,-3.189463401699175],[-40.44336073111394,-3.1919781162009944],[-40.44244777634399,-3.1933895222380326],[-40.437389028841764,-3.196155575048157],[-40.435805284359546,-3.1976905422974617],[-40.43422366539122,-3.2007582485284853],[-40.43276616278067,-3.20535852698885],[-40.432285727069264,-3.2135509891943563],[-40.43018869527893,-3.2152275070691445],[-40.43096483374022,-3.2180641992253407],[-40.429155638081966,-3.2185033298736148],[-40.428482376059264,-3.2202263538555185],[-40.427034327078815,-3.217916624769609],[-40.42483419880217,-3.217046547842016],[-40.424276112055516,-3.2159149422652793],[-40.42276049198836,-3.2192460172856068],[-40.42198721421503,-3.2195472522615467],[-40.42314314818034,-3.2211146049328563],[-40.4230382555192,-3.223775183568253],[-40.42194028604778,-3.22485454117531],[-40.421360257916426,-3.2274748595142775],[-40.41974523204262,-3.2276544881152858],[-40.419828947961065,-3.229291561171279],[-40.418543287948836,-3.232062947799523],[-40.41934402753561,-3.231979964305486],[-40.4197116763137,-3.232811686954902],[-40.418127922697,-3.235965505174236],[-40.41827958776782,-3.237657056473172],[-40.41666537818689,-3.2384369907795363],[-40.415808822059695,-3.237428590476782],[-40.41393736785661,-3.2386863967904453],[-40.4127864742802,-3.2383716315302644],[-40.411219847403004,-3.236711922471218],[-40.4098330834369,-3.237514290327336],[-40.4088171171952,-3.2366061323056594],[-40.406564431862705,-3.237032217615962],[-40.40640323889093,-3.2382603422159066],[-40.405413187750746,-3.23887567160035],[-40.40575340205101,-3.2395027914650747],[-40.40496867142551,-3.241359379733478],[-40.40403659588593,-3.2409124146277337],[-40.40215796109874,-3.242518325619945],[-40.402590499732156,-3.245413228249583],[-40.399960914305034,-3.2485012126294897],[-40.40102669369085,-3.2513860575418576],[-40.399507458627525,-3.252164331126567],[-40.39926864889334,-3.253983780040964],[-40.3982551422681,-3.25400944610516],[-40.398038557091326,-3.2544463363618354],[-40.39852163018432,-3.254760976756568],[-40.39794427013558,-3.256071545166818],[-40.396500793246645,-3.2560129182876323],[-40.393950243716205,-3.257039719826436],[-40.39178008947759,-3.260153431630179],[-40.39251641784077,-3.260711788111586],[-40.39221666767798,-3.2611351509260293],[-40.38972414745392,-3.2628864615962963],[-40.38879275465533,-3.265877559960695],[-40.387678346642005,-3.266987446226284],[-40.38782591504118,-3.270948700889737],[-40.38582296883756,-3.2729059051559353],[-40.381995302845674,-3.27194894565203],[-40.37706392365291,-3.2734893472903748],[-40.37436075852974,-3.2734009800970236],[-40.3740229889585,-3.2720814352388454],[-40.372583194794814,-3.2720281024005433],[-40.37121072975241,-3.273472791052615],[-40.36942379327137,-3.273344778348148],[-40.368003490059,-3.2747108668676215],[-40.36722455826376,-3.2746486198299833],[-40.36659129482029,-3.272203241188543],[-40.36617502376245,-3.273521905781879],[-40.36433697719416,-3.2737143642557784],[-40.36381854576251,-3.27430601030447],[-40.36325175659529,-3.273017466785837],[-40.36301587841938,-3.273631750146115],[-40.36148251986873,-3.272805847696897],[-40.359568058189836,-3.2743740589963366],[-40.359216296272514,-3.273990812034228],[-40.35895635025053,-3.2755297664262946],[-40.35843660091269,-3.275146748084013],[-40.35831534844477,-3.275829945562903],[-40.3565548479969,-3.276160285334244],[-40.358011759594454,-3.2794327671113535],[-40.357651734226394,-3.280344050085177],[-40.35862459558653,-3.2808917963141964],[-40.35872054044381,-3.2815738456224754],[-40.35828649747747,-3.2818336660037954],[-40.35789210933813,-3.2813021039484718],[-40.35627783105913,-3.2821365644528355],[-40.35646943711597,-3.28329174658566],[-40.355523161471865,-3.283715134773423],[-40.355188529551654,-3.284713280448488],[-40.35413410906435,-3.2842158712347924],[-40.35447652254112,-3.283325158937891],[-40.3520868607352,-3.2844119509713323],[-40.35232200431372,-3.2855825398511094],[-40.34940181755593,-3.286595195949291],[-40.35021782454341,-3.2885461341024174],[-40.34935010453313,-3.288225929952328],[-40.34853659795674,-3.2889637909371854],[-40.346283759292625,-3.289417087893714],[-40.346703777305756,-3.288816196970891],[-40.344572946574075,-3.289146530961878],[-40.34409912049713,-3.290115873357723],[-40.3422112466931,-3.2894089554636237],[-40.34169638264294,-3.2901464097110744],[-40.34070533409629,-3.2900931733910634],[-40.34202527666268,-3.3509198057283087],[-40.341220607066674,-3.3161808551729646],[-40.2011362583611,-3.3076545562195308],[-40.20038576058356,-3.310257600151094],[-40.196172321366845,-3.311291778860872],[-40.193981524671905,-3.3111987046236884],[-40.19119693314333,-3.3123627601546635],[-40.189342338985625,-3.3146504821229645],[-40.18580447661752,-3.3170269018857006],[-40.18524012793407,-3.3191426367443397],[-40.182170051830575,-3.3205583053008754],[-40.18006213357381,-3.318848229698384],[-40.17842959207957,-3.3189114935415773],[-40.17740674924672,-3.3198221277678304],[-40.17657734817518,-3.3190769610479953],[-40.1745348783089,-3.3195963295546522],[-40.17403399267361,-3.3188933287716074],[-40.170490120066674,-3.31836625942094],[-40.169917345348615,-3.317275643205998],[-40.16710296973305,-3.317465651515981],[-40.16592647971504,-3.3164190201042314],[-40.163805163589636,-3.315710036077921],[-40.16258789494041,-3.313270408146173],[-40.16105141478442,-3.3127576800995864],[-40.1593105279352,-3.3105220829747863],[-40.145644132130684,-3.303598928963813],[-40.1410088196686,-3.3082386809998474],[-40.13291916122065,-3.3137907777445434],[-40.13190506501658,-3.3140647703973145],[-40.12798947923583,-3.313336929081602],[-40.12446614136726,-3.3143005631755313],[-40.12171247216578,-3.314389772878326],[-40.120145526261844,-3.315502098704664],[-40.118740320170716,-3.315264370954256],[-40.11647911061138,-3.3161404667433967],[-40.11381097988792,-3.315138325316931],[-40.11248833036539,-3.3168723683294594],[-40.109319484571856,-3.317006936638958],[-40.106464515349074,-3.31900458751862],[-40.103671477104506,-3.3193498819208016],[-40.098360639723325,-3.31881733931998],[-40.09472647974163,-3.3163563328851065],[-40.09114547244745,-3.31658056050556],[-40.08788629934984,-3.315133848266688],[-40.08402103846541,-3.315495441113929],[-40.09217959193923,-3.354486633653662],[-40.088585618682316,-3.3557067166556798],[-40.08534728036298,-3.3560094889574748],[-40.08178666092349,-3.3555946295954064],[-40.07992134806164,-3.356178297919928],[-40.07568608524637,-3.362601698525952],[-40.07307960369221,-3.3636576190764935],[-40.07152251609845,-3.3661603064034993],[-40.070082937007,-3.3672388675732403],[-40.057844507653286,-3.3691669091502705],[-40.053732435996714,-3.365354095031739],[-40.04961506102336,-3.3653063924247837],[-40.04644102333006,-3.363457410544461],[-40.04402662001086,-3.363952535283048],[-40.037911162208246,-3.3638542731896552],[-40.036922311741385,-3.363483877561479],[-40.03463550158103,-3.3604688543513754],[-40.03397414646883,-3.3604001170276114],[-40.03083339708232,-3.3624457598770037],[-40.02689216093196,-3.3624858310702597],[-40.02559349033679,-3.3617333107395444],[-40.02489115361809,-3.361913549616296],[-40.02469998938355,-3.3612914911519014],[-40.01835565470049,-3.3635939142420654],[-40.01784318610492,-3.362974012619344],[-40.01461590630973,-3.3625705244495943],[-40.01326959947211,-3.361806067216234],[-40.00943522420873,-3.361570724331078],[-40.00944628341327,-3.3607450180344984],[-40.00626818041973,-3.3618492400516757],[-40.00218670440186,-3.3611633924736144],[-40.00085075495508,-3.3622257982412016],[-39.99876736257962,-3.361944785086615],[-39.99630324142829,-3.36328353475084],[-39.99407651424999,-3.3632259820405306],[-39.99392604578295,-3.3640511426523707],[-39.99327952936943,-3.3638408604376733],[-39.993179113271786,-3.3648895728028676],[-39.99160260824477,-3.3641763975992887],[-39.99155469094002,-3.365729590302411],[-39.98971638810319,-3.3648954070159767],[-39.9891378238229,-3.366055155210321],[-39.98822052242739,-3.3656252890809077],[-39.98785556148394,-3.3662974957936593],[-39.98721885439884,-3.3654506040328647],[-39.98670901715778,-3.3695078422590434],[-39.98683794403488,-3.3731874169644924],[-39.9873682653397,-3.3739646632030196],[-39.98627849254708,-3.3755017325421277],[-39.986554831625064,-3.3768753707494406],[-39.988045664260895,-3.3783629019567853],[-39.98706846414586,-3.378770702570739],[-39.986786625340265,-3.379515516438948],[-39.98835964211457,-3.3823446425124604],[-39.98902690433049,-3.382774760876276],[-39.98963325264706,-3.3823696075927288],[-39.99157637273508,-3.3838140238808396],[-39.990560546575836,-3.3862985234636676],[-39.99285697060933,-3.388001833193996],[-39.99181244748973,-3.388971728418064],[-39.99207175123846,-3.390267770811522],[-39.99097173222764,-3.3900778672210263],[-39.990702851504,-3.392711699310456],[-39.99256336037809,-3.3943596758478813],[-39.99234844875578,-3.3953026232827135],[-39.994182977905666,-3.396747137607477],[-39.9952032969066,-3.3986564307302154],[-39.99508182041923,-3.399366114537967],[-39.99398230786986,-3.3996810948181744],[-39.99488002162577,-3.4011947998191623],[-39.99382843444346,-3.403008445015642],[-39.99450230002034,-3.404706593016506],[-39.995868240940354,-3.405994661673349],[-39.996451428406026,-3.4086344289955317],[-39.997807131018874,-3.4098610988538876],[-39.99968108799696,-3.41000242223208],[-40.00155736444374,-3.412384982168694],[-40.002233004322854,-3.415771723739271],[-40.00316998778652,-3.415842380004094],[-40.00404894866484,-3.4177881877172482],[-40.005775013274814,-3.4193282924637316],[-40.004593305785285,-3.4203578891411524],[-40.00473744809067,-3.4215544014635104],[-40.00602313858544,-3.4228894528025267],[-40.005752722135405,-3.4239950064733176],[-40.00932379268356,-3.423923010765707],[-40.01045258023014,-3.425613830710469],[-40.01219155953595,-3.4264989293519403],[-40.012559800157426,-3.42804045364532],[-40.01391755192703,-3.427943493934897],[-40.01404136841475,-3.4294716309334543],[-40.01617314039841,-3.429414779314526],[-40.01803495737994,-3.4308864785956836],[-40.0206682519716,-3.429996720886851],[-40.02102203170735,-3.4306922481952298],[-40.022624761608505,-3.431127176482975],[-40.022503352764254,-3.431877794114439],[-40.023114851075555,-3.4323137841835303],[-40.025410453145,-3.4330890919477626],[-40.024896365117655,-3.4345813080536005],[-40.02791392698247,-3.4376640903395526],[-40.02739084116648,-3.438478378396477],[-40.02714984598197,-3.4441629828052154],[-40.025139795217115,-3.4464387942944748],[-40.02683240488256,-3.4479686765978066],[-40.02661811593709,-3.449252753099599],[-40.02596448931474,-3.4492619998734524],[-40.026953554744836,-3.4498951533709628],[-40.026269136733106,-3.450704680564053],[-40.02958249440781,-3.4533576476110297],[-40.02940497863749,-3.4543869593634144],[-40.03112931847199,-3.4544436177050843],[-40.031518050402276,-3.4560287540036816],[-40.032887570918334,-3.456087091705981],[-40.0336240374994,-3.457637243348818],[-40.03491392882081,-3.45787984807846],[-40.03738626202493,-3.4602201723462453],[-40.0372686623449,-3.461584478831414],[-40.03795275642117,-3.4622702235977783],[-40.037017625429385,-3.4630682179817973],[-40.03623810692891,-3.462415704791753],[-40.03619586906018,-3.4629973217710983],[-40.03894852056345,-3.4646600272417056],[-40.03918517625244,-3.465456732680249],[-40.037607595845806,-3.4666339548170804],[-40.03835873165406,-3.467640325726814],[-40.03788258172965,-3.469995850103184],[-40.040513541041655,-3.4714289218079535],[-40.040759065406654,-3.4736188897056457],[-40.04295246243933,-3.47565075652283],[-40.04111852396035,-3.4756288554575128],[-40.041092324632665,-3.477976323746162],[-40.04039987658356,-3.478551480146599],[-40.04036288339126,-3.477395561862048],[-40.03989117112566,-3.4772740259150465],[-40.03854361020827,-3.479896170089349],[-40.03891158513325,-3.4831554263125115],[-40.038026637325494,-3.48411850891693],[-40.03915574986834,-3.4842752159572257],[-40.038548865734526,-3.484692320772041],[-40.038771374658275,-3.485611098213207],[-40.03814935689752,-3.485259973281281],[-40.03804395801458,-3.486882741502386],[-40.03750154419467,-3.4874505523393933],[-40.03787433956043,-3.4885845601314545],[-40.03858452253872,-3.488794761162627],[-40.03786187694472,-3.490250304680816],[-40.03826986452388,-3.490896041377337],[-40.0374561269413,-3.491643650151236],[-40.03752914050754,-3.4930651849782604],[-40.03656560707351,-3.493870777467715],[-40.036305005591814,-3.4951395110765273],[-40.039008514721964,-3.4969460902467064],[-40.03894976116934,-3.497664142447372],[-40.0399753170017,-3.498931445517493],[-40.03959450685363,-3.4993368234975937],[-40.040405565934144,-3.500319074068967],[-40.03965593456627,-3.5007611223856787],[-40.040552247766,-3.5023313008832835],[-40.04115804304352,-3.5023285981273067],[-40.04120626039421,-3.5028550675938472],[-40.040361219593194,-3.5032987685388424],[-40.041362570239585,-3.5042071011933964],[-40.04074422082355,-3.5050334758029096],[-40.04132841862009,-3.505631145897059],[-40.040470977621965,-3.5056321031014996],[-40.04049729567679,-3.507893731508548],[-40.03950872193954,-3.507775170349819],[-40.039187934224856,-3.5084576157387852],[-40.04056166082764,-3.512249445346022],[-40.04027346791631,-3.5172750441921794],[-40.04116893960054,-3.51782457663879],[-40.042164991711324,-3.517603198702811],[-40.04279011669543,-3.518583744987266],[-40.04469638137135,-3.519313948229884],[-40.04455864030223,-3.5203050025494855],[-40.04547351327451,-3.520533727996916],[-40.04498905372025,-3.5211899545185292],[-40.04554841754196,-3.522998647606757],[-40.04519134732983,-3.5238080592949474],[-40.04567875164719,-3.5245349889474573],[-40.046549467689786,-3.524237319096583],[-40.04606492279524,-3.524816960965624],[-40.046627911108395,-3.525601322640081],[-40.04561389406176,-3.5261768548162737],[-40.04484449612005,-3.5282503071162603],[-40.04534075209153,-3.5289964516708467],[-40.0446512067318,-3.5300598482583547],[-40.04579999406554,-3.5313462170650847],[-40.048658654154806,-3.5317450542933235],[-40.0493330590056,-3.534171077023503],[-40.0488912776606,-3.5352772737972233],[-40.047519299757404,-3.5352501097769853],[-40.04750724898062,-3.537246120508303],[-40.046250998216586,-3.5384681180887996],[-40.04718376238857,-3.541884668320866],[-40.04718891380737,-3.5464654040515406],[-40.04646138276186,-3.547643724964581],[-40.04659142623873,-3.548907230355223],[-40.04560592270462,-3.5494396583215453],[-40.04662599311233,-3.5542202772314666],[-40.04539955277864,-3.5565479428276685],[-40.04504524341287,-3.559190530121936],[-40.04300435584891,-3.561677078933862],[-40.042650559187585,-3.5647791776165505],[-40.04332629516166,-3.568353975033342],[-40.04637431244484,-3.5717968238564612],[-40.046977655212174,-3.5745244737806665],[-40.04796538066744,-3.575930590941969],[-40.050911961652666,-3.5781098774865283],[-40.0508857348851,-3.580177699032609],[-40.05226135333759,-3.5833352393456535],[-40.05493581510375,-3.5849835098591227],[-40.05643599599676,-3.584579703207727],[-40.05763776294907,-3.5856696425288317],[-40.06045293856867,-3.585393539464506],[-40.06191143244607,-3.5860236646871066],[-40.06281543378753,-3.5891530054447918],[-40.0659472487104,-3.590786339193739],[-40.06640673860713,-3.59263818796438],[-40.06839294516452,-3.5923199471873377],[-40.06990845335416,-3.592806392083717],[-40.0699829522101,-3.593898214729552],[-40.06607606522939,-3.5935318457900323],[-40.061224793941065,-3.590139076231744],[-40.05874647144585,-3.5892205519009184],[-40.053065921913316,-3.589645960683915],[-40.04846286223934,-3.5845416211946017],[-40.04338476136647,-3.5805865618160952],[-40.04018156353087,-3.5810808404166106],[-40.036929743674854,-3.580707597381774],[-40.03399001006628,-3.582499915703355],[-40.03262063834777,-3.582740795514212],[-40.0264501340237,-3.581706674109319],[-40.02075791152854,-3.582371215572428],[-40.01813596104613,-3.58078259876347],[-40.00949828867002,-3.578099719046012],[-39.99749524796946,-3.5801532054294665],[-39.98879763332023,-3.5770932280202583],[-39.984080603140946,-3.5764760545117067],[-39.9804436617213,-3.5723514689618088],[-39.97441111756841,-3.5716223547889276],[-39.975044172351645,-3.5735065476619696],[-39.978096202425014,-3.576399220173647],[-39.97845479764928,-3.5776194353321875],[-39.9762687211427,-3.5826956382878703],[-39.976725088815606,-3.5862612145497788],[-39.97946949976235,-3.5910209955152315],[-39.97997542439302,-3.5963575752427817],[-39.98395723273368,-3.5998714627688813],[-39.986108279141924,-3.6065465041716975],[-39.98604081634492,-3.6102562297677068],[-39.98661489494831,-3.6124574617627427],[-39.99128785139428,-3.6161859346403853],[-39.99312446591652,-3.618385771655592],[-39.99317896803977,-3.624680138671173],[-39.99375339535776,-3.62716855609682],[-39.99642326547369,-3.6288887957559854],[-39.99947712884366,-3.6331933762979634],[-40.001527009349935,-3.634315953904526],[-40.00446541639285,-3.6418755343834155],[-40.00806495129044,-3.6440972739628084],[-40.009639340111924,-3.646034080918053],[-40.00940315244526,-3.647853258473621],[-40.00778570271051,-3.650032987145473],[-40.00683851203142,-3.6551317957393894],[-40.00838088251246,-3.6571739409293422],[-40.01012420113509,-3.6610251919518046],[-40.01291549697751,-3.6646837817723923],[-40.01341869852585,-3.6672919084430102],[-40.015089358130105,-3.6700423027230054],[-40.01460558181273,-3.674099496913754],[-40.01631219903883,-3.6770293399164378],[-40.015326181688785,-3.6793400002584407],[-40.016009205180204,-3.6829411335768527],[-40.01472568609578,-3.685503431542091],[-40.015728791223275,-3.687751983872548],[-40.01870979155561,-3.6905247871249083],[-40.02026245157422,-3.6941847411783857],[-40.01852796954287,-3.6982074757545385],[-40.01891217170775,-3.700863590856588],[-40.016582235337964,-3.705006678433967],[-40.016347411871294,-3.70799258680019],[-40.01436180861015,-3.7144036842121464],[-40.01782718108966,-3.7223799410581004],[-40.01431115174315,-3.7243826484195703],[-40.01430999794974,-3.727164061392417],[-40.012349459301085,-3.7285013437167303],[-40.01312468441999,-3.7314106988854063],[-40.01234385195348,-3.7319285536905493],[-40.01330697578884,-3.7327810483636403],[-40.01241200585906,-3.733192136554382],[-40.01151132708057,-3.7381334224246188],[-40.012203847213165,-3.739544671381598],[-40.01504014390887,-3.7405992240854617],[-40.01342257177688,-3.742755074765258],[-40.011590884929014,-3.746850131870524],[-40.01300774412155,-3.7479138875373734],[-40.01334971923658,-3.7493146809289746],[-40.01333319692116,-3.7512342092495916],[-40.01198334073183,-3.753950598220905],[-40.01150349045853,-3.760620849466815],[-40.00751404989291,-3.7634734105336674],[-39.97634315547965,-3.7766763125082],[-39.92486106659766,-3.9460853876258817],[-40.00694697623573,-3.8990925066159474],[-40.00489665998021,-3.9034943072490402],[-40.00259029429997,-3.906593810045679],[-40.002034356076805,-3.9085299809587517],[-40.002891760284186,-3.911451608209707],[-40.00123058308301,-3.915369436956001],[-39.999309415995846,-3.917514316250819],[-39.9996240092423,-3.9188771100337596],[-39.99918114837434,-3.919608448518683],[-39.99786204016037,-3.9195448083724305],[-39.997444730306135,-3.9200438403708526],[-39.997419629134676,-3.9206739610000705],[-39.998778766072924,-3.921562873198963],[-39.999136914118246,-3.926669195328987],[-40.000145199350165,-3.9287546560525692],[-39.99923450410517,-3.9305163531518628],[-39.99384903712663,-3.9365553261884165],[-39.990961441338506,-3.9386920371766836],[-39.980392145003115,-3.9417705523113225],[-39.97667914729103,-3.9440348652015413],[-39.97344472915277,-3.9463271502736337],[-39.970558103075675,-3.950447100383438],[-39.96910224611457,-3.951686705104975],[-39.963671481399835,-3.9540146182414704],[-39.96227592610873,-3.9552542711036587],[-39.96002703613404,-3.9599287981555946],[-39.958630846091715,-3.961045457359904],[-39.95434546809486,-3.9626912539981163],[-39.95244270997711,-3.964302595320653],[-39.948925504270875,-3.9689777892200313],[-39.94575361626415,-3.9756041923695205],[-39.944739405533824,-3.975976765053262],[-39.942960061313535,-3.97554558004644],[-39.94197796313434,-3.9761965592751984],[-39.94144826123286,-3.985885930280908],[-39.93980136121377,-3.9894002913637885],[-39.93859562205354,-3.989960560962137],[-39.93602176608969,-3.9897465083634316],[-39.93182584506355,-3.986472140951606],[-39.92824366430701,-3.989663507953825],[-39.924716318073,-3.9883967282523214],[-39.92344607315615,-3.989144623355239],[-39.922432187170735,-3.9909994360093566],[-39.92348577811563,-3.9956708253834905],[-39.92285222231437,-3.9980244720485225],[-39.919207471338915,-3.9982778923593485],[-39.91704140223408,-3.997505157975233],[-39.91593020930626,-3.998063809320218],[-39.91589897804177,-4.000787813371042],[-39.91396699008158,-4.0034822123534495],[-39.91047481830732,-4.003918896134405],[-39.91015741722824,-4.00466328307156],[-39.91114352201539,-4.006115997143706],[-39.914700006297686,-4.00648279326834],[-39.916161966402086,-4.0073474092034775],[-39.916198179983354,-4.010225739160771],[-39.91401285928912,-4.01663541039478],[-39.91427106024347,-4.019482332328775],[-39.915160521410066,-4.0205331789506085],[-39.91675255425831,-4.021014672963564],[-39.919004764089664,-4.020930479993479],[-39.92110067725914,-4.019999106143269],[-39.92224306518673,-4.0204932390149315],[-39.92256112001271,-4.021669718174342],[-39.9212632790924,-4.024549410016302],[-39.92145413538432,-4.025787839236414],[-39.92447529001716,-4.029776116089041],[-39.92473321003108,-4.032375598063365],[-39.92695794216318,-4.03416716539303],[-39.92651502124967,-4.0355916081973415],[-39.92497777818339,-4.036297894292596],[-39.923882925190306,-4.038224913030249],[-39.9230560733578,-4.038226771009554],[-39.91736760038494,-4.034116195136875],[-39.9161606641317,-4.034425940329165],[-39.91424064682622,-4.03500326478426],[-39.91359171540095,-4.0373086181273115],[-39.912196332987,-4.038858232178931],[-39.905750802642004,-4.040844413658275],[-39.90396989710678,-4.039145971230098],[-39.902368500324904,-4.03868526712252],[-39.89867101131994,-4.04314450899161],[-39.89673501833505,-4.043424269170201],[-39.89349511902003,-4.042870860335716],[-39.891332304369406,-4.040026177051293],[-39.88818700919838,-4.03931815900678],[-39.88609210501639,-4.03987611615449],[-39.881996399134486,-4.042140822045411],[-39.87574130115039,-4.041929589319799],[-39.868756283160415,-4.044288209220888],[-39.86932939832837,-4.045342414291661],[-39.87222030012857,-4.046174363352139],[-39.87304752808577,-4.046916032391508],[-39.87181423935302,-4.051715624063945],[-39.874674318354494,-4.0533221753971125],[-39.875218234306075,-4.058056315251521],[-39.87706365822494,-4.0606533593917735],[-39.8770028262665,-4.063067022138814],[-39.87601943624067,-4.064274744074078],[-39.87163864413751,-4.066137303279842],[-39.86703660911776,-4.069144052040153],[-39.86386402003662,-4.072550726364427],[-39.86097655919956,-4.074256810155036],[-39.85894479026653,-4.076920986246427],[-39.856628727271,-4.077140298153348],[-39.85593031111474,-4.078069223296953],[-39.85342319138175,-4.078445418300358],[-39.852854493311796,-4.083055284238503],[-39.84974606605617,-4.086834751386466],[-39.84933314558058,-4.088166141723545],[-39.850676926197885,-4.091191618007444],[-39.85566371625781,-4.095802523065894],[-39.8573172592056,-4.098277915367307],[-39.85760791708649,-4.102763498304296],[-39.856276549367095,-4.1046232153107285],[-39.85487963005547,-4.1053671300408165],[-39.85047470111389,-4.105229822973227],[-39.84617935632981,-4.108967433130012],[-39.8428787322814,-4.110332267949931],[-39.84062603809727,-4.113527440957855],[-39.8390170581359,-4.112433377028533],[-39.83026258424923,-4.113929383939992],[-39.818537540315894,-4.11785811587555],[-39.811305974387174,-4.116612342265783],[-39.80978025407391,-4.117159748177382],[-39.80930049327726,-4.118884521961746],[-39.80962285630863,-4.120136175873804],[-39.81106903211417,-4.120759712109313],[-39.81155247010762,-4.122169491099031],[-39.80713709992452,-4.125539746923624],[-39.808989215199524,-4.130156893843291],[-39.80786862805565,-4.134229235877756],[-39.80867374326722,-4.135480532127364],[-39.803058088253046,-4.143316191870562],[-39.80257860815596,-4.145507694748884],[-39.800173464059334,-4.148326310993195],[-39.7978486699692,-4.154045439086144],[-39.794071662113915,-4.155223605769718],[-39.79536175595068,-4.159605425071042],[-39.79447949297945,-4.161251004058687],[-39.7879785729543,-4.167285263160805],[-39.78781981825666,-4.169164578902185],[-39.78862344191935,-4.169946456082494],[-39.788224906016616,-4.172373471778246],[-39.78661877001407,-4.173155985944253],[-39.7837251142385,-4.172379471932822],[-39.780915514170935,-4.175121115065354],[-39.77786209523623,-4.173871475816583],[-39.77440748008639,-4.173326360027856],[-39.77262065821673,-4.174919156536941],[-39.7730595109829,-4.176933732070661],[-39.77532181950372,-4.179831297732306],[-39.77980656435608,-4.182609405393074],[-39.78039895854269,-4.18397512785827],[-39.78342843911234,-4.184905287780282],[-39.78790132745962,-4.188568321420777],[-39.78990950718273,-4.192135850647135],[-39.78991997369033,-4.193945585346093],[-39.78509245500729,-4.196823835882563],[-39.782603630869176,-4.200616804066788],[-39.781861691575166,-4.2067104103111275],[-39.778688775911284,-4.213490699772726],[-39.77655195161532,-4.216511953724588],[-39.774224005811575,-4.222205155693772],[-39.77314053099967,-4.22344483557139],[-39.77343799728366,-4.226352270413439],[-39.77222073014016,-4.229862467207646],[-39.77099406973061,-4.237021397279095],[-39.76580803833582,-4.248004226564184],[-39.76355422227348,-4.249843546676514],[-39.757923381341975,-4.250735644341412],[-39.75371812333666,-4.252779933799432],[-39.75159635433134,-4.253028966755907],[-39.748894746583616,-4.254771795733241],[-39.74827124335641,-4.255790132618642],[-39.74812769433496,-4.258067850717366],[-39.74249768192006,-4.26068555130295],[-39.740626161276765,-4.262869457931353],[-39.737482819072376,-4.264557773529006],[-39.737009940876604,-4.269011173665164],[-39.73294819352921,-4.271764904813416],[-39.730193250273956,-4.27487333944726],[-39.73208203593064,-4.27648572444246],[-39.732760584348895,-4.278879038378887],[-39.73426370860622,-4.280013064786717],[-39.73653488954837,-4.280720457370192],[-39.737883022811886,-4.282220357862894],[-39.73822501116755,-4.282992836067639],[-39.73759078903384,-4.285036691310709],[-39.736319707719375,-4.286376198362448],[-39.73397993751694,-4.287089249196729],[-39.73361794946903,-4.2884936882869065],[-39.7348742704302,-4.290182111561768],[-39.73752765147804,-4.2912713252225725],[-39.73920762947741,-4.2941142437820226],[-39.73846854984726,-4.296099221610006],[-39.73679566068728,-4.297549121749281],[-39.73566150067089,-4.300360299146034],[-39.73242222453348,-4.303520243519592],[-39.73280430399835,-4.306394818229903],[-39.7322738226882,-4.306976813280552],[-39.729906420828236,-4.3067524856407555],[-39.728016073004156,-4.307375224041215],[-39.72621005976035,-4.308369310892868],[-39.72596804370109,-4.309350231996076],[-39.72737039607744,-4.315891312517226],[-39.72744122754139,-4.319347312558023],[-39.72984788716706,-4.319259693716855],[-39.73216427479254,-4.317740608830176],[-39.73325361007793,-4.318522858018275],[-39.732724619664545,-4.3198201282351105],[-39.73352148485926,-4.3214870063034265],[-39.73339898969212,-4.322675782622166],[-39.73158149866646,-4.325539456552855],[-39.73223742898525,-4.32767587350566],[-39.734284969970936,-4.33078276110192],[-39.73452699850651,-4.333187430665894],[-39.72879241504247,-4.338056171902598],[-39.727835896010994,-4.339263212730574],[-39.72674406429225,-4.343156806232316],[-39.72545874247891,-4.3444119259238905],[-39.71946728998221,-4.344931037946803],[-39.710310227272174,-4.347366896568733],[-39.70840775831882,-4.348165473233774],[-39.708277514017595,-4.348816828057557],[-39.70909949167144,-4.3501708041471225],[-39.7141927996613,-4.354632968184125],[-39.71230705361612,-4.358562045943786],[-39.71253492939335,-4.360531987289911],[-39.71024837582073,-4.363958388380542],[-39.710485311684465,-4.369429719130215],[-39.712366080160656,-4.373947470906476],[-39.70949894387957,-4.376720211204865],[-39.70962871758409,-4.378727697252662],[-39.71150073669284,-4.380157377715548],[-39.71418156646971,-4.380587768283447],[-39.71785588778978,-4.383076724918621],[-39.722162881455226,-4.382547627513171],[-39.72314379650109,-4.38191336064701],[-39.7241571283329,-4.3794717398905485],[-39.72490614918196,-4.379019703218995],[-39.72592860974597,-4.384000580995738],[-39.727486741101345,-4.387542239921998],[-39.72730902382805,-4.392203324609697],[-39.72782022636728,-4.393248101837743],[-39.730258766547344,-4.3947959447081635],[-39.73067188288059,-4.396542791831837],[-39.73257942759047,-4.398459863734015],[-39.73376200663049,-4.398106037280378],[-39.73910166747271,-4.401338207941415],[-39.74257286633733,-4.3999400284975705],[-39.745599886476185,-4.397784310766652],[-39.74860566967276,-4.397034090523246],[-39.754007002551496,-4.399583784905834],[-39.753846297357846,-4.400376290471544],[-39.7526083822361,-4.400943373868726],[-39.75239430010067,-4.401579074851859],[-39.7534012630179,-4.403870232211379],[-39.751904966376614,-4.407499391393407],[-39.750401243457276,-4.408679431075798],[-39.74772026948526,-4.409469503316192],[-39.74575826764801,-4.412025358983575],[-39.74617954365621,-4.413950116302911],[-39.74564107408859,-4.415427426459576],[-39.74303342276886,-4.417385530489038],[-39.73817949124039,-4.422764559643249],[-39.740282094255974,-4.425607627501084],[-39.740553532610996,-4.429299506087227],[-39.73647930830806,-4.432310489649182],[-39.73475632240466,-4.434314282161142],[-39.734607077248576,-4.435052137967624],[-39.736501202300296,-4.439400775950015],[-39.7361892755938,-4.439956425573975],[-39.73240400849678,-4.440575508357148],[-39.73049219129991,-4.444383994764444],[-39.72935945929135,-4.448391354399656],[-39.72977361719036,-4.450140003165712],[-39.73248566380621,-4.451071767464886],[-39.73370184835528,-4.452398970847898],[-39.732581652490786,-4.45708423353812],[-39.73385638272385,-4.464170554529724],[-39.73315900356006,-4.465324625691159],[-39.725202305091024,-4.469280248503462],[-39.72498974746651,-4.469806126913978],[-39.72704887079674,-4.474229879615221],[-39.7254497300696,-4.476527723442794],[-39.72193663639372,-4.478239010343809],[-39.721069726602146,-4.479435758229373],[-39.72067435348932,-4.481508607318602],[-39.72127946474393,-4.482742800977203],[-39.72385054242172,-4.485110150010246],[-39.726701634093345,-4.4849628522225595],[-39.729657503887566,-4.487039775816963],[-39.733331399395446,-4.488567772290984],[-39.73501143407392,-4.492716729492289],[-39.73739681470069,-4.493645113409277],[-39.74084819973275,-4.493020149215007],[-39.74577106860095,-4.490207600977186],[-39.746646898310544,-4.4901947641542925],[-39.74651486980527,-4.493671380234718],[-39.748134949474846,-4.497721344694409],[-39.753509253383314,-4.500390166871827],[-39.756535171334455,-4.5027047054071625],[-39.756740465238686,-4.505808630251711],[-39.75476116290644,-4.50852991993267],[-39.75514168411166,-4.512158784144565],[-39.75728440408355,-4.513694734381099],[-39.760670194846774,-4.5185762125342075],[-39.76279424803544,-4.519041024191919],[-39.767698049771745,-4.5229902068605945],[-39.768593579064316,-4.525641356988706],[-39.76426664607513,-4.530635526109685],[-39.76476273036361,-4.533165887540858],[-39.76410489120571,-4.534541754717239],[-39.75666546845823,-4.535181903206217],[-39.755053452167324,-4.537405199137218],[-39.75109042130712,-4.538460571584069],[-39.74764964898534,-4.540999924956029],[-39.747491880285835,-4.543868400958968],[-39.74669560930606,-4.544521444312578],[-39.745165436281866,-4.544682147907479],[-39.7393505293865,-4.5433231812263495],[-39.73440012309553,-4.540876085327077],[-39.7294043075202,-4.540217853490103],[-39.724599216446144,-4.542296235973008],[-39.71863125960259,-4.540916350124368],[-39.71097775194706,-4.543123764730165],[-39.70441855382466,-4.544122191958859],[-39.7013246580839,-4.54542867210635],[-39.6988821162948,-4.55184881138821],[-39.697382035180055,-4.554095332034074],[-39.69442590056358,-4.555648788211877],[-39.69436995327796,-4.559721948776006],[-39.6933214050297,-4.56199408094354],[-39.69010950224548,-4.5651679336112405],[-39.687015744832216,-4.565016666585067],[-39.68627042728338,-4.567109931889205],[-39.68640475317161,-4.571905519927813],[-39.685569118186145,-4.573493644981604],[-39.68655924043069,-4.5759987462209475],[-39.689401351827584,-4.577653399998996],[-39.69164204924098,-4.578219740935529],[-39.69659561067822,-4.581741831977987],[-39.70086175202243,-4.583691891069846],[-39.70261441233742,-4.586287394828217],[-39.708188594752066,-4.589744911403532],[-39.71119887405774,-4.592710298010979],[-39.71333193929483,-4.593543029638609],[-39.71708868349891,-4.597360862398543],[-39.72002287910983,-4.598285485921916],[-39.723093627702156,-4.600075664745029],[-39.730309698686796,-4.599802346098683],[-39.73321987160326,-4.60128353766163],[-39.73445416434814,-4.603013766029745],[-39.73690495854636,-4.604905257634535],[-39.73840472420627,-4.609342073504037],[-39.74338618618911,-4.61146413917323],[-39.74554464034618,-4.613007929580144],[-39.74727245677319,-4.615158066594168],[-39.75129288381565,-4.617454217832944],[-39.75516439044487,-4.618884799559351],[-39.7574607888884,-4.622691973868849],[-39.76019960587934,-4.625162571542899],[-39.761798852683455,-4.626345648893566],[-39.76557539122923,-4.627304291176635],[-39.77004017098843,-4.630737090424584],[-39.76950346802462,-4.635881563840464],[-39.77202832473557,-4.640151118691022],[-39.772029272831794,-4.641189682382193],[-39.77047245850063,-4.6436418402351896],[-39.7675442783911,-4.646324262797735],[-39.76129117032962,-4.647000625935074],[-39.75804011662523,-4.645716071689221],[-39.755965650068795,-4.646683461577157],[-39.75139596052834,-4.646784009102101],[-39.749121646498764,-4.649018980150516],[-39.74813669025895,-4.649020026790421],[-39.74699797754465,-4.648709690871216],[-39.74536442328378,-4.645154986851045],[-39.74414365989181,-4.644871020537936],[-39.7423166181771,-4.646479732631955],[-39.7386627027159,-4.652593246414122],[-39.73787112131404,-4.65292470843108],[-39.733783803976365,-4.6526434883570005],[-39.7274984572534,-4.653999860437783],[-39.72084919333933,-4.653747080726909],[-39.71598107280928,-4.655926088250074],[-39.71575530690592,-4.656536429005032],[-39.716357487114074,-4.657184825067852],[-39.720039882473806,-4.659264188252429],[-39.72071386321062,-4.660561423742136],[-39.72257824773095,-4.662091184933856],[-39.726486705287826,-4.663904321004434],[-39.727206726441814,-4.665856885106859],[-39.7303646483258,-4.6667507008063955],[-39.72774987694994,-4.671147977330498],[-39.7223565549497,-4.6721265719407],[-39.71964178880598,-4.674217125801993],[-39.717464834025,-4.67782505974286],[-39.71227025045584,-4.680889105368362],[-39.71720934278652,-4.682715613530332],[-39.72189219399654,-4.687064743671008],[-39.72866044292787,-4.687162201188761],[-39.729000611151484,-4.689157308034829],[-39.72745899726967,-4.691722015562044],[-39.72757209594821,-4.692454534528642],[-39.7425826364575,-4.719562762578905],[-39.80677847758224,-4.7077999860271795],[-39.79039531284194,-4.753789079498688],[-39.791021996690915,-4.7541772860153975],[-39.79308254493901,-4.753163711272112],[-39.79347886974355,-4.753845370248454],[-39.796003094242245,-4.751523946647932],[-39.79733461986084,-4.75116033000417],[-39.79742532566342,-4.749695180271796],[-39.7956700756963,-4.747150341015436],[-39.798103492963016,-4.745531996172691],[-39.79895532278573,-4.743694088994172],[-39.80104170858085,-4.742782186699749],[-39.802594762487836,-4.743199225586058],[-39.80446360370505,-4.7415403341916305],[-39.806321156446316,-4.742195649305784],[-39.80898585612912,-4.740203038922124],[-39.81064597972337,-4.740380596395656],[-39.81188347681029,-4.7394217930659455],[-39.81191005118452,-4.740115841811491],[-39.81276848215691,-4.739779759490148],[-39.81333478252612,-4.736066369564543],[-39.815949628616266,-4.736661633889065],[-39.816291325725736,-4.733065185517604],[-39.81754362073628,-4.732944038819504],[-39.81746914789416,-4.7320944791978405],[-39.81813862786517,-4.731758616295532],[-39.8182074436134,-4.731040522591207],[-39.82250735790248,-4.731861141115787],[-39.82375570667603,-4.730019753966338],[-39.8263171675349,-4.732487855464883],[-39.82776920264545,-4.733231056322559],[-39.83087348418749,-4.7332602450783705],[-39.83196058612339,-4.734650082451184],[-39.83327389167716,-4.733185558291804],[-39.83291665175043,-4.7327880919348075],[-39.83354270249247,-4.732649719647614],[-39.834949754554565,-4.733698359331166],[-39.8346555390133,-4.735604181823365],[-39.83522934042096,-4.736653577320327],[-39.83659533979165,-4.735269759784935],[-39.838163773516584,-4.735193068728098],[-39.83873313025531,-4.7341333169793876],[-39.83964532673928,-4.733892874276839],[-39.839995114614474,-4.735525918386041],[-39.84100155133668,-4.736773729595957],[-39.840965877892245,-4.738444636856086],[-39.84241897465394,-4.739157883606662],[-39.84901815247864,-4.736726538642376],[-39.8516782528228,-4.73930210499317],[-39.85492117885581,-4.738095442851418],[-39.85549651081639,-4.738812736601802],[-39.85568255094303,-4.736455056716817],[-39.85759159643364,-4.73692537860511],[-39.85864089015195,-4.736630891064568],[-39.862386159414825,-4.738962735506016],[-39.86229549416366,-4.740395864344504],[-39.86121915646118,-4.741328617142247],[-39.86116234731304,-4.742811565682623],[-39.86164654695082,-4.743711458128076],[-39.86326623753521,-4.7440833955070065],[-39.862823275292214,-4.746040508492228],[-39.86424001649143,-4.7462690956402795],[-39.86384414164918,-4.751651624783135],[-39.86497377726858,-4.7527246098268074],[-39.86502187855322,-4.753908865349756],[-39.86681668500179,-4.75512721439183],[-39.867332927308354,-4.756263402254369],[-39.86854778513465,-4.756333671476107],[-39.87058583975285,-4.75823280607308],[-39.870294866206294,-4.759242365710947],[-39.87204672517358,-4.759491449010719],[-39.873144190193244,-4.760222559487409],[-39.87318706493149,-4.761287998078247],[-39.873971631998906,-4.761511377474383],[-39.874433761222384,-4.7629497842403],[-39.87330937430236,-4.763687163685097],[-39.87392918874856,-4.764835178133066],[-39.87331255360125,-4.766206147091877],[-39.87447660968403,-4.768538169870972],[-39.87344735496688,-4.769048063491312],[-39.87295769681735,-4.770089787720582],[-39.87184114308842,-4.769392610899654],[-39.87112884619716,-4.772306199497709],[-39.87188961051684,-4.772915282651132],[-39.871942626442085,-4.7739024670530465],[-39.87422263330581,-4.773708099679459],[-39.87577406409885,-4.77428052198667],[-39.87893588279777,-4.777143958390516],[-39.878658241447226,-4.778486109421371],[-39.879955702382304,-4.779507594816162],[-39.87933114925238,-4.782335520234314],[-39.87835564286071,-4.782911171805488],[-39.880326173625924,-4.784715607110635],[-39.88055886479741,-4.787682183117883],[-39.88329548651083,-4.788872184441832],[-39.88431271868121,-4.790370692315407],[-39.88554811249768,-4.789145942673912],[-39.88795583028368,-4.789932905188259],[-39.89033188020392,-4.7897525855944325],[-39.892458845659014,-4.789441673314225],[-39.89486696046285,-4.788298707801214],[-39.89791582467341,-4.78913237525075],[-39.90259842270616,-4.787307292129963],[-39.90507516810938,-4.788488712362749],[-39.90564349423183,-4.789792316684966],[-39.90803561537862,-4.790112242517108],[-39.90963312154168,-4.78940409274789],[-39.91586759308468,-4.788480333620558],[-39.91637297398311,-4.78728898625367],[-39.91538694658487,-4.785845346056373],[-39.91577392872253,-4.785259046698373],[-39.91546345729992,-4.783637416049226],[-39.928583383839,-4.774540176106632],[-39.93085717823171,-4.772693946054461],[-39.932905303385176,-4.774329133598323],[-39.934324618232985,-4.774342531470785],[-39.93478425135524,-4.772641461085949],[-39.935901343715344,-4.771447199098353],[-39.93883715212025,-4.769685937146548],[-39.93546418121339,-4.777380866340316],[-39.93605571865048,-4.78033541280558],[-39.93853589507791,-4.781748277900781],[-39.93847238282024,-4.784967936081469],[-39.93304376459946,-4.792453204748569],[-39.92930304900449,-4.795423065666478],[-39.92898414419481,-4.7971099499225796],[-39.929795902028594,-4.799411295806526],[-39.93134007161191,-4.801543303191189],[-39.93407321336121,-4.801763615547619],[-39.93600342445797,-4.803637195572698],[-39.93845276240672,-4.804420647594148],[-39.93923679336201,-4.806850255094489],[-39.94079848852805,-4.8066022759382205],[-39.94105743304772,-4.807900805458192],[-39.942151332232065,-4.808809033031791],[-39.94180252012683,-4.810810866692837],[-39.946240172860655,-4.813490929982157],[-39.94836015857717,-4.815801299937093],[-39.94928095641584,-4.817529593481287],[-39.94763544743351,-4.818636853503987],[-39.94674602019455,-4.820565150244027],[-39.94679596340358,-4.821835275761194],[-39.94946567981676,-4.825768729217108],[-39.94722012635302,-4.828086529336785],[-39.94816138680979,-4.828981761419618],[-39.94878665406869,-4.830763069357066],[-39.947189856246894,-4.831766102774092],[-39.946600386221405,-4.832855208830346],[-39.94675623817827,-4.833803317872761],[-39.94506712126075,-4.837534389544376],[-39.945896837872496,-4.8388759204152985],[-39.945668371198906,-4.839336880619122],[-39.94378096238992,-4.840438178264958],[-39.94067194612764,-4.840808335114779],[-39.93924635077547,-4.842823165223692],[-39.93915000560912,-4.8439991102280135],[-39.934178586391425,-4.850247470713844],[-39.9342928272239,-4.851411957052724],[-39.933285387406535,-4.852484934051359],[-39.93238236339309,-4.855457693029234],[-39.93023759344664,-4.855836754977511],[-39.92880048729115,-4.858513875929401],[-39.9264825706855,-4.859987449175778],[-39.92560779361492,-4.861885455694195],[-39.925629296879784,-4.863304541412168],[-39.92329731400785,-4.864837289235907],[-39.922897064525,-4.8660617686088115],[-39.92127702319895,-4.866329404389097],[-39.92036778193731,-4.867852486993737],[-39.91888417590461,-4.868016486474559],[-39.91867881685342,-4.869173263629907],[-39.91660730982977,-4.871556813500909],[-39.91410089934391,-4.871967379792935],[-39.91247504761256,-4.8736418709828975],[-39.90825923523565,-4.875317035795181],[-39.90767069448906,-4.877107028279076],[-39.90535533413924,-4.87770910462374],[-39.903405340411084,-4.88032860510908],[-39.90346853332513,-4.881110615272771],[-39.901662830532366,-4.882356556756303],[-39.90096814720366,-4.882084915814654],[-39.90179840029264,-4.884048945066663],[-39.897928196600624,-4.884132766612624],[-39.89698167861865,-4.885702084308478],[-39.89467067352974,-4.885399245054117],[-39.892544482385865,-4.886302003138927],[-39.89192381786641,-4.887235467050065],[-39.892442694184616,-4.887951913116452],[-39.89503193187971,-4.887762420117545],[-39.895941210316764,-4.891033082849219],[-39.89515113176954,-4.892201714189095],[-39.892581937193704,-4.891453257408845],[-39.89215100234508,-4.893386839205127],[-39.89405403623549,-4.893202155866036],[-39.89475954889225,-4.8947427865157715],[-39.896279541035895,-4.89446144358496],[-39.89704919591232,-4.89555124145718],[-39.898601051056694,-4.895978446747732],[-39.8985382919559,-4.898944122683127],[-39.89964523400118,-4.899143404364288],[-39.900166301192044,-4.897644878902771],[-39.90148851825215,-4.8990486979887855],[-39.90308872923495,-4.899267396634495],[-39.90296765169542,-4.8998126540929015],[-39.90137565662488,-4.900482071400732],[-39.90058174670697,-4.9023768733108],[-39.90159729922067,-4.9050563323309255],[-39.9035412646891,-4.904930811248481],[-39.9045770401162,-4.903370033374081],[-39.906110918754,-4.9047682811023705],[-39.90694498783934,-4.904870529148073],[-39.907930926419255,-4.902947267025811],[-39.909326809164334,-4.902766805202851],[-39.90978797194668,-4.904269881073825],[-39.90949514298609,-4.905988574913772],[-39.910422033828574,-4.905914993839184],[-39.911102842034104,-4.906698578221769],[-39.91186303295728,-4.903980408988723],[-39.91609094872122,-4.905487725693235],[-39.917441673591085,-4.908223077158556],[-39.918798793941995,-4.908853234496836],[-39.92389785673754,-4.913540553456167],[-39.925209753840875,-4.913602172211242],[-39.92616437685108,-4.911363166618777],[-39.92893789355864,-4.912769957770076],[-39.92982666187936,-4.915148786514662],[-39.93290483336025,-4.918842633512452],[-39.93175669564787,-4.921741200742149],[-39.933462837197155,-4.92229329784146],[-39.93425079943514,-4.924734210972917],[-39.93582459020497,-4.924861921962524],[-39.935993622207064,-4.922891221346979],[-39.93818801105402,-4.922479315949083],[-39.93888846111331,-4.920828967520265],[-39.93961159554151,-4.92199330778642],[-39.941289763159986,-4.922639404082992],[-39.94052952356694,-4.924317406681679],[-39.94217808810596,-4.926324535861233],[-39.94209978189052,-4.927276983010197],[-39.94354693425142,-4.927946934572029],[-39.94374833835105,-4.926848600763945],[-39.94482599149512,-4.926903459000496],[-39.94563289118224,-4.927654156795323],[-39.945446493522944,-4.928582658446385],[-39.946739510912025,-4.929610645528795],[-39.94801046923133,-4.929224943523805],[-39.94880891090146,-4.9273113036017095],[-39.95012871634931,-4.927979029224713],[-39.95098516788105,-4.927329340589335],[-39.951011822573825,-4.92630491667027],[-39.95005375638137,-4.924680425445202],[-39.95047367886135,-4.9234580812453865],[-39.95250711897251,-4.923539755933681],[-39.95656709622028,-4.92543233405419],[-39.95715282123818,-4.927678400831598],[-39.958327966229724,-4.928199865070811],[-39.95937389609827,-4.930474367849243],[-39.96207095637166,-4.9311759764727885],[-39.96284101971419,-4.932359009316076],[-39.96173418266876,-4.934064000491583],[-39.96299580965211,-4.935735016147917],[-39.9630461744325,-4.936956683415385],[-39.96029449319113,-4.938566364991144],[-39.9607216148404,-4.939724218861962],[-39.962483651676564,-4.940126974610853],[-39.963299335586974,-4.938283783458171],[-39.963946420196486,-4.938578414824666],[-39.96427413117488,-4.940347576557121],[-39.963684935330505,-4.941355416372201],[-39.96417157720349,-4.942140280294301],[-39.966056800976816,-4.9409113384709835],[-39.96716034400851,-4.938670533307538],[-39.96865595510728,-4.940844344466111],[-39.968858955794595,-4.941656614068952],[-39.96782318110923,-4.945112425346751],[-39.96918068248265,-4.9472380100210716],[-39.96853907881186,-4.9475550059023385],[-39.95799022324877,-5.02583423391982],[-39.95968904079033,-5.028109639163377],[-39.96415811808999,-5.029106358679177],[-39.968220599056934,-5.027794455361991],[-39.96938491599516,-5.027683999899833],[-39.97048704559864,-5.0284608047106145],[-39.972497254881695,-5.036125382254801],[-39.97130794015648,-5.042857180777923],[-39.97378367464575,-5.049851416320872],[-39.97498574980242,-5.0516242194539975],[-39.977520501226124,-5.053462037808873],[-39.98012625584648,-5.058179138362258],[-39.98212604802549,-5.060376568180134],[-39.98230032932675,-5.061995870129475],[-39.98353643571445,-5.0631553232835085],[-39.98584628672467,-5.067493834101366],[-39.98574583136075,-5.069657898788205],[-39.98669152661836,-5.072143103705657],[-39.988780751165166,-5.073252664648851],[-39.99250027051072,-5.073654181112931],[-39.993014916085734,-5.074140932072091],[-39.99759640373808,-5.084491355544325],[-40.16004230405265,-5.16479000331354],[-40.16101067389982,-5.1650352043902235],[-40.15331916405059,-5.163831972337208],[-40.14733342449674,-5.165476175746024],[-40.14181543723741,-5.165602804773509],[-40.13934834694874,-5.163681319323887],[-40.13647413224945,-5.157751779743595],[-40.13567139054636,-5.15728116211134],[-40.12785068638381,-5.157982769645544],[-40.12286829352052,-5.160300481649445],[-40.120033387959765,-5.160649281475784],[-40.11491810661113,-5.160260664994526],[-40.114509305861894,-5.16080642872332],[-40.11461190101091,-5.163557262193324],[-40.11231236136951,-5.165388552601276],[-40.10625386602359,-5.1646033653914944],[-40.10263276565904,-5.162644738928985],[-40.099302856340216,-5.159457366251086],[-40.097640156834494,-5.15911644101037],[-40.09568710839049,-5.160593510941271],[-40.08969787315011,-5.168174203573879],[-40.08744138493047,-5.170236175296924],[-40.084888812491585,-5.171303426096666],[-40.08172223594859,-5.170737190493722],[-40.07931682941126,-5.165112659718364],[-40.07740656090934,-5.164450101746399],[-40.07261250168,-5.161025894929653],[-40.07183148925447,-5.161714997339827],[-40.073220166163075,-5.167661399203219],[-40.07277207615337,-5.168689132394766],[-40.068081514679605,-5.172289020669553],[-40.068086329451404,-5.175160275868751],[-40.067429076615014,-5.179239439121173],[-40.066778369261236,-5.1803910683015015],[-40.06291009485438,-5.182243132172128],[-40.060969385237236,-5.185804542185461],[-40.05992906686158,-5.186617450040985],[-40.058428407372496,-5.186594819652634],[-40.057437287570885,-5.185747776123073],[-40.0544825182637,-5.180967222498831],[-40.053578056408725,-5.180413088969339],[-40.045313291583575,-5.179051301211188],[-40.041497997050406,-5.1778785566727334],[-40.0388308710089,-5.178329949170138],[-40.03725565534265,-5.179497637396306],[-40.03328934896232,-5.180888665563638],[-40.03197223978494,-5.182727976685082],[-40.03091788797792,-5.187206327142083],[-40.030025719657864,-5.188278277366736],[-40.02772963273895,-5.189411123374872],[-40.02265997625835,-5.188260118543082],[-40.02201915127131,-5.188576561685296],[-40.025448934747374,-5.19320737988013],[-40.028571245357725,-5.195889439369755],[-40.031555853726935,-5.197210046109799],[-40.032182193380834,-5.198939087437958],[-40.03019401170554,-5.2016301969273595],[-40.02477870994051,-5.205448037251482],[-40.02269825255843,-5.206314645414344],[-40.02800998477675,-5.211513071784868],[-40.031469724602516,-5.2193125624367696],[-40.03560575663825,-5.222079268400354],[-40.036905955025205,-5.224801608182154],[-40.03663914149673,-5.226053714695307],[-40.03741326541274,-5.227278593273268],[-40.03712822137285,-5.22808950855331],[-40.03899409658346,-5.228773351005317],[-40.03950954384616,-5.232209599683718],[-40.04081042817831,-5.233463355142608],[-40.04151882333711,-5.235168268197494],[-40.04332226985005,-5.237420711453835],[-40.04542551689904,-5.23807464672093],[-40.04714516394845,-5.239486606156683],[-40.04714744211349,-5.24085467488917],[-40.04574995929188,-5.242948059483086],[-40.04261035230792,-5.260236702869835],[-40.0431293347236,-5.262226959245849],[-40.04689624744785,-5.267503036953913],[-40.04844874461626,-5.273106881079114],[-40.04864489483547,-5.279022473584498],[-40.054096754200955,-5.281911714601366],[-40.056776051800675,-5.286108667741417],[-40.05572397636164,-5.289875659406576],[-40.05586102939415,-5.291837390655474],[-40.04976662480546,-5.29289009877315],[-40.04705417528145,-5.292526553050097],[-40.04468219484008,-5.291254294614234],[-40.04124561684308,-5.29105412003606],[-40.03605367374495,-5.295993178401109],[-40.03430748218337,-5.296351978327858],[-40.031065079739,-5.295784647762524],[-40.027745297079136,-5.296497495113203],[-40.02510011905999,-5.303617697147481],[-40.02714205331629,-5.306917774077849],[-40.030763898386056,-5.310243651196206],[-40.03071660855793,-5.310973808434968],[-40.029389947162755,-5.312183365546273],[-40.02594638858344,-5.313187228357607],[-40.0194877711365,-5.317386199090363],[-40.01817011646518,-5.318443764192913],[-40.017846495165514,-5.319858600572758],[-40.019643723551994,-5.3226049060399205],[-40.023048169625675,-5.324376813522051],[-40.023057220653826,-5.32657721222954],[-40.02092522758118,-5.327965743820785],[-40.02242691868709,-5.3288873028503625],[-40.02388076172643,-5.33159282024632],[-40.02420280189213,-5.333533281008078],[-40.023027925254674,-5.334720693373015],[-40.02302424463904,-5.336039842875847],[-40.024814754537616,-5.338550050713196],[-40.02695539833014,-5.339798864240451],[-40.028206715490974,-5.341647765960292],[-40.0282827703878,-5.343151751627165],[-40.02654546090295,-5.343344336539924],[-40.02637079224137,-5.343858120233353],[-40.02990323578261,-5.348318682992459],[-40.03164468608069,-5.349568232333284],[-40.035056810978006,-5.3497860770474785],[-40.038491643572065,-5.353301523384721],[-40.041633827934824,-5.353017420757668],[-40.04566768674707,-5.356386441557708],[-40.0482304274378,-5.355737328368165],[-40.05049764208844,-5.356058792865036],[-40.05608522850057,-5.358594547956584],[-40.060010657438575,-5.361249172449228],[-40.05966607213919,-5.362382931017826],[-40.05440639062683,-5.362793076808336],[-40.053705649810425,-5.364905488676697],[-40.051828344556654,-5.366212114634312],[-40.052119444490856,-5.366929610433811],[-40.05741825257081,-5.371030618714803],[-40.056913542191204,-5.375189313820066],[-40.056070102522476,-5.376922446016564],[-40.058954130140265,-5.381723159715184],[-40.059279451938,-5.383901540345821],[-40.05862655356185,-5.386848911157953],[-40.0616993439625,-5.3902312827765435],[-40.06093537213611,-5.394381655381172],[-40.05884208048632,-5.397377849255756],[-40.0601027591403,-5.397155225304919],[-40.0616776658946,-5.399151153042582],[-40.06515999102481,-5.400090802023446],[-40.06743796338773,-5.401514375826476],[-40.06924186144353,-5.408392088223476],[-40.070296487482615,-5.409646486133822],[-40.073029769620945,-5.411240535635416],[-40.072463931212795,-5.412954655760713],[-40.07277829384763,-5.413782076532488],[-40.074577406872876,-5.417833206457436],[-40.07722907986393,-5.421425947602145],[-40.08027574726044,-5.423247777819798],[-40.082691562141896,-5.422187098388871],[-40.08337479522134,-5.422499915656817],[-40.0819875797797,-5.4261855012888605],[-40.08612199673708,-5.431774097738483],[-40.08976921219786,-5.435307800480658],[-40.089292042551136,-5.438877516984788],[-40.08997694236156,-5.440103946373292],[-40.09302409953562,-5.4421255754675935],[-40.0998542757765,-5.444054547050488],[-40.100482303800604,-5.445309553614979],[-40.09945207941982,-5.447822831046726],[-40.10012343409862,-5.451305883826387],[-40.10203144138946,-5.452530054580961],[-40.10575847464571,-5.452951490072143],[-40.10669824293772,-5.453549347074495],[-40.105938966071534,-5.458261580581096],[-40.10969829766872,-5.460767131940385],[-40.11004322593581,-5.462707971062713],[-40.108952473045505,-5.464895995128016],[-40.106752006920956,-5.4673107345617575],[-40.106152190090285,-5.469601277046686],[-40.10699258060988,-5.472275994296995],[-40.10872823424525,-5.474616051930595],[-40.10892975738899,-5.479790419633567],[-40.11005014758723,-5.485741027096638],[-40.11233082651455,-5.490386922370594],[-40.10976761867622,-5.492618618813332],[-40.1103968578417,-5.494530056235086],[-40.10871727476474,-5.497921361676966],[-40.10981326795826,-5.50355048961886],[-40.10943816263576,-5.50546309964256],[-40.10814307207333,-5.507686314875182],[-40.107795077677096,-5.510316354026519],[-40.10812380959113,-5.511136562124203],[-40.11103494687074,-5.512387463321811],[-40.112739697456746,-5.515096552135476],[-40.11256449665413,-5.51655300585706],[-40.111372298418715,-5.517932854389642],[-40.11203081424359,-5.520172931333361],[-40.11017749459807,-5.525579508498966],[-40.11123158115924,-5.530145536956698],[-40.11065106490536,-5.535371460847223],[-40.11223512524391,-5.538180707326639],[-40.11436931633383,-5.538440806020099],[-40.115281797273916,-5.539566795094735],[-40.1158823267248,-5.541278662297465],[-40.115217820024036,-5.543428418886484],[-40.11708251141421,-5.54692054037525],[-40.11810286142121,-5.547744764761132],[-40.12019468903039,-5.548211859150115],[-40.121567066678836,-5.549925868440057],[-40.12166152310101,-5.550946394723396],[-40.12469746700551,-5.554152518757942],[-40.12598919946261,-5.552743955872209],[-40.12879334383863,-5.55186434031393],[-40.13060959459484,-5.54949114035648],[-40.13262758090789,-5.54848801384282],[-40.13350621581594,-5.546801835352284],[-40.13561493286201,-5.548596428690739],[-40.13683867648267,-5.548851039351014],[-40.141019561122846,-5.548243411803137],[-40.14266616434545,-5.546498670832701],[-40.144875622044445,-5.541583838394052],[-40.14692132395623,-5.540238005596823],[-40.148801999260364,-5.541833194068256],[-40.156228903219954,-5.542817994236726],[-40.16092861772001,-5.54574939880909],[-40.16684132873413,-5.54339674103809],[-40.16829285160354,-5.543764979877184],[-40.16897772163975,-5.54481995235125],[-40.16898516224939,-5.548645731531629],[-40.171979587354805,-5.552351269312772],[-40.1714199113581,-5.557148749602519],[-40.171965475091355,-5.559688665668687],[-40.17472708938381,-5.5607109160449175],[-40.18465580270491,-5.560748139024769],[-40.18605033219598,-5.561030783406811],[-40.18781708027406,-5.562454736365193],[-40.188275089956605,-5.563881320136066],[-40.18492941274857,-5.56954091828551],[-40.184592580252485,-5.5718256244311215],[-40.186953428906456,-5.571620986603959],[-40.1886364834693,-5.573873037944733],[-40.19193545034298,-5.5732668046591165],[-40.1936717068645,-5.573691546311287],[-40.197424565684024,-5.57655448093297],[-40.20374187959725,-5.580166095314205],[-40.208524995123724,-5.58192629542946],[-40.21433222072709,-5.585365162431604],[-40.22041612876253,-5.586765754123249],[-40.22257075160403,-5.590015921685069],[-40.22556301477199,-5.592464887428918],[-40.228192758639075,-5.591624225323117],[-40.228883570049014,-5.592029597513703],[-40.228865089937564,-5.596886769711533],[-40.23026358688042,-5.5989823250833295],[-40.23016595420518,-5.5999103091904265],[-40.22187876216118,-5.602782619817288],[-40.22025959492485,-5.604099341218562],[-40.22019118433433,-5.605412648860235],[-40.221217057382965,-5.606224148998346],[-40.22456177093947,-5.607073760790115],[-40.22597231359137,-5.608184269248426],[-40.226742890778965,-5.609338804749925],[-40.22724631447878,-5.612078394636386],[-40.23190548641127,-5.6122755341881225],[-40.23469804070722,-5.61438223686422],[-40.234552671953736,-5.616259620071847],[-40.23345382386034,-5.617981916340069],[-40.23004518272214,-5.620558445884212],[-40.23212908890067,-5.627298652217925],[-40.233049016231995,-5.628403020934562],[-40.235982494702526,-5.629824196383872],[-40.236241844879835,-5.631393844796652],[-40.232188375819035,-5.638511065947835],[-40.228667224867685,-5.641773055264047],[-40.229102463436156,-5.6457974457794995],[-40.226178535995444,-5.648915355676757],[-40.22626883767911,-5.651284715172136],[-40.2272700723824,-5.65385193919774],[-40.230491183238634,-5.656699988736125],[-40.22958905532011,-5.660670138744621],[-40.227914975785865,-5.662843351788813],[-40.221803392039156,-5.665596912835072],[-40.22015633085019,-5.667113430266321],[-40.2188297117636,-5.672169264966122],[-40.21411789496247,-5.677603403550946],[-40.21400810438542,-5.679544937404075],[-40.21512872581172,-5.684738350726961],[-40.21422292160007,-5.686967091417248],[-40.21115805750553,-5.690855958080918],[-40.21093396127956,-5.6925407796886365],[-40.21221729446874,-5.693936990615816],[-40.21486480574868,-5.694502482811948],[-40.215037732872496,-5.695586910565479],[-40.214188025444365,-5.697444350990017],[-40.214474061810634,-5.698128956698069],[-40.215556134424894,-5.698526348299054],[-40.21862821413547,-5.698063022243842],[-40.22301520673567,-5.700423182827423],[-40.2248416078048,-5.702931567734034],[-40.226560841884506,-5.708494832044308],[-40.2280737000216,-5.710746916247286],[-40.22958221454298,-5.7109149006327184],[-40.239224983784325,-5.709352669375129],[-40.2413876189148,-5.7093765855214205],[-40.24261257434794,-5.710030467249922],[-40.242758810559415,-5.711857293031368],[-40.240378616418326,-5.716515668400677],[-40.24112388742561,-5.719026308718693],[-40.244285389945595,-5.720389771668606],[-40.24559674999157,-5.721528775032348],[-40.250874688049535,-5.727883680441747],[-40.25574316415418,-5.729072126929198],[-40.25790985937489,-5.730922902794738],[-40.25954117724495,-5.735230098694456],[-40.26550642523845,-5.740134308314429],[-40.26986178513773,-5.742268388177414],[-40.27237342881041,-5.744287020983886],[-40.276654335877716,-5.749901354344314],[-40.28061119381304,-5.750605990691814],[-40.28274806893668,-5.751771693793848],[-40.28509174638958,-5.756362500039288],[-40.28699959476406,-5.756900669071642],[-40.28961646859272,-5.7564379352148345],[-40.29418739300061,-5.751831516269053],[-40.297738290522126,-5.7491114746486165],[-40.3004685822921,-5.748477235914775],[-40.30606758905152,-5.748962986603212],[-40.30933923649903,-5.748357264280104],[-40.31360812950982,-5.745069171825056],[-40.31890573600696,-5.742424770431542],[-40.32270692155619,-5.742431211298446],[-40.32897226930532,-5.746182230853609],[-40.33516185430994,-5.747029238592764],[-40.33970519648099,-5.748813265487328],[-40.34477074787098,-5.747146997378936],[-40.35006223223226,-5.743979187823438],[-40.35463549447899,-5.743298458874354],[-40.358108399718894,-5.743889740211909],[-40.363058355544574,-5.743392658882653],[-40.36379943459745,-5.743904675104954],[-40.36551484734694,-5.747326140932366],[-40.37091972533647,-5.746685186040737],[-40.37208769635758,-5.747224742786106],[-40.3726321771085,-5.748850609426916],[-40.37261584595394,-5.753903282971683],[-40.379914266850555,-5.759680615367838],[-40.38065724260814,-5.760963404243098],[-40.38126541717343,-5.765386540988845],[-40.386461722576946,-5.772510481495788],[-40.386419133665974,-5.778391150301453],[-40.387216888857296,-5.778788849019849],[-40.3910574435129,-5.778351323982025],[-40.39291260036314,-5.780601939608926],[-40.39638593541699,-5.781278476670999],[-40.39735550056645,-5.782103958886845],[-40.39811103185201,-5.788467829634524],[-40.4037044785328,-5.794933950621914],[-40.40698247020358,-5.79709532223945],[-40.40668085883461,-5.801720495405054],[-40.41113050058693,-5.805820147808263],[-40.41102856644243,-5.810616105679671],[-40.41202715013291,-5.811641247353546],[-40.413564683515126,-5.811951399389204],[-40.41931187002559,-5.811451705650543],[-40.421931669527126,-5.812158754109386],[-40.423984620298846,-5.813752140878399],[-40.42711070998382,-5.818379037501385],[-40.439247724018955,-5.822942349149992],[-40.45227529373234,-5.829187345623662],[-40.4547088113169,-5.8293380607849175],[-40.46056682235974,-5.827681501902381],[-40.468134157269866,-5.826805505223404],[-40.47047849073289,-5.8254863689285665],[-40.474093198009896,-5.825733850432119],[-40.47466370650267,-5.826246116834204],[-40.474128903565635,-5.828516793878144],[-40.475683598334854,-5.829954248905604],[-40.47610064268696,-5.831623030065099],[-40.48354534191359,-5.832816818549458],[-40.48672385776875,-5.834892124210559],[-40.491047005175034,-5.833967301436249],[-40.494207073838524,-5.829063467100917],[-40.499593468174105,-5.826751323988508],[-40.501871886689706,-5.82744457798856],[-40.50436127089788,-5.827195302240251],[-40.505825003903915,-5.826534846413383],[-40.50718696104767,-5.825061121820954],[-40.51154546841262,-5.826776359837873],[-40.51210576950788,-5.823463647813759],[-40.51556740748495,-5.825009980475684],[-40.516861788683826,-5.824849507433413],[-40.51718282892056,-5.822536544336809],[-40.512412581555246,-5.8171366674280875],[-40.51377007314048,-5.8153240049277946],[-40.51352352615874,-5.81355497981687],[-40.51579252150707,-5.813413335182187],[-40.51735925031575,-5.811411374715676],[-40.51849745970084,-5.81137973972334],[-40.52100055564383,-5.81364937865182],[-40.52260296617092,-5.81703484118705],[-40.524162545710254,-5.817651450477597],[-40.5293905295526,-5.817408964230812],[-40.53154038198637,-5.817988412632054],[-40.53486391408708,-5.821190809875976],[-40.53546027513884,-5.823429824828833],[-40.536765487032305,-5.8247037120227745],[-40.5431343470668,-5.828004527073424],[-40.54716445217334,-5.8319112408836205],[-40.55003490265968,-5.833194888655501],[-40.55067066873275,-5.834134890629839],[-40.551172366608405,-5.838072612294241],[-40.55314241185911,-5.840450584113778],[-40.55552054986926,-5.841193411895396],[-40.56526287072619,-5.840732489742565],[-40.56421810977613,-5.840222438254645],[-40.56404938530996,-5.838493075662984],[-40.565065026030936,-5.835740320584971],[-40.564244411137956,-5.833880215744973],[-40.56734312475097,-5.83291575708652],[-40.56710645982575,-5.830691655873507],[-40.56780643941744,-5.828955037637811],[-40.56851675985443,-5.829010874079156],[-40.56920591415564,-5.827993295066219],[-40.5651835092286,-5.821746824322284],[-40.566000943115,-5.820949902029677],[-40.565207489224115,-5.820126034978163],[-40.56528443015974,-5.819097588066442],[-40.56598697368939,-5.817820460204534],[-40.5666875512487,-5.8176699636306894],[-40.56637158877176,-5.8169211000524825],[-40.56732751609724,-5.813937648689428],[-40.56792018675471,-5.8135170030222465],[-40.56798008980845,-5.811872100912778],[-40.568862605470464,-5.810974423672102],[-40.567822337132434,-5.808257270848723],[-40.568842211858154,-5.807069122779052],[-40.56818568538755,-5.806121840876136],[-40.56708917872524,-5.806156405635903],[-40.56692099233584,-5.805429559340056],[-40.56756577269326,-5.80553762349857],[-40.568196097290674,-5.80482636937132],[-40.56767211695381,-5.804622566425799],[-40.567112166675265,-5.800651004382626],[-40.56593315529988,-5.799407061403443],[-40.566557291826875,-5.798724829572635],[-40.56629405673314,-5.797430725253252],[-40.567076195038084,-5.796652146270282],[-40.566654181545246,-5.795811979192527],[-40.56715442079569,-5.794527769670033],[-40.566845072130995,-5.79258346343134],[-40.5652917754832,-5.792039355900855],[-40.56515937632756,-5.791060155504175],[-40.56386562501951,-5.789697047618746],[-40.56329211804708,-5.786621983982996],[-40.56396443591968,-5.784191980729557],[-40.56702639000455,-5.781178973681672],[-40.56771044115576,-5.778942546728025],[-40.56709476492164,-5.777769174960205],[-40.570533136590115,-5.772860814518328],[-40.57007476985729,-5.771235077716951],[-40.56890446469096,-5.7702423671095415],[-40.56943781700237,-5.768733526195103],[-40.569000637579876,-5.766120760365709],[-40.57040105433792,-5.762838968710108],[-40.56972319856691,-5.761746199541176],[-40.57045963116226,-5.760248764621816],[-40.57021306027967,-5.757450043425487],[-40.56925004751883,-5.75472507164563],[-40.569857489694456,-5.754101310650975],[-40.56958074224637,-5.753360350372527],[-40.56846902753279,-5.753028436644611],[-40.56694789187713,-5.751483371649961],[-40.56706284669791,-5.749844087370652],[-40.5657589574354,-5.749117905898355],[-40.56461226179077,-5.746907840572005],[-40.562113303801404,-5.745933690515435],[-40.558120714070824,-5.742529065271083],[-40.557461265498404,-5.7415977226761985],[-40.5568611649342,-5.738327384858232],[-40.55325442516705,-5.738444861374711],[-40.55131505789852,-5.737902800044765],[-40.54791877874236,-5.738558023378626],[-40.546960560554375,-5.737555690301361],[-40.54637731080282,-5.738298997859271],[-40.54593316378787,-5.73747472441757],[-40.54403306115507,-5.73709702641323],[-40.543283682350975,-5.733803128159375],[-40.544033536632014,-5.732832071115211],[-40.54356207255268,-5.73072778159601],[-40.54183410167179,-5.729948832051359],[-40.54105503319636,-5.728934037615096],[-40.54158868255917,-5.72750895440082],[-40.540667128462815,-5.726805589210804],[-40.54146502840067,-5.725936095950467],[-40.53769430518709,-5.722775909627338],[-40.537807176495626,-5.721712334654319],[-40.53970021310226,-5.722564340895643],[-40.54081651239483,-5.724307651875778],[-40.542150195028924,-5.72388233092366],[-40.54369433007089,-5.7244366439692715],[-40.545589617369195,-5.7267578462458655],[-40.54999867805995,-5.7271447011719845],[-40.55233559343348,-5.728615848274412],[-40.55554420869472,-5.72951788903538],[-40.559275640563214,-5.734495369455034],[-40.559193604357866,-5.7358402496027505],[-40.56470954606095,-5.736168509711547],[-40.567286377271685,-5.740166799393697],[-40.569813156905525,-5.741518822045177],[-40.57163868079225,-5.7405983021804445],[-40.57361300170466,-5.738389939276743],[-40.57502345982856,-5.7388819550136985],[-40.57889561704981,-5.737831803089527],[-40.5815541268709,-5.7386159856205055],[-40.584024172671086,-5.740106373211357],[-40.586278768077285,-5.735982764866884],[-40.5896408087346,-5.736402574271188],[-40.59238796467519,-5.7382545362672825],[-40.59701283327218,-5.737431049048109],[-40.59798199160709,-5.736722650167552],[-40.599713320015006,-5.737157719180126],[-40.60025374541639,-5.731745169039848],[-40.60149813621015,-5.728486858404037],[-40.60319205053915,-5.727731826796917],[-40.605924000936675,-5.7252935239088165],[-40.612953345353816,-5.725756409760673],[-40.61333908996252,-5.727389830246184],[-40.61543077082866,-5.7298546404933735],[-40.61532494677716,-5.734087739090643],[-40.61693671692256,-5.735009451539012],[-40.618342538404,-5.735059102513653],[-40.62003550483242,-5.733622554323364],[-40.624236747778674,-5.733130558117947],[-40.62523824544414,-5.731023508316291],[-40.628213126292444,-5.729917556745461],[-40.629585619414335,-5.727215681727122],[-40.63057603415324,-5.727084832004841],[-40.63207668901775,-5.725064374601556],[-40.63304068700268,-5.72505613397874],[-40.63304055294704,-5.724433376789056],[-40.63398296405986,-5.724527250022589],[-40.63404161223468,-5.723533897141916],[-40.63558219111043,-5.721783139577221],[-40.63586049500392,-5.720467784459405],[-40.63705977716829,-5.720330266615693],[-40.6390664826405,-5.717855915492152],[-40.63839153994924,-5.715645674335818],[-40.63545665248134,-5.7119253959828855],[-40.635566049486584,-5.710612937386866],[-40.63765787045064,-5.708899605710073],[-40.63862811436683,-5.707076823573652],[-40.64132204342101,-5.705833622135039],[-40.64219873025016,-5.7041497877573875],[-40.64459464358126,-5.7031900106587585],[-40.64827082545207,-5.702807048249199],[-40.64958313664762,-5.70136974964413],[-40.650721390690585,-5.701322481941764],[-40.652251299661955,-5.700268084262879],[-40.653118070061595,-5.700314442022245],[-40.65334759936546,-5.700850138930158],[-40.653964335609245,-5.700529077296766],[-40.65362516488525,-5.697930362264509],[-40.65505596707293,-5.696392355666407],[-40.65647066600385,-5.696534249087767],[-40.65832904084993,-5.6944924874803275],[-40.65891867671684,-5.692977731668562],[-40.65963900339939,-5.692657855685072],[-40.65972447689296,-5.692038926560366],[-40.65813866782771,-5.690688791878843],[-40.658897496188565,-5.689415514043417],[-40.65996202491362,-5.689357786655846],[-40.65954659565807,-5.688936430013298],[-40.66060699172063,-5.6879250210204155],[-40.66024522812876,-5.68673485180816],[-40.66249004112089,-5.686092407190265],[-40.662151445144524,-5.685088907376122],[-40.662959140549354,-5.683549522915245],[-40.662200871725446,-5.683569650164639],[-40.66185290572635,-5.682996440171836],[-40.662521573614036,-5.682964608578889],[-40.66244228582497,-5.6823846432036],[-40.66405666952921,-5.681070074707491],[-40.66396396284201,-5.6799757514714555],[-40.664620049275925,-5.679722644314031],[-40.66246775646521,-5.6787166383355805],[-40.66416364457362,-5.676733275303371],[-40.6752144806453,-5.684414882988882]]]}},{"type":"Feature","properties":{"crpm":"4º CRPM","batalhoes":["2º BPM","10º BPM","13º BPM","32º BPM","33º BPM","34º BPM"],"quantidade_batalhoes":6,"municipios_integrais":49,"bairros_fortaleza":0,"label_coordinates":[-39.688601,-6.628455]},"geometry":{"type":"Polygon","coordinates":[[[-39.623283974482845,-7.426864489141959],[-39.62661632442277,-7.427034826155803],[-39.62890722868737,-7.4256285705315115],[-39.63135390599714,-7.41527157566361],[-39.63415500783405,-7.406845149205432],[-39.63955375674208,-7.395937182906242],[-39.645718345129744,-7.38087805131213],[-39.65308845729132,-7.372262200181727],[-39.67134848371631,-7.3585372141633245],[-39.69751206360011,-7.342165669587],[-39.70618654774719,-7.337762386610864],[-39.736052170487156,-7.328405646315881],[-39.74132212479451,-7.326816627351098],[-39.760426791827754,-7.326258233358148],[-39.776245427837075,-7.328030786795856],[-39.78036630953763,-7.329745339299756],[-39.78922693320339,-7.3319951189622445],[-39.797007010640556,-7.331803752687996],[-39.80078687793466,-7.33044019531765],[-39.8037230709928,-7.330120010922221],[-39.81201552493457,-7.330150477388418],[-39.815350709234814,-7.328701543319232],[-39.81833410289882,-7.3291441239044985],[-39.82409095567076,-7.331831545565779],[-39.82869578666198,-7.332370212230063],[-39.8398198136324,-7.329139619571196],[-39.84812473191362,-7.325100953467447],[-39.85769678540086,-7.325428690995492],[-39.874831574014685,-7.332469504132357],[-39.88628171596563,-7.339310016069944],[-39.88943434866733,-7.339734951196319],[-39.89766983863454,-7.3396827519467225],[-39.91038534727523,-7.3372102839179405],[-39.9263449800279,-7.3409989693544935],[-39.9384194708356,-7.347239699184651],[-39.944209063198635,-7.3491851830188795],[-39.952945711141616,-7.3538654945254285],[-39.99403117150035,-7.37077024452223],[-39.99540633950587,-7.372138879659784],[-40.000707077019364,-7.374478353053253],[-40.04516370870702,-7.380744980166682],[-40.07645060882316,-7.382825765027092],[-40.08745452462484,-7.383093137032484],[-40.127754365038065,-7.381915039529932],[-40.137642111524904,-7.3794431704270655],[-40.16181794133675,-7.36958264503023],[-40.195684658584256,-7.3581486977672155],[-40.220760028819754,-7.34127034593319],[-40.22936680802191,-7.333507870836707],[-40.241971679835196,-7.317995294822325],[-40.2441110664738,-7.316350250539672],[-40.25569573977936,-7.306199360483567],[-40.26298451254816,-7.30102742921755],[-40.28388080308935,-7.299174498692162],[-40.29389939359027,-7.299999896261743],[-40.296544563370595,-7.300951566626443],[-40.308760835965614,-7.3012346546804245],[-40.310740860928355,-7.30069741947749],[-40.31702159114109,-7.3035580683542225],[-40.318353846593965,-7.303369871248853],[-40.32143146170655,-7.305891977060326],[-40.32552362600935,-7.31227781404122],[-40.32652071983704,-7.314834920188768],[-40.3293944135169,-7.318557893375182],[-40.33799888144823,-7.323784097063802],[-40.34682016757382,-7.330237006499189],[-40.3507935883462,-7.334171458704793],[-40.35545536430279,-7.347275786038644],[-40.35822364008405,-7.352492052654367],[-40.360983891054985,-7.355600754711279],[-40.37276958137831,-7.362440368269102],[-40.38748045696352,-7.3670348630603035],[-40.39387811621073,-7.368168449144254],[-40.400349556318645,-7.368532308958325],[-40.41102612569103,-7.368558361431923],[-40.43372474076744,-7.367125427587844],[-40.448863689306506,-7.3612004705577485],[-40.476216170609696,-7.3447458991156],[-40.48286805981019,-7.339290233586835],[-40.500468608711316,-7.327995408176083],[-40.51028648796235,-7.322830213611219],[-40.51658255009329,-7.320273085906353],[-40.52370799196402,-7.318454013372319],[-40.51822960031786,-7.313596583069135],[-40.51426870058752,-7.30783219001687],[-40.511631380969206,-7.299429137094901],[-40.512382796426905,-7.285446967598063],[-40.51527763605106,-7.27516770039662],[-40.51579943580364,-7.264461729414595],[-40.51356115491895,-7.239703338344828],[-40.51095971347556,-7.233854297648339],[-40.51026774442222,-7.224353461425734],[-40.504251478153975,-7.204797270409848],[-40.50129688583542,-7.18865279079611],[-40.49479189506489,-7.182344181513761],[-40.49571028078054,-7.169618059783955],[-40.4871972606994,-7.144833860687259],[-40.48436976846215,-7.133198768944311],[-40.48530146220008,-7.127017966971273],[-40.48921410544973,-7.121514394742419],[-40.48973931174144,-7.11869021114034],[-40.485250689498635,-7.111009323548812],[-40.47043303358007,-7.093970371428598],[-40.47050019011856,-7.091226675526226],[-40.46942120807268,-7.087644107810907],[-40.45936551839741,-7.078505091840602],[-40.45338481024052,-7.0712338179621534],[-40.448743422031576,-7.062553916665545],[-40.444259055425555,-7.055932215099353],[-40.44328151536691,-7.0480955244562224],[-40.43562716266907,-7.040117395196531],[-40.427717705793754,-7.033881140845606],[-40.42656549839578,-7.031445054449245],[-40.42694115172357,-7.029460363491929],[-40.42983564047327,-7.027875845147605],[-40.43489209717035,-7.022800798079441],[-40.438385602326804,-7.018216673276564],[-40.43868460433086,-7.016459474739794],[-40.43750137431591,-7.0154738624593325],[-40.43405352232465,-7.015262531667603],[-40.42801347980986,-7.018476692467295],[-40.42770355492602,-7.017257791109573],[-40.42831099493292,-7.016188839305164],[-40.427851256882946,-7.015351204930995],[-40.425296419402606,-7.015739689725684],[-40.41304891767874,-7.008311190716339],[-40.40624950036173,-7.005326666319834],[-40.40697511152393,-7.003656451823413],[-40.4110715557102,-6.9990773445841],[-40.415801808951606,-6.997727394068828],[-40.423758965171615,-6.997369873029166],[-40.42863516554516,-6.996134844909366],[-40.42987018953879,-6.993343195827571],[-40.4303740960448,-6.975753891611496],[-40.42728437199891,-6.966324147809594],[-40.42887521211019,-6.958742348900082],[-40.429121201587385,-6.9485029054908765],[-40.424473922072785,-6.9372013875996315],[-40.427035899771944,-6.922503595402917],[-40.427033211202115,-6.918022924285403],[-40.42778653465842,-6.915807500870826],[-40.432705736819514,-6.908539385922015],[-40.43395500552492,-6.902142941675497],[-40.43380901837357,-6.8959084966037185],[-40.43291298345578,-6.892717010766626],[-40.42947502391926,-6.887440784393219],[-40.42896133033709,-6.884859962112561],[-40.43007229150731,-6.875647177314973],[-40.430179051727904,-6.867816178242957],[-40.42851951131024,-6.8642545380319655],[-40.420525345753,-6.860592399950408],[-40.41583392595087,-6.859374560466315],[-40.41075535922412,-6.855579903600823],[-40.40755096286455,-6.851293064441647],[-40.40412734157074,-6.843058662339979],[-40.40221917515459,-6.839989558195982],[-40.39701174067579,-6.835455222049963],[-40.38711229691813,-6.830075840712195],[-40.3859673693225,-6.828726230197752],[-40.382902878624144,-6.820991903536265],[-40.378707620566786,-6.815469641293855],[-40.370577334797694,-6.807993515406042],[-40.37051094229564,-6.803157679366034],[-40.36399355725687,-6.806829614200675],[-40.356494126035564,-6.807040327089223],[-40.35452847497095,-6.808819266965582],[-40.356494126035564,-6.807040327089207],[-40.36399355725686,-6.806829614200675],[-40.374106218426114,-6.800590864506781],[-40.38879283320735,-6.796983735292379],[-40.395004269948245,-6.798073162101405],[-40.40414002903451,-6.802472966271943],[-40.416838187519325,-6.81251813258591],[-40.421021551926565,-6.813611124741291],[-40.427738394302416,-6.81371467140446],[-40.43216917834526,-6.812962718256652],[-40.435710721151786,-6.810617136988527],[-40.43899287503546,-6.806674000100017],[-40.44180018323751,-6.792381511590781],[-40.442932688515484,-6.789859046522175],[-40.45203217191926,-6.783760514107889],[-40.45418337338609,-6.778764104979036],[-40.45703813683779,-6.762587251171518],[-40.45815854293384,-6.75766826990113],[-40.45972942441798,-6.754222527735371],[-40.46181291380678,-6.752065171896568],[-40.4686966180156,-6.748574516223802],[-40.47193993375062,-6.744919343002038],[-40.47388974146703,-6.734862334160258],[-40.47692894033978,-6.732816637424286],[-40.50764745523846,-6.7315212100386175],[-40.51739038161655,-6.730479877289408],[-40.533695628275424,-6.725845863569783],[-40.55897277649666,-6.720791965910714],[-40.57936189848402,-6.718212104866888],[-40.59228841979318,-6.717396922497152],[-40.59865650521209,-6.716068612307465],[-40.602209964241545,-6.715996780321793],[-40.61005500108419,-6.713646207594954],[-40.619271482068825,-6.7086359185363955],[-40.63242178816711,-6.698888709908805],[-40.63974659735483,-6.690895707689219],[-40.64523556729612,-6.682984927125786],[-40.64914252500921,-6.6788143162501585],[-40.65130814648687,-6.678170293244507],[-40.66491003091938,-6.678994934785852],[-40.67502015429945,-6.678089793164957],[-40.700526334671935,-6.677347848797336],[-40.71018583347003,-6.676114428324134],[-40.717810926158116,-6.671399195457902],[-40.72609601874922,-6.663189690810504],[-40.73146866466227,-6.656952909255659],[-40.732249216052864,-6.655204961748096],[-40.7322432154559,-6.653570354881651],[-40.72189780181904,-6.618540634151619],[-40.722005640294135,-6.617667602587479],[-40.73196920458744,-6.608639083665417],[-40.73386921524426,-6.6061243740434215],[-40.73648819087023,-6.5999333582289745],[-40.738978163225546,-6.5900283113765825],[-40.739070186488036,-6.584413497141259],[-40.74022792524823,-6.577480798538587],[-40.74222721072178,-6.571703735417595],[-40.745855111328616,-6.565531560981685],[-40.75429453591745,-6.5546559162938225],[-40.78368257803668,-6.528389280278394],[-40.78767149652418,-6.523764966522319],[-40.790564553727926,-6.518685928937375],[-40.79212546460237,-6.512845775847404],[-40.78994265495424,-6.500615998675775],[-40.796588766970615,-6.470685859525155],[-40.79544152686476,-6.4647142518211425],[-40.79377888197391,-6.460174056002605],[-40.79606570413239,-6.445013668598384],[-40.79609256326316,-6.428169151913017],[-40.80148829012187,-6.409668678515267],[-40.80515791665684,-6.393116034342051],[-40.802532493474416,-6.3858888848331254],[-40.80009125899934,-6.381686730230706],[-40.798870958239924,-6.380008214117585],[-40.79539857013856,-6.378251463536394],[-40.792266177189866,-6.37489760929693],[-40.79035030088165,-6.371873782418977],[-40.78440509174468,-6.35735586296253],[-40.781092459684835,-6.351644093297861],[-40.779603180768284,-6.3466007310259736],[-40.77915220558369,-6.341331269833343],[-40.78013832036143,-6.327656261960577],[-40.78286639941157,-6.313358817088453],[-40.78554426487792,-6.309886938246903],[-40.786565344054246,-6.30534908648155],[-40.793047735307,-6.2996759989124955],[-40.79538408283851,-6.298995065844737],[-40.80290665437471,-6.294027570189967],[-40.810507768419534,-6.287047745063585],[-40.81716898089482,-6.27018030940989],[-40.819787486688405,-6.264457538410886],[-40.823578015680624,-6.258248502757979],[-40.827114477365825,-6.253523557637987],[-40.83039611733086,-6.250421851876086],[-40.83134054541284,-6.2477267477878105],[-40.833149515227795,-6.245195363745345],[-40.83574239465676,-6.243081593311626],[-40.852227370673184,-6.224204673028021],[-40.851974691913185,-6.2190790393956155],[-40.84723325202433,-6.202997762705436],[-40.850473039372154,-6.193439280536222],[-40.85194586881103,-6.1857665506237],[-40.8526804519573,-6.178834197900198],[-40.852648937857325,-6.170834074029068],[-40.85362670438548,-6.163265704082993],[-40.85325742490663,-6.160437040994489],[-40.85057182879699,-6.153452366099514],[-40.845950509211306,-6.138348482827957],[-40.84574179885137,-6.134979090905127],[-40.84664691270083,-6.1305010543402],[-40.849052895969145,-6.12341547038708],[-40.85768056902131,-6.105356083507492],[-40.86125661965937,-6.097921270297143],[-40.86507991609762,-6.0876247486119945],[-40.86779455337582,-6.073816243906141],[-40.873675074147016,-6.055278930332831],[-40.87734592536375,-6.051361638568705],[-40.88435984853237,-6.04766475456723],[-40.88653937899227,-6.047180067651434],[-40.902283786158414,-6.049078102269468],[-40.904290721272034,-6.0483715319103855],[-40.90762754765167,-6.044535574491602],[-40.908098920693256,-6.036154522440274],[-40.90402748134649,-6.02075088061376],[-40.89990941660207,-6.015884208909095],[-40.89655066819022,-6.012966991944231],[-40.88989937615846,-6.003856674116405],[-40.88821409627966,-5.998146262503497],[-40.88743476465543,-5.9892007283596325],[-40.88559795224536,-5.986934728537802],[-40.87827147762167,-5.981953543126254],[-40.87565330419998,-5.977704537389353],[-40.873671225959,-5.972927478974008],[-40.873714402975835,-5.96663193200214],[-40.87421311404616,-5.961217928823581],[-40.876444750171736,-5.957657346564466],[-40.876770564738855,-5.955315730243587],[-40.87632761475188,-5.947727177325356],[-40.877894506604186,-5.944491289162574],[-40.879608730984145,-5.935468195643156],[-40.87972892529083,-5.921785604641489],[-40.88029600793673,-5.917541007664261],[-40.88261414343172,-5.915353584639389],[-40.888666971941696,-5.912507177248455],[-40.89454311554874,-5.905866691258837],[-40.89759934939679,-5.901171141306096],[-40.897998594897516,-5.89632814543664],[-40.897493862209586,-5.894391275836916],[-40.894485948055646,-5.8892357306713565],[-40.89357099037406,-5.8854434771842215],[-40.89372403569277,-5.883683024489134],[-40.895520112433616,-5.875625270370472],[-40.89971486698263,-5.863614578236266],[-40.9034834946478,-5.855910819649122],[-40.90572553131417,-5.849150757037942],[-40.90585717550702,-5.84037401927665],[-40.90740878542326,-5.830354783004606],[-40.909137195958536,-5.825424400670783],[-40.9058987639612,-5.801327958033227],[-40.906608990488856,-5.794420038330645],[-40.90965248142175,-5.781615558264036],[-40.90988543162669,-5.7642036921599855],[-40.90622856022357,-5.76416531361709],[-40.90336008955937,-5.765445061180924],[-40.89976521137492,-5.766192597561628],[-40.89742893126402,-5.767464398407311],[-40.89169333602084,-5.767821918841573],[-40.88227752403759,-5.769769965457835],[-40.8809061630996,-5.769522692137035],[-40.879992341982636,-5.767968562620493],[-40.8724061688843,-5.762471643457553],[-40.8661125649145,-5.765881281396072],[-40.86501379104109,-5.765450400974052],[-40.86172020981955,-5.765737174140755],[-40.8602806649619,-5.767428446173669],[-40.852423831141486,-5.767872727081186],[-40.8498133375483,-5.769208165309781],[-40.8485280873208,-5.767540685323169],[-40.846557042471545,-5.769683895888218],[-40.84327445714364,-5.77054450283259],[-40.839002881724035,-5.768479016672654],[-40.837906417775045,-5.765706902448689],[-40.835300654413246,-5.765009573695861],[-40.83418465044593,-5.763350503025242],[-40.832785791478436,-5.762864578814423],[-40.83288437499113,-5.760089160406286],[-40.82740149246605,-5.755979990788486],[-40.82601463540641,-5.755505965807231],[-40.8218121669067,-5.755926105512178],[-40.82101045626307,-5.755438235571901],[-40.8173894688326,-5.755379334228369],[-40.81302989301934,-5.753594635650183],[-40.812147324772766,-5.752084274585988],[-40.811102448931614,-5.7521174966237325],[-40.8093595370402,-5.748564389812208],[-40.80620954109603,-5.745679602438912],[-40.80304892563331,-5.744836259814934],[-40.80065620539995,-5.742733739158001],[-40.793873415851095,-5.7345085520499905],[-40.79123258129427,-5.733239293454626],[-40.78820369034677,-5.733421432507957],[-40.78582252351515,-5.735773409983563],[-40.779924995248074,-5.736437733326639],[-40.778297863518745,-5.735485832227449],[-40.77562735463174,-5.731278296976596],[-40.77227274260371,-5.730121196599458],[-40.771445117015524,-5.728178731556741],[-40.769995416133106,-5.726958698374256],[-40.76941207828035,-5.727257956407917],[-40.76641084070224,-5.726053067256407],[-40.76567863553596,-5.724841173682492],[-40.764450156763026,-5.725659967427555],[-40.762501877787,-5.72511570437059],[-40.761794718401475,-5.7242805298217405],[-40.76022366836465,-5.724549327579924],[-40.758679838746566,-5.721137687558016],[-40.75772086983647,-5.721528199537826],[-40.755393406026236,-5.720304803336079],[-40.75025758686661,-5.720105173901072],[-40.72550883826896,-5.690166077497894],[-40.70428571993434,-5.689366384496949],[-40.67960270072128,-5.690076216038092],[-40.6752144806453,-5.684414882988882],[-40.66416364457362,-5.676733275303371],[-40.66327761806452,-5.677374829621113],[-40.66246775646521,-5.6787166383355805],[-40.66462552258203,-5.679549168705005],[-40.66396396284201,-5.6799757514714555],[-40.66395559136224,-5.681219900258568],[-40.66244228582497,-5.6823846432036],[-40.662521573614036,-5.682964608578889],[-40.66185290572635,-5.682996440171836],[-40.662200871725446,-5.683569650164639],[-40.662959140549354,-5.683549522915245],[-40.662151445144524,-5.685088907376122],[-40.66249004112089,-5.686092407190265],[-40.66024522812876,-5.68673485180816],[-40.66060699172063,-5.6879250210204155],[-40.65954659565807,-5.688936430013298],[-40.65996202491362,-5.689357786655846],[-40.658897496188565,-5.689415514043417],[-40.65813866782771,-5.690688791878843],[-40.65972447689296,-5.692038926560366],[-40.65963900339939,-5.692657855685072],[-40.65891867671684,-5.692977731668562],[-40.65832904084993,-5.6944924874803275],[-40.65647066600385,-5.696534249087767],[-40.65505596707293,-5.696392355666407],[-40.653855859254456,-5.697592893230761],[-40.65345326681323,-5.69916171610431],[-40.65412415148502,-5.699685011780506],[-40.65358082830591,-5.700821764907254],[-40.652251299661955,-5.700268084262879],[-40.650721390690585,-5.701322481941764],[-40.64958313664762,-5.70136974964413],[-40.647209845597665,-5.703212026825656],[-40.643453945429115,-5.703550456733304],[-40.64190823333328,-5.704326967687116],[-40.64054606454508,-5.706494635153551],[-40.63929415159833,-5.706614609349755],[-40.63788341358475,-5.7078132649516995],[-40.63765787045064,-5.708899605710073],[-40.635566049486584,-5.710612937386866],[-40.63545665248134,-5.7119253959828855],[-40.63839153994924,-5.715645674335818],[-40.6390664826405,-5.717855915492152],[-40.63705977716829,-5.720330266615693],[-40.63586049500392,-5.720467784459405],[-40.63558219111043,-5.721783139577221],[-40.63404161223468,-5.723533897141916],[-40.63398296405986,-5.724527250022589],[-40.63304055294704,-5.724433376789056],[-40.63304068700268,-5.72505613397874],[-40.63207668901775,-5.725064374601556],[-40.63057603415324,-5.727084832004841],[-40.629585619414335,-5.727215681727122],[-40.628213126292444,-5.729917556745461],[-40.62523824544414,-5.731023508316291],[-40.624236747778674,-5.733130558117947],[-40.62003550483242,-5.733622554323364],[-40.618342538404,-5.735059102513653],[-40.61693671713037,-5.735009451757459],[-40.61532494694764,-5.734087739128143],[-40.615430771086366,-5.729854640350251],[-40.613339090129934,-5.727389830522792],[-40.61295334536711,-5.725756410022908],[-40.605924000924155,-5.725293524083707],[-40.603192050501875,-5.727731826861701],[-40.601498136262485,-5.728486858360216],[-40.60025374560317,-5.731745169229659],[-40.59971332019192,-5.737157719463534],[-40.597981991782014,-5.736722650214513],[-40.597012833538024,-5.737431049289565],[-40.59238796462175,-5.7382545365467195],[-40.58964080876419,-5.736402574204672],[-40.58627876827235,-5.73598276486193],[-40.584024172739774,-5.740106373499955],[-40.581554127117236,-5.738615985907922],[-40.578895617217526,-5.737831803320214],[-40.57502345983484,-5.738881955211094],[-40.5736130016858,-5.7383899395543],[-40.57163868081701,-5.740598302126273],[-40.56981315709532,-5.7415188222091365],[-40.56728637709593,-5.740166799447827],[-40.56470954630895,-5.736168509717253],[-40.55919360437662,-5.735840249608241],[-40.559275640745554,-5.73449536971749],[-40.55554420863715,-5.7295178892635885],[-40.552335593498185,-5.728615848234736],[-40.54999867802973,-5.72714470116698],[-40.54558961763903,-5.7267578464233155],[-40.54369433036236,-5.724436643909515],[-40.54215019499907,-5.723882330974073],[-40.54081651265003,-5.724307651943092],[-40.53970021329863,-5.722564341049223],[-40.537807176657935,-5.721712334682349],[-40.537694305425745,-5.722775909934729],[-40.54146502845618,-5.725936096179266],[-40.54066712852586,-5.726805589543108],[-40.54158868250553,-5.727508954366534],[-40.54105503340473,-5.7289340374774405],[-40.54183410167701,-5.729948832108075],[-40.54356207271246,-5.730727781588507],[-40.54403353657925,-5.732832071082001],[-40.543283682611204,-5.733803128452739],[-40.54403306109841,-5.737097026571903],[-40.545933163946366,-5.737474724421604],[-40.54637731077834,-5.7382989979401895],[-40.54696056057301,-5.73755569058613],[-40.54791877875745,-5.7385580234139235],[-40.551315057916376,-5.737902800204786],[-40.55325442512572,-5.738444861413464],[-40.55686116511955,-5.738327385172343],[-40.55746126577773,-5.741597722770859],[-40.55812071411692,-5.7425290652797685],[-40.56211330375534,-5.745933690757324],[-40.56461226208216,-5.746907840893769],[-40.565758957450086,-5.7491179060316515],[-40.567062846881655,-5.749844087659156],[-40.566947892169225,-5.751483371898651],[-40.568469027529744,-5.753028436660083],[-40.56958074224513,-5.753360350480517],[-40.56985748972707,-5.754101310805867],[-40.56925004772555,-5.754725071704673],[-40.570213060257444,-5.757450043363547],[-40.57045963119874,-5.7602487645760005],[-40.56972319855721,-5.761746199781853],[-40.57040105456481,-5.7628389688951875],[-40.56900063757464,-5.766120760384302],[-40.56943781722288,-5.768733526227205],[-40.56890446476028,-5.7702423670687395],[-40.57007477001136,-5.771235077950101],[-40.57053313686522,-5.772860814519338],[-40.56709476495996,-5.7777691751877125],[-40.56771044133467,-5.778942547017417],[-40.56702639020625,-5.78117897400127],[-40.56396443616244,-5.784191980912572],[-40.56329211835378,-5.786621984092326],[-40.563865625227514,-5.789697047672948],[-40.56515937628333,-5.791060155774071],[-40.56529177564769,-5.7920393558339685],[-40.56684507213921,-5.792583463617021],[-40.56715442093435,-5.794527769835649],[-40.56665418177326,-5.795811979459732],[-40.567076195201196,-5.796652146263866],[-40.566294056775845,-5.797430725461982],[-40.56655729210481,-5.798724829636581],[-40.56592099461524,-5.799302307156195],[-40.567112166846314,-5.800651004536914],[-40.56767211713802,-5.80462256671386],[-40.568196097347354,-5.804826369700781],[-40.56756577291637,-5.8055376238247085],[-40.56692099235617,-5.80542955951528],[-40.567089178990074,-5.8061564058208734],[-40.56818568534108,-5.8061218408877515],[-40.56884221203707,-5.807069123062479],[-40.56782233708193,-5.808257270917301],[-40.56892416094034,-5.810661392462005],[-40.567980089850565,-5.811872101153328],[-40.56792018672164,-5.813517003260579],[-40.5673275161207,-5.813937648962926],[-40.56637158878521,-5.8169211003712515],[-40.56668755124522,-5.817669963565159],[-40.565986973978085,-5.817820460171933],[-40.56528443027607,-5.819097588118234],[-40.56520748922505,-5.82012603531595],[-40.56600094311206,-5.820949902318223],[-40.565183509465626,-5.821746824495593],[-40.56920591443998,-5.827993295287331],[-40.5685167601287,-5.829010874241778],[-40.567806439668416,-5.828955037912427],[-40.56710645977855,-5.8306916559420765],[-40.56734312495135,-5.832915757396378],[-40.564304638862595,-5.833728414596098],[-40.56506502631816,-5.835740320813823],[-40.56404938534983,-5.8384930758909235],[-40.564218109757995,-5.840222438314964],[-40.56968989705625,-5.841128428391446],[-40.566318055837655,-5.840717296014637],[-40.554431715410715,-5.841068011260418],[-40.55145856989933,-5.838678436436282],[-40.550320141885415,-5.833450928220311],[-40.54716445218461,-5.8319112414532075],[-40.54313434756896,-5.828004526739562],[-40.53635904698695,-5.824369407246266],[-40.53546027574048,-5.823429824919029],[-40.53486391464121,-5.821190810324411],[-40.53187542918484,-5.8182372777046],[-40.529945503904884,-5.817443091709243],[-40.52614050466623,-5.817774519989098],[-40.52314444426574,-5.817354506772422],[-40.52213915057996,-5.816515108678966],[-40.521857689798,-5.81500301896477],[-40.520572168457456,-5.81307257740649],[-40.51934506656637,-5.811777083327423],[-40.51807049201712,-5.811330968451828],[-40.517075298355195,-5.811626191978915],[-40.5157925220787,-5.813413335593963],[-40.51352352620685,-5.813554980500253],[-40.51377007350625,-5.815324005027037],[-40.51241258149444,-5.8171366676074925],[-40.517182828950546,-5.822536545000784],[-40.516861788592806,-5.8248495078553395],[-40.51556740750697,-5.825009980963556],[-40.51210576991234,-5.823463648359326],[-40.511545468421424,-5.826776360333278],[-40.507186961373364,-5.825061121933108],[-40.505825004320926,-5.826534846715602],[-40.504361271462095,-5.827195302678973],[-40.50187188707062,-5.827444577974743],[-40.49959346865842,-5.826751323898902],[-40.49420707390483,-5.829063466996942],[-40.491486983196104,-5.8335665095548],[-40.490051804098556,-5.834283925142997],[-40.48672385828268,-5.834892124645443],[-40.48354534201421,-5.832816818581853],[-40.476371366084535,-5.831793785052479],[-40.47568359890482,-5.829954249362926],[-40.4741289034532,-5.828516793540164],[-40.47466370689732,-5.8262461170075825],[-40.47409319823468,-5.825733850568393],[-40.47047849119084,-5.825486368866429],[-40.46813415740183,-5.826805505104289],[-40.46056682287252,-5.82768150207371],[-40.454708811832056,-5.8293380613615655],[-40.45227529407522,-5.829187345732254],[-40.439247723989475,-5.822942349519663],[-40.42711071033218,-5.818379038040068],[-40.42398462024813,-5.813752140879841],[-40.42193166993237,-5.812158754124252],[-40.41931186999564,-5.8114517056682375],[-40.41356468404967,-5.811951399979133],[-40.41140009574182,-5.811243174120851],[-40.41094152720018,-5.809931261512557],[-40.41113050054205,-5.8058201483797625],[-40.40668085887505,-5.801720495714922],[-40.406982470120916,-5.797095322156626],[-40.40370447904247,-5.794933951149692],[-40.398796927198816,-5.789636493023091],[-40.39788156728478,-5.787726172967532],[-40.397930321380095,-5.784414765247666],[-40.397355501043016,-5.78210395886842],[-40.396385935399806,-5.7812784766776435],[-40.39291260043047,-5.780601939738554],[-40.39105744404709,-5.778351324088021],[-40.38721688926715,-5.778788849131003],[-40.38641913415459,-5.7783911503470575],[-40.38646172247124,-5.772510482090855],[-40.38126541769351,-5.765386540919138],[-40.3806572429752,-5.760963404343348],[-40.37991426735164,-5.759680615465086],[-40.37261584653723,-5.753903283523165],[-40.37251656177688,-5.748080077505885],[-40.37154613527429,-5.746854973056749],[-40.3655148473703,-5.747326140936724],[-40.36379943512087,-5.7439046755130505],[-40.36305835592518,-5.743392658751477],[-40.35810840013259,-5.743889740278476],[-40.35463549497694,-5.743298458964559],[-40.35006223255926,-5.743979187770072],[-40.344770748280844,-5.747146997881403],[-40.340851595452925,-5.748667000320291],[-40.33896454157795,-5.74879107293138],[-40.335161854343816,-5.747029238945519],[-40.3289722694155,-5.7461822314057756],[-40.32270692213317,-5.742431211437118],[-40.31890573653715,-5.742424770342434],[-40.31360812985818,-5.745069171848091],[-40.30933923658436,-5.748357264767865],[-40.30606758950018,-5.748962987107816],[-40.30046858263089,-5.748477236385219],[-40.297738290633845,-5.74911147453307],[-40.29418739339596,-5.751831516401477],[-40.28961646845758,-5.756437935117972],[-40.28571848353033,-5.75667510212943],[-40.2845214472549,-5.755849984643537],[-40.282748068870816,-5.751771693718493],[-40.280611194451645,-5.750605990584385],[-40.27665433628793,-5.749901354426869],[-40.272373429383286,-5.744287020857645],[-40.26986178515549,-5.742268388245803],[-40.265506425605736,-5.740134308523808],[-40.25954117765707,-5.735230098644103],[-40.257909859361234,-5.730922903207232],[-40.25574316407942,-5.729072127616538],[-40.25087468817778,-5.727883681026589],[-40.24559675008049,-5.721528775377487],[-40.244285389905485,-5.720389772286955],[-40.2411238877656,-5.7190263087488535],[-40.240378616516956,-5.71651566833729],[-40.24275881069671,-5.711857292911377],[-40.2426125742553,-5.710030467840991],[-40.240505376331406,-5.709292838695774],[-40.22958221506181,-5.71091490101185],[-40.22756089301701,-5.710433989622884],[-40.22484160837231,-5.7029315684120085],[-40.22301520705826,-5.700423183185768],[-40.2186282141036,-5.698063022608231],[-40.21555613407434,-5.698526348696361],[-40.21447406173194,-5.698128956803307],[-40.214188025829856,-5.69744435148781],[-40.21503773345919,-5.6955869107298245],[-40.214864806220476,-5.694502483260518],[-40.211761453337985,-5.693652415088416],[-40.210846874354296,-5.691741612757219],[-40.214222922116235,-5.686967091589261],[-40.215128725707984,-5.684738350667542],[-40.21400810493458,-5.679544937547768],[-40.21411789492745,-5.677603403882238],[-40.218829711794406,-5.672169264943988],[-40.22015633135117,-5.667113429939351],[-40.221803392438694,-5.665596913107598],[-40.227914976237614,-5.662843351741039],[-40.229589055459236,-5.660670138657786],[-40.230491183817456,-5.656699989164583],[-40.227270072460676,-5.653851939528777],[-40.226268838199736,-5.651284715171038],[-40.226178536571275,-5.648915355724971],[-40.229102463498336,-5.645797445790857],[-40.22866722494188,-5.641773055328362],[-40.232188375897394,-5.638511066526648],[-40.23624184523536,-5.631393845323595],[-40.23598249481631,-5.62982419704162],[-40.233049016251506,-5.628403020994124],[-40.23212908883444,-5.627298652583717],[-40.23004518304411,-5.6205584455461315],[-40.23345382394549,-5.617981917001464],[-40.23455267238908,-5.616259620625581],[-40.23469804059049,-5.614382237113996],[-40.23190548688379,-5.612275534181787],[-40.227246314883736,-5.612078394575901],[-40.22674289113043,-5.609338805021225],[-40.22597231391167,-5.608184269593968],[-40.22456177103667,-5.607073761116666],[-40.22121705764152,-5.606224149321057],[-40.22019118426966,-5.605412649130184],[-40.22025959483778,-5.604099341320311],[-40.221878762224605,-5.602782619788888],[-40.230165954756906,-5.59991030890709],[-40.230263587301565,-5.598982325602667],[-40.22886509037187,-5.596886769987056],[-40.22888357018592,-5.592029598059681],[-40.228192759041406,-5.591624225703832],[-40.22556301481601,-5.592464887615618],[-40.22257075149931,-5.590015921562964],[-40.22041612879467,-5.58676575410728],[-40.214332221146606,-5.5853651623852665],[-40.208524995622255,-5.581926295650102],[-40.2037418799132,-5.580166095710584],[-40.197424566105816,-5.576554481575132],[-40.193671707261345,-5.573691546390859],[-40.1919354506654,-5.573266804325892],[-40.18863648381062,-5.573873038013367],[-40.18695342922974,-5.571620986920398],[-40.18459258070294,-5.571825625083818],[-40.18492941324139,-5.56954091851237],[-40.18827509006083,-5.563881320022341],[-40.187817080500835,-5.5624547364751304],[-40.186050332278306,-5.561030783790853],[-40.184655803356186,-5.560748138718282],[-40.17472708928573,-5.560710916154635],[-40.171965475015774,-5.559688665797344],[-40.1714199112281,-5.557148749609837],[-40.17197958743355,-5.552351269903958],[-40.168985162222725,-5.548645731424805],[-40.16897772156921,-5.544819952340793],[-40.167666460333905,-5.54348076654789],[-40.165789379725695,-5.543741335250189],[-40.16092861825162,-5.545749399281918],[-40.15622890373832,-5.542817994252475],[-40.14880199968432,-5.5418331940426695],[-40.14692132389944,-5.540238005630931],[-40.14487562203618,-5.541583838447508],[-40.14266616487029,-5.546498670549012],[-40.141019561249834,-5.5482434118311446],[-40.13683867657995,-5.548851039278824],[-40.13561493277562,-5.548596429149296],[-40.133506215765514,-5.546801835036567],[-40.13262758099204,-5.548488013826755],[-40.13060959461723,-5.549491140305659],[-40.12879334426158,-5.551864340218575],[-40.12598919993695,-5.552743956376938],[-40.124839761892446,-5.55416653858475],[-40.121661523269644,-5.550946394857282],[-40.12156706662251,-5.549925868963047],[-40.120194688942995,-5.5482118593180765],[-40.11727490069408,-5.547123593886892],[-40.115217820150455,-5.543428418849569],[-40.115882326789205,-5.541278662331341],[-40.115281797836715,-5.539566795766283],[-40.114369316908316,-5.538440806103372],[-40.11223512569094,-5.538180707615066],[-40.11052943439152,-5.5349647621997455],[-40.11123158149814,-5.530145537400763],[-40.11017749513686,-5.525579508830946],[-40.112002556096684,-5.520315712591501],[-40.1113722985242,-5.517932854473798],[-40.11265656995442,-5.516360089442305],[-40.11267490493091,-5.514718418756305],[-40.11071434911005,-5.5121096628549004],[-40.10781702604863,-5.510616150364328],[-40.108143072451064,-5.5076863153611635],[-40.10943816304183,-5.50546310018944],[-40.10981326827955,-5.503550490099199],[-40.108717275320714,-5.497921361548283],[-40.11039685824624,-5.494530056448513],[-40.109767618662744,-5.492618619156502],[-40.11233082689157,-5.490386922480293],[-40.110050147551036,-5.485741027548499],[-40.108929757353835,-5.479790419689701],[-40.10872823429872,-5.474616052251573],[-40.10699258070577,-5.47227599468545],[-40.10615219060393,-5.469601276925163],[-40.10715028745471,-5.46664390156642],[-40.109902344893094,-5.463450543261014],[-40.109926821788676,-5.461252056427585],[-40.10921399955468,-5.460339751301795],[-40.106081892058725,-5.458632519318265],[-40.10658410187927,-5.453321083512272],[-40.10203144171933,-5.45253005447481],[-40.1001234340583,-5.451305883955395],[-40.099452079516915,-5.447822831606099],[-40.10048230369408,-5.445309554176475],[-40.099854276320556,-5.444054547177567],[-40.09302409971391,-5.44212557560547],[-40.08946374325725,-5.439448212115826],[-40.08976921225535,-5.435307800346699],[-40.08612199722116,-5.431774097848923],[-40.081873301710026,-5.425871574665532],[-40.08337637406489,-5.423384960827776],[-40.08337479574458,-5.422499916234421],[-40.08269156257839,-5.422187098757723],[-40.080759221401564,-5.423189840707054],[-40.07953585740686,-5.42304920476488],[-40.07571841329692,-5.419687027548003],[-40.072463931626594,-5.412954656260335],[-40.0730297696035,-5.411240535990542],[-40.07029648783367,-5.4096464860448705],[-40.06924186140038,-5.4083920882482515],[-40.06743796349138,-5.4015143758881425],[-40.06515999104563,-5.400090802585192],[-40.061677666428594,-5.399151152987334],[-40.06010275962281,-5.39715522528728],[-40.05884900796628,-5.39737638997681],[-40.058611288868526,-5.3990021761465705],[-40.059996941523174,-5.4040837376178095],[-40.0613673286842,-5.406118888141201],[-40.064665971070085,-5.40914056171384],[-40.06550557264113,-5.410809678989986],[-40.06507954470044,-5.412541912122349],[-40.061951595041435,-5.414360382415542],[-40.061984583108135,-5.4166615551826265],[-40.06791848962333,-5.424550562189521],[-40.06721683350683,-5.426130060935967],[-40.06406359502111,-5.426681846731144],[-40.061888703665915,-5.426354443052225],[-40.06015524507749,-5.428248254292519],[-40.06038868097478,-5.429895077264438],[-40.06263819982981,-5.432140751233783],[-40.0623408206181,-5.434465659203896],[-40.06033078851439,-5.435526825983394],[-40.056827945997846,-5.435312180903041],[-40.05655270957418,-5.435833348319179],[-40.05802898359373,-5.4402102336341756],[-40.05565617970914,-5.443871452800191],[-40.05672663114883,-5.450588213060309],[-40.05643360379171,-5.453605872421408],[-40.055717002869976,-5.454978535303124],[-40.05508897738161,-5.460604732933612],[-40.05537012874833,-5.462199779151541],[-40.05466472486864,-5.462703378888222],[-40.050173107177265,-5.463063101400732],[-40.046950969776866,-5.4675170764164145],[-40.05021085158614,-5.474876743922792],[-40.05044950273682,-5.478700561607306],[-40.0527580208471,-5.483679044995305],[-40.05384646965783,-5.487722599884303],[-40.0533237620434,-5.488191510324921],[-40.04458113400505,-5.488648248267637],[-40.03940958514935,-5.49102399062815],[-40.03823687385681,-5.490819712140912],[-40.03618604819493,-5.488461154513782],[-40.03407146227936,-5.4875929621325845],[-40.032749193912835,-5.487548755688295],[-40.028661107715,-5.489386166229857],[-40.02792207837438,-5.491264835346027],[-40.0298858022477,-5.49673535303357],[-40.03074422376387,-5.507795360579815],[-40.03005691157922,-5.508415141906835],[-40.02759147227691,-5.50807089373067],[-40.025748157688604,-5.508568203513804],[-40.025239390424886,-5.509452783964152],[-40.026081098596634,-5.513373462792355],[-40.02551531821336,-5.514859097811317],[-40.02435903080255,-5.515206883716324],[-40.02226501509077,-5.513594941718136],[-40.020745157211415,-5.513591670743951],[-40.01407032416415,-5.518321918429174],[-40.01356030583637,-5.519281660765263],[-40.01845399072089,-5.529053220766735],[-40.01806381845441,-5.530044961790136],[-40.015143763069275,-5.5328213855262],[-40.01479623721493,-5.534422059542575],[-40.01594208738287,-5.536106033368163],[-40.02054951496093,-5.53922771894726],[-40.02165666843214,-5.542422403718721],[-40.02341534976939,-5.544888684205749],[-40.02415565661772,-5.548182805694432],[-40.026402290298776,-5.551379247798663],[-40.02737010311241,-5.554236892911123],[-40.03035134398507,-5.557049959795791],[-40.03378360645438,-5.563470918652213],[-40.03619955217412,-5.564803264048691],[-40.04497663020941,-5.5655748725642935],[-40.04785779857807,-5.566858672673098],[-40.05283188362257,-5.572270290368767],[-40.056485831448605,-5.575211915825101],[-40.06264952655388,-5.57793289132094],[-40.06349959181112,-5.576286801572429],[-40.06656098414978,-5.579192648892231],[-40.07218298509766,-5.580129612180428],[-40.07715445297281,-5.582819691805555],[-40.07704727838574,-5.58760672808458],[-40.07595624322474,-5.589325452955424],[-40.07331359190433,-5.589713794855114],[-40.068735916847324,-5.588918050502881],[-40.06549210132109,-5.589362625916246],[-40.06321534657692,-5.590407827304665],[-40.05824535892181,-5.594362222434659],[-40.05719443933727,-5.598047409597771],[-40.05961341941244,-5.603011800389567],[-40.059500891005804,-5.607247216080372],[-40.05829840748502,-5.608338676399604],[-40.05655539442449,-5.608875388751006],[-40.05198542677652,-5.609243884336962],[-40.0510595608365,-5.610442923411205],[-40.05156721803939,-5.611326284142522],[-40.05340913295203,-5.611609497929637],[-40.05490380873026,-5.612864848951534],[-40.05483762040836,-5.614817506499156],[-40.05329560934078,-5.618551158084249],[-40.0533908499524,-5.619852557818383],[-40.05610376945854,-5.623897902066865],[-40.05763522775326,-5.631572126993158],[-40.05944318605758,-5.633685652771659],[-40.06310765474417,-5.635566456101165],[-40.06288402589447,-5.636316508535678],[-40.06184671994434,-5.636858836733461],[-40.055014770231644,-5.638271778078595],[-40.054090523943835,-5.639583163184438],[-40.05420133209605,-5.641498233415326],[-40.05892535289302,-5.646856584915704],[-40.06204600667657,-5.65412200587386],[-40.06491259596196,-5.65682943941091],[-40.06719229447733,-5.659972521681802],[-40.073870694769916,-5.665541690585923],[-40.07366840603483,-5.668453619243718],[-40.0718875271694,-5.6713019926165025],[-40.071608129297424,-5.675440192059233],[-40.070208278082504,-5.675802952192406],[-40.067735386758976,-5.6749358649678525],[-40.06672715220532,-5.675507193585008],[-40.06417936319215,-5.682044854688191],[-40.06425908491904,-5.68666204961036],[-40.063774533375074,-5.688069066753095],[-40.060297700346574,-5.689026630123492],[-40.05666663577582,-5.688256421779326],[-40.05744156946941,-5.690149645667373],[-40.055398774562335,-5.69125732198393],[-40.055277778388785,-5.693286505581826],[-40.05290808008395,-5.693144400669068],[-40.047440756832,-5.697715735537269],[-40.04732598213286,-5.698489543341705],[-40.04909379442582,-5.7008910367436485],[-40.04905524497636,-5.70198925543978],[-40.04627346030901,-5.704126849772595],[-40.045277188566246,-5.709000914468823],[-40.04255458761846,-5.7118847827488795],[-40.04020580989072,-5.712423597113644],[-40.0366023246012,-5.712209501406439],[-40.033616516700235,-5.713022417126153],[-40.02832459751635,-5.712902116655575],[-40.0250643640809,-5.711997650568039],[-40.02369924240817,-5.712313946356544],[-40.02241131131946,-5.710102848631668],[-40.02209616675406,-5.710117655773777],[-40.026064159847,-5.706916785266955],[-40.02907116842265,-5.706136364449137],[-40.03090243931583,-5.703916710941647],[-40.03245783293944,-5.70399764219647],[-40.03540293907857,-5.702617781793838],[-40.03599525236788,-5.703179107136201],[-40.03680582762673,-5.700654572650318],[-40.03797327894357,-5.699698198512921],[-40.03812706481212,-5.698860317249721],[-40.03716954763643,-5.6978135414617],[-40.0376299627525,-5.694771910195438],[-40.036987975414704,-5.693150206816516],[-40.04034147088211,-5.691395668175445],[-40.0398918854021,-5.6904855848418405],[-40.04233190259519,-5.686442737442322],[-40.04115174835443,-5.684467524956257],[-40.04200468516798,-5.6813399301935785],[-40.042653981296105,-5.680387481596884],[-40.0450227344116,-5.679913546073198],[-40.04446158983042,-5.677108110950433],[-40.046228233346234,-5.676073351004276],[-40.04724390428267,-5.673980025157892],[-40.04855390174107,-5.674905470710873],[-40.049129908518374,-5.674586858896324],[-40.04970774541604,-5.672241000721488],[-40.048689993448384,-5.671719345371459],[-40.04800877228689,-5.668902782936985],[-40.04608163575883,-5.669322675500988],[-40.04657462971531,-5.6669548226068915],[-40.046020139217966,-5.667011008651023],[-40.04451934519156,-5.664223999737662],[-40.04379390706306,-5.664143399798003],[-40.04307264718484,-5.664922472593922],[-40.042184897614874,-5.664585986753819],[-40.04412618677402,-5.6596047849328155],[-40.04243045300291,-5.6598284778019545],[-40.039804906571085,-5.655174610319965],[-40.03918950049497,-5.654937908757414],[-40.03952633707072,-5.653287922599459],[-40.038011650317294,-5.653314079381229],[-40.037670579733344,-5.652877275066132],[-40.03851551078209,-5.648903983931681],[-40.03787782670028,-5.646492413194212],[-40.03579919038026,-5.646316635304399],[-40.034469891672096,-5.644359008161604],[-40.03284118257444,-5.6432921622034495],[-40.03157646148441,-5.643383651134548],[-40.031364232273425,-5.642935809439995],[-40.03289338012532,-5.641725544997849],[-40.032613583050335,-5.640219752539503],[-40.03186759001717,-5.639840564190609],[-40.03014374613691,-5.6417102826033405],[-40.02700338639707,-5.640918912477713],[-40.02486549374743,-5.639637553929897],[-40.02195376865146,-5.6425360113277305],[-40.02061793996589,-5.642394515594355],[-40.018627077477554,-5.637637049809899],[-40.021733146067746,-5.638468104319492],[-40.02278622340539,-5.636186759910959],[-40.023902159756766,-5.6357001817178825],[-40.02408096656327,-5.634989017629034],[-40.022969406312974,-5.63507062211143],[-40.01628486065773,-5.63235260828614],[-40.01383412264655,-5.629374380123488],[-40.01274555086639,-5.624966840547188],[-40.01203398118325,-5.624447558507951],[-40.00951500891047,-5.625157910509071],[-40.007802502783214,-5.626879475507295],[-40.005641022714954,-5.627116541295323],[-40.00431373848816,-5.626251299058139],[-40.00253164641829,-5.626583427682972],[-40.00038068302203,-5.625113814051224],[-39.99719964244946,-5.626327820572394],[-39.996134916193355,-5.62762161404614],[-39.99427255963085,-5.62707136025498],[-39.9936038894079,-5.63005203097636],[-39.99067819334388,-5.633076922262061],[-39.98987195472682,-5.633078292828823],[-39.988077453811364,-5.629621674800392],[-39.98585780559315,-5.630798098653272],[-39.98367801352944,-5.629934246768],[-39.98240352670133,-5.632048395517015],[-39.98246271468244,-5.634396622506074],[-39.98092986522104,-5.6355898232116735],[-39.97977072993514,-5.635274675585766],[-39.97705545634416,-5.632944367588404],[-39.97468902347956,-5.632074811303441],[-39.97149983055265,-5.632044238850486],[-39.970565524879,-5.632249218626496],[-39.97020201531067,-5.632996718024008],[-39.96807614299951,-5.63313188073161],[-39.96532762237182,-5.632334717173403],[-39.96459219187612,-5.628195687281069],[-39.96510539449826,-5.625877384333757],[-39.96412224214766,-5.623615927532922],[-39.962562333884456,-5.6228930596668665],[-39.963433960408885,-5.619077435874932],[-39.961726749489834,-5.619564875618467],[-39.9608509420173,-5.619015877280842],[-39.95850498221909,-5.619665900960496],[-39.95668292967341,-5.621146701259149],[-39.95701374708668,-5.6225865779081685],[-39.956633369834044,-5.623712013798352],[-39.958315231562636,-5.625970844578776],[-39.95801210697309,-5.626859824421289],[-39.955307881553416,-5.627570260059383],[-39.95483815125962,-5.628839435491489],[-39.95301009573923,-5.630323231431916],[-39.95616581410096,-5.6325323063208055],[-39.95675266940011,-5.634583011496685],[-39.95637446760749,-5.637414116867917],[-39.954217308781665,-5.637424835887378],[-39.95232362433571,-5.6387754143538045],[-39.95276881033229,-5.640759562503726],[-39.95186370834335,-5.641494760974389],[-39.94815551126772,-5.6381862109248635],[-39.94343914809809,-5.63925885751023],[-39.93942978875364,-5.638044798828325],[-39.93851890052671,-5.636113740356791],[-39.939962689226554,-5.634267817105991],[-39.939811738021135,-5.633244955190442],[-39.93797704820208,-5.633421420162247],[-39.936945692189816,-5.63457183112503],[-39.93568596863241,-5.634837111343546],[-39.93409000025317,-5.6339781095020545],[-39.93112026798586,-5.633963418177131],[-39.93119665909838,-5.633179511525183],[-39.93392465809631,-5.630481262100504],[-39.936987644663915,-5.630003683423197],[-39.93738146768049,-5.627925425717728],[-39.93681434170838,-5.624337985109858],[-39.93538658792055,-5.624083003028122],[-39.93410625639849,-5.624520323554044],[-39.93128416583147,-5.622490583373675],[-39.9261301224071,-5.621529678451841],[-39.924435286159415,-5.622322132260503],[-39.92434004795471,-5.624612180307824],[-39.92352964637595,-5.625762216253224],[-39.9240402112866,-5.626447951111968],[-39.92603577363192,-5.626983265365326],[-39.92593552440484,-5.627791142547135],[-39.92538128301963,-5.628533926799133],[-39.924170497870044,-5.628586703513443],[-39.923240607867626,-5.629713000054748],[-39.922289907553036,-5.632794306711818],[-39.92485637032508,-5.635549942775497],[-39.92448903683942,-5.637414261658808],[-39.923207535299426,-5.63902574873921],[-39.922180069754255,-5.6388837835597],[-39.9212273864346,-5.63692881661155],[-39.91657817294421,-5.6370797489312245],[-39.91266573083865,-5.641493956980431],[-39.910647865306636,-5.642005683815239],[-39.90678629874857,-5.641736492445133],[-39.90476726319853,-5.640535530590208],[-39.90291508066629,-5.636020458177549],[-39.901471854941974,-5.6346337944139915],[-39.89648887156408,-5.632914373399559],[-39.89343149766541,-5.6302500598923135],[-39.890400469406046,-5.631975980307176],[-39.88417263545863,-5.628479700377725],[-39.88146154371512,-5.627705992937171],[-39.87667880158527,-5.627578287407975],[-39.87521287157665,-5.627978301357449],[-39.87470045406253,-5.628780814982547],[-39.87684055634649,-5.630129795353741],[-39.877558864649714,-5.6312176494748485],[-39.878087504134896,-5.636857861001351],[-39.87752997842565,-5.639440441423127],[-39.87590640175889,-5.640053171116857],[-39.87395991182038,-5.638404739886757],[-39.87317467147378,-5.636494292077887],[-39.870026261902375,-5.6348461495301105],[-39.867580262419075,-5.632624050659375],[-39.86582498183738,-5.6301433373450385],[-39.86543847300703,-5.62784267819692],[-39.86060320957035,-5.626194319811936],[-39.85588729156518,-5.627399253972323],[-39.85421497973744,-5.627244042678371],[-39.852042991091096,-5.626150181985237],[-39.84959401485183,-5.623884780757933],[-39.848441573219965,-5.621964288421098],[-39.849584889430986,-5.617527345510512],[-39.84921157275579,-5.614428266451266],[-39.84775328878317,-5.611465898732196],[-39.84599942553301,-5.610387047724004],[-39.84573065324697,-5.6093316438401795],[-39.84702471741671,-5.606431319449741],[-39.84716579586468,-5.604148481267339],[-39.849131615831354,-5.603339498818724],[-39.849417150581004,-5.602498032857887],[-39.84675798749105,-5.600368299757149],[-39.84269825891746,-5.600593946853108],[-39.8410497359565,-5.600428784560639],[-39.83997374209443,-5.599712341451214],[-39.83879738928801,-5.595621498133554],[-39.834923154879625,-5.592539677064365],[-39.834348082497925,-5.591295982123776],[-39.784721597341566,-5.592396330967693],[-39.77693895766671,-5.585506582962361],[-39.77300798143314,-5.588993540519387],[-39.76993248169858,-5.588585640414845],[-39.76920742488269,-5.583210195594015],[-39.76741899079374,-5.581982318828905],[-39.764541618001154,-5.581716686975435],[-39.760491149746684,-5.582276894463086],[-39.75860484243945,-5.581664313157477],[-39.75642761344353,-5.580749883400303],[-39.7510882674095,-5.575879994266322],[-39.74977306107781,-5.576211207381245],[-39.74811147546411,-5.58099697662909],[-39.74712731227558,-5.581883082238401],[-39.74468644342457,-5.593608187667656],[-39.743001012286854,-5.595797946018336],[-39.737588437156596,-5.598177296744731],[-39.73576809512143,-5.597784104153015],[-39.73563522748371,-5.596729898166221],[-39.73462530411442,-5.595676700319401],[-39.725508680481155,-5.594748916529222],[-39.711808853595656,-5.598517626287363],[-39.70835618449026,-5.598273682484385],[-39.705776984620094,-5.598794485277165],[-39.7044612692721,-5.600282837183097],[-39.705197545130524,-5.601158943230543],[-39.70512142291525,-5.602281077709525],[-39.704442012988444,-5.602523598784971],[-39.69976878220347,-5.600002882726735],[-39.69187740212035,-5.599470690919534],[-39.69125303519937,-5.599913937078479],[-39.6908943010311,-5.601516287046939],[-39.69098139587469,-5.604021610309041],[-39.69318854516925,-5.607084709591306],[-39.69329785237722,-5.609622655759114],[-39.69439912440045,-5.613204674348957],[-39.68677414950383,-5.616649715531077],[-39.684089666483516,-5.616255389861493],[-39.68142419451606,-5.616680130697671],[-39.67965906334656,-5.617835379840455],[-39.678859753112306,-5.620528355642199],[-39.67714001776832,-5.621841122848324],[-39.6755928180268,-5.621432632295141],[-39.674483888576425,-5.618964664668533],[-39.67343698503273,-5.618134739213775],[-39.666948656983706,-5.616239110114897],[-39.66515598260684,-5.615116389060439],[-39.66238626238163,-5.611113110278119],[-39.661268086945654,-5.611030068179505],[-39.6590947845663,-5.612414863480535],[-39.65531892428167,-5.612711068601458],[-39.65416475985749,-5.613339601166025],[-39.650460072925426,-5.613234463145686],[-39.64561042882691,-5.61122241712973],[-39.64080118035818,-5.611450235089751],[-39.63884924525299,-5.608296788332804],[-39.63637013247938,-5.605986895916258],[-39.63449425313657,-5.605699684608191],[-39.632234718357545,-5.606452332109375],[-39.63142187152207,-5.608192947446479],[-39.631986818436836,-5.613622455012248],[-39.631258941347,-5.6165527627997],[-39.63019141100475,-5.617810162508935],[-39.630180035480194,-5.621170832767701],[-39.631196040964475,-5.623954890105972],[-39.633903642439094,-5.62624392371805],[-39.63752001603582,-5.6343540881706],[-39.63739864353253,-5.636658850925097],[-39.635994830596914,-5.63725859260986],[-39.63651432757409,-5.639020533570718],[-39.63611441704662,-5.639611759575019],[-39.63539792987047,-5.639710057273294],[-39.63099921624076,-5.636361786866901],[-39.62604953206017,-5.634414290587011],[-39.62442016196082,-5.6330809476274855],[-39.6232499299402,-5.630793213535851],[-39.619150619505405,-5.627903599171691],[-39.61245039776758,-5.6250032999622395],[-39.60960096870964,-5.624484150123398],[-39.607405161518926,-5.622721840440494],[-39.60128434869366,-5.62495533552025],[-39.59860590413909,-5.622301401088753],[-39.597673865656276,-5.619017870178508],[-39.59571237052942,-5.61729163590025],[-39.59397479759876,-5.613854295739076],[-39.58799612622017,-5.606742934538747],[-39.587008997067485,-5.606327175258913],[-39.576304453987234,-5.6092820381355155],[-39.574222508162144,-5.608081537632814],[-39.57106088395257,-5.607583976019552],[-39.56989698136052,-5.608483473433519],[-39.56699016206629,-5.613136778839174],[-39.56468391543029,-5.615320463168803],[-39.5632210709956,-5.615770642201313],[-39.55901634832576,-5.615147796933225],[-39.5533327562017,-5.615879965587867],[-39.54780081315694,-5.6132968239891765],[-39.5455711608803,-5.612979853437414],[-39.54226271964873,-5.613585581009704],[-39.53582841934601,-5.616020389329412],[-39.53166189088348,-5.618834726841092],[-39.52644834561456,-5.62044341343271],[-39.523781228920505,-5.624009073359963],[-39.5211354261589,-5.626093766614014],[-39.51610824290101,-5.628110480114464],[-39.51348066130342,-5.628591489705417],[-39.50743681875407,-5.6276809108452674],[-39.506504277550306,-5.626762636486424],[-39.50532526814656,-5.623706379545742],[-39.50227586943576,-5.619799994374172],[-39.49420141975967,-5.615366398740256],[-39.483305014414796,-5.615059643587595],[-39.48039463200658,-5.619841989116469],[-39.48096126245221,-5.626172236959091],[-39.48057956589419,-5.626854689292435],[-39.48126129157529,-5.627865365394224],[-39.48095224225214,-5.629732522537818],[-39.47972248410527,-5.630511411872107],[-39.48115648818133,-5.631156465898115],[-39.48262715132189,-5.632794772560599],[-39.48289185777296,-5.635098260975857],[-39.481363624531575,-5.63608982198762],[-39.48290495729784,-5.636495434216826],[-39.48186677543124,-5.637824666375188],[-39.478403463748776,-5.638994337218822],[-39.47927686013894,-5.640645108484929],[-39.47853707332722,-5.641686874149818],[-39.478633601159686,-5.642859592795894],[-39.47714167714659,-5.644461447237927],[-39.475374016497554,-5.644869784412937],[-39.47517180393552,-5.6459350412690625],[-39.47438057140616,-5.646163067071826],[-39.472741196349084,-5.642729778356458],[-39.471940503851066,-5.642335506578319],[-39.468262974556545,-5.64457637070288],[-39.46390995997658,-5.646177500291327],[-39.46330133388935,-5.646955862622905],[-39.46349347764184,-5.648224248450226],[-39.46296875650283,-5.649361564384643],[-39.46167941107586,-5.650403749133637],[-39.46130991741867,-5.65145716911299],[-39.45986422665267,-5.651183066545185],[-39.456150743362,-5.653411922921861],[-39.4556007638641,-5.652825954354244],[-39.45527637750279,-5.650468639715886],[-39.454451941104104,-5.650265839896489],[-39.453829312572665,-5.651071767348115],[-39.45207189969834,-5.650536963010344],[-39.448776951894736,-5.6533518482091845],[-39.44758206406092,-5.652993749861532],[-39.44458621907867,-5.656442654404888],[-39.44339161812865,-5.656467503572396],[-39.44166053650449,-5.657940810719702],[-39.4406377771117,-5.656149473619253],[-39.43975338920749,-5.655659481599663],[-39.438918039535814,-5.656832917005505],[-39.43767490577218,-5.655864498247908],[-39.43668354171204,-5.656092625674082],[-39.43517715839905,-5.6545379964313085],[-39.43210097338115,-5.655200369601284],[-39.43439174718131,-5.657909898323109],[-39.43617179239421,-5.661968497348215],[-39.438490974878526,-5.664084973542635],[-39.43931645808796,-5.665652074583489],[-39.44282171864732,-5.668252309596342],[-39.4433364743987,-5.669640129888026],[-39.4461688433174,-5.671014201344284],[-39.44917144490616,-5.671256299738368],[-39.45047059833937,-5.672327278980628],[-39.45202817645911,-5.678145188449613],[-39.454431857444185,-5.681218912023072],[-39.45644588377045,-5.682500821855375],[-39.457606453474995,-5.68470189457669],[-39.46018598699365,-5.687245894982003],[-39.46451088876643,-5.689396192879937],[-39.468529838481196,-5.686024499630848],[-39.47250744456288,-5.685207479941155],[-39.47310512410216,-5.685625846355654],[-39.47545063693725,-5.690437769687263],[-39.47359351263046,-5.696248230971034],[-39.47407220466846,-5.699468236469865],[-39.475283499733656,-5.701149376942103],[-39.47965683539461,-5.702173608525155],[-39.48017130606084,-5.703070726332848],[-39.48036691040454,-5.708419942426361],[-39.48017130606084,-5.703070726332883],[-39.47965683539461,-5.702173608525171],[-39.475283499733656,-5.70114937694212],[-39.475986617588255,-5.7029730770458436],[-39.4752946216494,-5.704110542267636],[-39.4730379681277,-5.705763889192076],[-39.473756499462795,-5.707836633154017],[-39.47284934522103,-5.7088546009589916],[-39.47252873061636,-5.7112483246503505],[-39.47153761566841,-5.711871438815802],[-39.470219431681336,-5.7106518529006],[-39.46870235273129,-5.710928340470507],[-39.46628816136949,-5.709889147765885],[-39.46461653752314,-5.711123134524972],[-39.46474898068088,-5.712391562620441],[-39.46345958399256,-5.713529499087058],[-39.46134360332454,-5.711903646236212],[-39.460244660562566,-5.712167808597419],[-39.46007795233558,-5.712862046546145],[-39.46116680830152,-5.714922544439856],[-39.46297254354799,-5.717015372961045],[-39.46280656826848,-5.718619126771199],[-39.46088354164205,-5.71926092525138],[-39.46069398164187,-5.721259619935423],[-39.46006116559026,-5.7217627546473615],[-39.460324996101605,-5.722995177485407],[-39.45963239222103,-5.723438523469043],[-39.459275093370806,-5.72485095370847],[-39.456751308825794,-5.7250324791655025],[-39.45701747757446,-5.72921185354414],[-39.456362531005915,-5.73195289271175],[-39.45710392400684,-5.732748128123541],[-39.45414178021895,-5.733887380298289],[-39.45251950397186,-5.737215581433826],[-39.45408171989543,-5.739480113916102],[-39.43449551005971,-5.728546581859223],[-39.327835752617816,-5.782766676540852],[-39.327166743350446,-5.785542836033007],[-39.3289914201179,-5.786572062450665],[-39.32954096074672,-5.78768525047389],[-39.32919601408473,-5.788777156040813],[-39.32731096672767,-5.790056667381213],[-39.32736638295214,-5.791551081617045],[-39.33069509220464,-5.795097191182361],[-39.33403174966546,-5.7997983009507985],[-39.334370249087655,-5.801721520032006],[-39.338437999613944,-5.805074182727288],[-39.33817738058158,-5.80654471906344],[-39.338570131606204,-5.807166685693877],[-39.34114343642039,-5.808344229202756],[-39.34199438213499,-5.809500913836076],[-39.34238821324537,-5.811902458031945],[-39.34417826161744,-5.815962507663498],[-39.343982668065614,-5.816948488381967],[-39.34135185340528,-5.819491180273695],[-39.34382492787807,-5.823742324148893],[-39.34407463723464,-5.824846538736703],[-39.34265847570803,-5.826378570714433],[-39.343522032615674,-5.8295052454706395],[-39.34503736778026,-5.831647828984051],[-39.34394890481803,-5.832869920410415],[-39.339678945327016,-5.832837322684258],[-39.335641202479444,-5.834590105848627],[-39.33274542775922,-5.835003430663715],[-39.33112842693531,-5.833188707592735],[-39.33015345931466,-5.8331456777307595],[-39.32807941673166,-5.8346277640600315],[-39.322696952702174,-5.832127410451563],[-39.321258341399265,-5.831967209718859],[-39.321107347026384,-5.8333063254265],[-39.32346282434978,-5.838039433073309],[-39.323677056351,-5.844273004695367],[-39.329568326217206,-5.84772841853162],[-39.33061420717984,-5.8480387242077025],[-39.33307570018334,-5.847425561040766],[-39.33469405268834,-5.849364672941249],[-39.3390035499738,-5.8510282127816895],[-39.33943147168499,-5.851944248728005],[-39.341934307422285,-5.851421936872822],[-39.343667953013544,-5.8546089570376765],[-39.35020793804584,-5.861364172318638],[-39.353622243871406,-5.8622114685843165],[-39.354054613629465,-5.863396162602769],[-39.35348884203635,-5.864546024979007],[-39.351231016698,-5.8657474284010505],[-39.35010409063121,-5.865628180995719],[-39.349067523947014,-5.866708768594691],[-39.35080808982141,-5.871570123162549],[-39.349570706322986,-5.8786070591684245],[-39.35263558506413,-5.880149957654398],[-39.355200979441555,-5.880096407523123],[-39.35569026279532,-5.881819673139376],[-39.357119808032664,-5.882429652706258],[-39.35770646098431,-5.884398550152915],[-39.35773186773143,-5.890887607477035],[-39.35704015148178,-5.894210148279659],[-39.35742272577811,-5.896158097817925],[-39.35862216148354,-5.8978154080545995],[-39.361984053021544,-5.899528666914405],[-39.367987698573394,-5.901050012248216],[-39.36866912388089,-5.902112219503305],[-39.367787781081155,-5.903804895579389],[-39.36886695044935,-5.904675783760339],[-39.369270960086645,-5.906039140693713],[-39.37290971960781,-5.906369341172153],[-39.375176998619565,-5.908451246527769],[-39.37602792275036,-5.910305323032157],[-39.37587580062767,-5.910864481010898],[-39.371236804334984,-5.913624700919176],[-39.36578988319647,-5.9141520903466045],[-39.36483180574321,-5.915145360969554],[-39.36408759606564,-5.918111648833475],[-39.3588609054064,-5.920079980606509],[-39.36012564808014,-5.923877785231587],[-39.359684116029065,-5.924943168892073],[-39.35759982297335,-5.925902032352795],[-39.35819574164014,-5.929261591049564],[-39.363581631187266,-5.935177555399831],[-39.364898936536626,-5.942107705905874],[-39.36689574804027,-5.945965129287201],[-39.36577046233691,-5.94789470567612],[-39.36315131098415,-5.9496578193527805],[-39.36319338396743,-5.951127165885959],[-39.362292980936246,-5.952403904616462],[-39.35216886929781,-5.95179169742885],[-39.351640465435054,-5.953439348946751],[-39.35538306517627,-5.9575484503006555],[-39.35557545534293,-5.958442815283627],[-39.35435240883653,-5.961597651410432],[-39.354747383884586,-5.964346176534736],[-39.35580011768125,-5.965252016866996],[-39.35822866851821,-5.9659104537044465],[-39.35668638516846,-5.968053865493463],[-39.356818383161766,-5.968740386359684],[-39.35892907581613,-5.971045341569207],[-39.361161691358916,-5.971721531023732],[-39.361052091880474,-5.973651155976017],[-39.362318877813884,-5.974384782431729],[-39.36332727593296,-5.977067487974106],[-39.36253070682658,-5.979388723610692],[-39.36333294692048,-5.980853440148156],[-39.36718523804365,-5.987267209769812],[-39.36656807832245,-5.991151238847643],[-39.36522760151823,-5.992041372690121],[-39.36353906216323,-5.992378108208903],[-39.35980869107923,-5.9903062787002055],[-39.35584185439645,-5.990001296589422],[-39.35247835928827,-5.990729877811804],[-39.351814946255615,-5.991833939467349],[-39.34848290494867,-5.9937457199519395],[-39.3477611130607,-5.995425152670447],[-39.34884464644191,-5.997084441186619],[-39.34878653931273,-6.000912828450488],[-39.34490172946507,-6.00788194729124],[-39.34295977895887,-6.007241883726623],[-39.342693076715626,-6.004515111393023],[-39.34162832000091,-6.003103631718272],[-39.33721663668916,-6.001825861550263],[-39.3295949863814,-6.002914349711969],[-39.32740726308883,-6.002574593141513],[-39.32456851838457,-6.002995142098845],[-39.320482669713925,-6.006940797182041],[-39.319460519112816,-6.006761884896418],[-39.30984307774604,-6.000827699299637],[-39.30648734183877,-5.9936905521034936],[-39.303619436813555,-5.99147104560004],[-39.30036730220517,-5.991125460695579],[-39.29689423018038,-5.989911537393927],[-39.29530730919021,-5.991114640019401],[-39.29495208220075,-5.992566753659451],[-39.29558646961285,-5.997752623289858],[-39.295088966018376,-5.998439501154858],[-39.29272867579614,-5.998185663946858],[-39.289504124210396,-5.998810664208401],[-39.28361656929948,-6.004247827784569],[-39.28083759881286,-6.005181929817291],[-39.27753395410203,-6.004971933579997],[-39.27228593025635,-5.999607424842758],[-39.265828635036286,-5.997174438519181],[-39.25617632632803,-5.998469909099984],[-39.24895302381051,-5.996487614134604],[-39.24455143131201,-5.996746601121726],[-39.240206842238045,-5.995337212479921],[-39.23860589838759,-5.9957983686128085],[-39.23914326144285,-6.000578008826243],[-39.235861116385436,-6.0015590162732035],[-39.23498081890479,-6.000227187302567],[-39.23191149719217,-5.9899821879712825],[-39.229370496945876,-5.9878590321098075],[-39.22781641456365,-5.987530574367437],[-39.225545693838896,-5.988578666165689],[-39.22224860819383,-5.991945192664193],[-39.22016964012962,-5.9923449734982235],[-39.21755969606102,-5.991296644732318],[-39.21241758719785,-5.991652371626486],[-39.20595082497845,-5.989593185815039],[-39.20432925594295,-5.988087672042177],[-39.20324885105341,-5.986361133129863],[-39.20333373416903,-5.981329544713858],[-39.20164263827493,-5.972459353421017],[-39.197472791584545,-5.964671987138405],[-39.19766609071214,-5.956937314023502],[-39.19694317749379,-5.956664373266965],[-39.19530891864268,-5.957252965858675],[-39.19142011911199,-5.959724880567527],[-39.18696963698519,-5.9605550518636035],[-39.18111418259848,-5.964228911692364],[-39.17655938641432,-5.963952668273416],[-39.172067323057725,-5.960981863707254],[-39.16987388377414,-5.960233313087065],[-39.16802065955504,-5.9628210194466],[-39.166175081023,-5.962735367596671],[-39.16524533574597,-5.961787772227488],[-39.16323013548119,-5.9573075409850516],[-39.16102880068411,-5.955469248359023],[-39.15266961554467,-5.95905035863282],[-39.14936314461869,-5.957307129361383],[-39.14520801244352,-5.957951434328725],[-39.143177817877074,-5.961529795145342],[-39.14317750952079,-5.96382575777837],[-39.143933127103345,-5.964835132307741],[-39.14402940401427,-5.9667610739877945],[-39.142517973999055,-5.967496030256503],[-39.138009549370125,-5.9648348397344915],[-39.13727232194626,-5.965067515014235],[-39.13830849121456,-5.971532678300517],[-39.1354270963934,-5.978945969233959],[-39.130623972913554,-5.983575241216329],[-39.1254493077953,-5.979875588356562],[-39.11941427626173,-5.979182174210299],[-39.11547146328906,-5.97640669184493],[-39.112639049941045,-5.977101135076477],[-39.11461110333797,-5.983810404092774],[-39.11301193072613,-5.988899305877191],[-39.10635877665924,-5.983580478707991],[-39.10229263863236,-5.983119887046187],[-39.09638247790402,-5.988669988793941],[-39.086650644745376,-5.992373289968815],[-39.07815232246523,-5.991451838950244],[-39.073880103807376,-5.9975180118563],[-39.07213536769378,-5.998260950631872],[-39.07071401820781,-5.9975708987883225],[-39.06791560762217,-5.997657193533707],[-39.0668485925743,-5.998693132477127],[-39.064539932415656,-5.998865290015932],[-39.060362487699344,-5.997657173121349],[-39.05907688385047,-5.999580568429306],[-39.060069438161555,-6.00330394046584],[-39.05881628839408,-6.004648364656873],[-39.058458747844405,-6.00733697907131],[-39.052959791167716,-6.018076728312915],[-39.05074177008158,-6.025353202651001],[-39.04557198156395,-6.0244323290193424],[-39.041994618227974,-6.022761394040764],[-39.03970894842075,-6.019717553003907],[-39.030010424483095,-6.013789310536513],[-39.028380812236286,-6.01351086045685],[-39.02734832505653,-6.014030375891273],[-39.024516968739974,-6.0190088095601215],[-39.022583158952514,-6.020046057673066],[-39.0214077300323,-6.018620941545437],[-39.02110855521764,-6.01032744392431],[-39.01852631544139,-6.005229361848979],[-39.01639850505309,-6.004702857683977],[-39.013186247765844,-6.005641943336642],[-39.01078359057344,-6.00709212716721],[-39.00666327753328,-6.01837571292101],[-39.00586990108022,-6.018988160243486],[-39.0013761640146,-6.019257771377151],[-38.99475526187685,-6.021716546808491],[-38.99332752693837,-6.021464137919977],[-38.99232090572712,-6.019760696267682],[-38.99056869553318,-6.02411286920283],[-38.986513070170936,-6.028526498830001],[-38.986837392944565,-6.032058201571836],[-38.98563635562221,-6.035398897636639],[-38.98485723903833,-6.044665049438191],[-38.98320160387593,-6.048322437910243],[-38.98352690754365,-6.048952073223755],[-38.98469537957027,-6.048322482014212],[-38.985699032303806,-6.0574647429461335],[-38.98670925461467,-6.061708406869699],[-38.98518109352833,-6.062003278411361],[-38.98602601739485,-6.063326780034524],[-38.985537980619725,-6.064777800097574],[-38.98664140474501,-6.064652988590276],[-38.98664139104337,-6.065218384638875],[-38.9851501730153,-6.069128173480898],[-38.98887967148146,-6.074675475932591],[-38.98965954826223,-6.0763779216560065],[-38.989593554002674,-6.077576559357792],[-38.988815419947855,-6.078899118060441],[-38.98777702789559,-6.079341461245999],[-38.9856017682902,-6.078911706795098],[-38.983006019571675,-6.089622488298704],[-38.9779115272475,-6.091718338422952],[-38.98070202119076,-6.099529949435231],[-38.979780124380945,-6.101687583325486],[-38.976133487154655,-6.102812379680951],[-38.97248937181929,-6.102938248258444],[-38.97024395208813,-6.094955650832119],[-38.96811517090027,-6.091725809509749],[-38.966309500038506,-6.091448881831532],[-38.96463092576196,-6.092133762663495],[-38.96051803522079,-6.0911935635507],[-38.95770640147838,-6.08640440491375],[-38.952239514512975,-6.083223079097361],[-38.95049102807356,-6.0806195690284195],[-38.94935238021018,-6.080081387569916],[-38.94368222673875,-6.081650183926371],[-38.94098855016896,-6.079318295344962],[-38.93596381495841,-6.079440934407408],[-38.92782294494646,-6.0808596392096],[-38.92621622872347,-6.082679452587671],[-38.92491704515805,-6.083172569548858],[-38.9217815963892,-6.08218562280611],[-38.918825573294974,-6.085258132455177],[-38.915420207412986,-6.085816672682428],[-38.912683451040174,-6.08730526123515],[-38.90793949410302,-6.085994746838869],[-38.90722829295197,-6.08628609733681],[-38.9068359350966,-6.08865128060114],[-38.90742332168314,-6.091552535993902],[-38.907064626347754,-6.093647601306517],[-38.90753239056236,-6.108512496166084],[-38.90576063897983,-6.121888153167685],[-38.90573308542867,-6.126458071005252],[-38.903509489213555,-6.137323552977505],[-38.901419312141115,-6.141235516160628],[-38.89693925821734,-6.143041016563909],[-38.891945932671064,-6.143604895923789],[-38.889047093995394,-6.145911630301337],[-38.88582637095986,-6.14578184529161],[-38.88383407201926,-6.144876533796765],[-38.882433091854125,-6.14527129657784],[-38.88264803693442,-6.146549468953498],[-38.881995028738956,-6.147260192419135],[-38.876968188232645,-6.1477473316326146],[-38.87499011101453,-6.143021160587144],[-38.872057886836636,-6.140044238050179],[-38.86656933257336,-6.140430184907282],[-38.866091294617014,-6.139482242828504],[-38.86360445875173,-6.138753993404922],[-38.86354760960615,-6.136618984153103],[-38.86217068192692,-6.134703838140831],[-38.860955942878014,-6.134454601092045],[-38.85949222998587,-6.13525843193148],[-38.85819155234303,-6.134444302414582],[-38.85660341624888,-6.135506590037856],[-38.855082656410616,-6.134998760188952],[-38.854594212185134,-6.137248509339756],[-38.85200184556498,-6.137745645602962],[-38.84956136927796,-6.136089469290797],[-38.84964527100606,-6.133092641556195],[-38.851235705773114,-6.13238700536284],[-38.84879985130825,-6.130779835062636],[-38.84622962111257,-6.131931939358009],[-38.84508945096149,-6.134216284095817],[-38.84254218156798,-6.135890984384705],[-38.841801403597955,-6.134059746109265],[-38.84009211290743,-6.1323239584795175],[-38.84069053143,-6.130349507578332],[-38.83828755090205,-6.129355489714827],[-38.83712735188252,-6.1307074603089555],[-38.83510640703995,-6.131604401148039],[-38.834115635759964,-6.126326451695444],[-38.831389109707715,-6.127725792241028],[-38.83001712478662,-6.127632112874088],[-38.8275730343264,-6.124442008835762],[-38.82576648707909,-6.124950764475331],[-38.821199408469056,-6.124051703726284],[-38.82051776207259,-6.124434434293128],[-38.82067913040496,-6.126447916801121],[-38.81991847106785,-6.1288143162669515],[-38.82066346914415,-6.130294339742598],[-38.82076291646941,-6.133252723223703],[-38.82023190613989,-6.133654651102068],[-38.82070441166228,-6.136584438169512],[-38.82005858376468,-6.137072492474427],[-38.81772025818461,-6.135851023250554],[-38.815682733472514,-6.136137544576997],[-38.81268668049706,-6.1352688659678725],[-38.81137187185449,-6.134047727135038],[-38.80822767177956,-6.132909704900103],[-38.80690191671171,-6.128924075244911],[-38.80421138937637,-6.1297488520806604],[-38.80403289195192,-6.127415138739422],[-38.803016701454204,-6.127103613470883],[-38.801786283323786,-6.124111302773792],[-38.80197797899812,-6.123046272584524],[-38.800770787881206,-6.121944822329648],[-38.798307369923975,-6.123009003375177],[-38.79537872414109,-6.121224748394658],[-38.791767832673884,-6.121390903796309],[-38.7864061640376,-6.1195444019217335],[-38.78520149288232,-6.11822271807943],[-38.78515798402415,-6.115230666790646],[-38.78228231299428,-6.1142031449241],[-38.779648807896145,-6.116025905441386],[-38.78032209127252,-6.118596782097849],[-38.77695619510645,-6.1187746454958125],[-38.77167528848337,-6.121127611784212],[-38.768115919484806,-6.123806783962982],[-38.76532280887095,-6.124016196299444],[-38.76446222381608,-6.123383940725161],[-38.76304995709115,-6.119660576779678],[-38.760427340837396,-6.116562673115789],[-38.7584998916344,-6.115855298848423],[-38.75840205667198,-6.114346341267351],[-38.7576583835298,-6.114043861911395],[-38.75692787905889,-6.11260065656745],[-38.75556524468431,-6.112031934375908],[-38.755289989669954,-6.11115975183089],[-38.75285474967931,-6.113402702609973],[-38.74460744384176,-6.111005630852977],[-38.74414787527271,-6.111960409425486],[-38.74439858273606,-6.112743195525762],[-38.74575403410394,-6.113540866635913],[-38.74550238116906,-6.114754240646426],[-38.74075182798968,-6.117975982239224],[-38.739109750828526,-6.116503199333679],[-38.735578962923896,-6.118044459853869],[-38.734407741702185,-6.123006359569242],[-38.73275733847481,-6.123860010752377],[-38.72830666543779,-6.122256281861219],[-38.727102388589614,-6.12043663105807],[-38.72624122284398,-6.121048921954422],[-38.72264497085752,-6.12134173330523],[-38.721408262582706,-6.118799892905088],[-38.71935880418722,-6.116452328150535],[-38.71797955808262,-6.116200258901714],[-38.71424744494073,-6.113972781122299],[-38.71107233754293,-6.109195589867704],[-38.708878324024056,-6.1076746497292635],[-38.70956470875623,-6.111906676911826],[-38.710520393717225,-6.11340071782484],[-38.71231544418165,-6.119299192986492],[-38.71516377982284,-6.12314941283843],[-38.71969448700805,-6.124592668324627],[-38.72005295429248,-6.125023680248314],[-38.71957361173909,-6.127105749768735],[-38.721462519393704,-6.127513624227753],[-38.72208346306291,-6.129045768527979],[-38.721361298678175,-6.130518326671803],[-38.721364483704626,-6.132109038248917],[-38.72224767100703,-6.135197074587403],[-38.72217398508851,-6.138954785745082],[-38.724871753791795,-6.147620542942405],[-38.72860141202119,-6.149393618456157],[-38.732427182791355,-6.150305067096279],[-38.73448266620087,-6.152555955879816],[-38.73524612724907,-6.156170476928384],[-38.73479326500368,-6.157046042714339],[-38.73476533686628,-6.161220463303037],[-38.73583978252691,-6.1646675943902025],[-38.73533232779042,-6.175246482313844],[-38.73422525010615,-6.176290958839082],[-38.73365616753665,-6.1794581522952186],[-38.73241200879662,-6.180582457891748],[-38.732139997973285,-6.18494218730651],[-38.731503883818355,-6.186344863933489],[-38.73069954564976,-6.1872842096734795],[-38.72856508650954,-6.187900929694205],[-38.728820554467006,-6.189448697430371],[-38.72783686583786,-6.19021743377116],[-38.72666862670651,-6.192457117856902],[-38.72563525545976,-6.192858687387307],[-38.72672496122249,-6.194525102526081],[-38.72616916403536,-6.196362997805354],[-38.727948103101916,-6.197168118381353],[-38.726894379620504,-6.199924849820435],[-38.72572683524377,-6.200766746695613],[-38.72517185100994,-6.201015379961593],[-38.724406909775595,-6.200287369029862],[-38.72161390202834,-6.1995200009905505],[-38.72002537606259,-6.200457402500751],[-38.715624400074645,-6.20120182031189],[-38.712981887066334,-6.205202266185294],[-38.71080105853888,-6.204569205866795],[-38.70907867238018,-6.2053150229243785],[-38.708140550358415,-6.206405925382452],[-38.7013410595686,-6.20704712509788],[-38.69803325137601,-6.20603298290207],[-38.69600986592051,-6.2067202388576845],[-38.69318873853787,-6.206656193607226],[-38.691290250634815,-6.207063072133793],[-38.689796001926986,-6.208698649374543],[-38.6868095845894,-6.209932595886814],[-38.687072207548646,-6.211104218158396],[-38.68613416738811,-6.211965307181494],[-38.684450380449626,-6.212060043490897],[-38.68149585497195,-6.210606981827066],[-38.681006928652394,-6.21115803968598],[-38.678998910932144,-6.209548423674914],[-38.679135357689546,-6.205393467809613],[-38.678638269580134,-6.204780442362765],[-38.67705862525577,-6.204512616059384],[-38.67481155858238,-6.201636957495001],[-38.67375868987696,-6.20254582327823],[-38.67198920418577,-6.202042105721296],[-38.67044525991904,-6.200589458602023],[-38.66938158864014,-6.20055267933061],[-38.66828780357304,-6.1959098321646],[-38.66697788198895,-6.196161398628115],[-38.66148915615922,-6.195042535696109],[-38.66113303245654,-6.192182823524724],[-38.6603025486556,-6.19045267056965],[-38.65763866223635,-6.191689469559117],[-38.65585005758467,-6.1912479179514825],[-38.65555823788391,-6.18587407789411],[-38.654275410112625,-6.185426022044249],[-38.65350043146818,-6.185612206011109],[-38.65331344280492,-6.186301398110492],[-38.65002813048521,-6.1852939944429455],[-38.64747483457381,-6.185870732483313],[-38.64591739409951,-6.183102869984271],[-38.6451713983592,-6.182863027275469],[-38.64474227913881,-6.1808330956909545],[-38.643269492506704,-6.180257681846923],[-38.64267612867419,-6.1806593829466685],[-38.64207394442558,-6.179950516983049],[-38.633956374552604,-6.179294762866489],[-38.6321686745964,-6.177637264817353],[-38.632735631398326,-6.175652292797612],[-38.63191268106466,-6.174324557845938],[-38.62561657448423,-6.173385526285223],[-38.622924416907935,-6.171545747022726],[-38.61944164270872,-6.171915164180138],[-38.61793527736138,-6.171555068625662],[-38.61740947304688,-6.171111904301512],[-38.61734608104959,-6.169626908870235],[-38.61518555246994,-6.170918826847221],[-38.61430107632101,-6.170415563898112],[-38.61334400809998,-6.171085033730529],[-38.61265925356354,-6.170365881822202],[-38.611813848407344,-6.170569330506155],[-38.611274680382614,-6.172064838562491],[-38.61023391326161,-6.172722273480311],[-38.61012542190978,-6.173918914113466],[-38.60886979414393,-6.174061599832399],[-38.60836712803311,-6.1746835248658],[-38.603608425149496,-6.174237215808342],[-38.60291342713813,-6.176211284528941],[-38.6004044448288,-6.178011838515763],[-38.600218546645486,-6.180145797366135],[-38.59947239814576,-6.181247780979141],[-38.59964907350595,-6.183378289954037],[-38.600962595065724,-6.185796654867475],[-38.600675144929795,-6.186418734091406],[-38.598856950498536,-6.187255068886473],[-38.59710951790093,-6.189383909089576],[-38.59395224419423,-6.189955930047097],[-38.59183433541249,-6.197204468231964],[-38.59082016992893,-6.198129414236586],[-38.58991615875007,-6.198162322499324],[-38.58735449918929,-6.201594918177835],[-38.586206242957715,-6.2015747064058475],[-38.584579556573345,-6.202478321718524],[-38.58240133851069,-6.20484611108079],[-38.57936257391046,-6.206638782383619],[-38.57109132011868,-6.207511796854321],[-38.570920209706486,-6.208612373801195],[-38.57198115132187,-6.210713669343012],[-38.570544902392705,-6.212280203824368],[-38.571249370089674,-6.213597161949126],[-38.56990770803071,-6.216480157077155],[-38.570454858524386,-6.217253162428293],[-38.56860667548131,-6.219683163556446],[-38.567855441067145,-6.221881651219679],[-38.566639992942754,-6.222813349316287],[-38.56498163651151,-6.222851622782024],[-38.56438291739853,-6.223820468195278],[-38.56432152793944,-6.225759094283958],[-38.56241758347614,-6.228833073712557],[-38.560766000774855,-6.230399396259983],[-38.55949866059115,-6.2300752268574],[-38.55756044005797,-6.231186547945655],[-38.55564453348548,-6.230640433381584],[-38.5538855316636,-6.231931397661212],[-38.55371679649789,-6.233486981229261],[-38.551192188634964,-6.234305509805863],[-38.54538035504524,-6.231863241931189],[-38.5427090673843,-6.229803649676167],[-38.53957581584854,-6.229932562670141],[-38.536098680422604,-6.229313044966307],[-38.52642595759047,-6.224876800645309],[-38.52365240748459,-6.223988742690849],[-38.5225758294553,-6.224346782756066],[-38.51971177799327,-6.22303762878919],[-38.523442364929444,-6.228318882988391],[-38.52470804993352,-6.23286626122432],[-38.52820263558318,-6.236732122703095],[-38.528347977929194,-6.23917629567065],[-38.52896531047379,-6.2398703124729815],[-38.531597449497866,-6.241540738695419],[-38.53575675780036,-6.245394302738347],[-38.53846532857109,-6.246896747660286],[-38.54086536917006,-6.246180827576294],[-38.54291660218217,-6.2467080719718435],[-38.5458511965067,-6.245426428692745],[-38.54854870330898,-6.250696753870455],[-38.55014769688252,-6.257319844001698],[-38.55190427191034,-6.259214579249155],[-38.554278550619685,-6.259747328292637],[-38.55480116846652,-6.261548560010062],[-38.554420965375954,-6.263395632222601],[-38.55978711517551,-6.267162749351636],[-38.56500967680845,-6.26849336134056],[-38.5726605059692,-6.274122626413514],[-38.57532130393605,-6.277750295387021],[-38.57954566220739,-6.279626403841828],[-38.577128153432106,-6.281604392762564],[-38.57602973861065,-6.283522100818485],[-38.571513078764426,-6.284443105313351],[-38.571025562271856,-6.291126352291271],[-38.57003755070698,-6.294380385916879],[-38.570296381014536,-6.299993467295135],[-38.56662876301084,-6.300815158511935],[-38.566022641696975,-6.302588665990277],[-38.56671781178229,-6.304415089504717],[-38.57138090164019,-6.305954955140132],[-38.57529604276013,-6.30863487358408],[-38.57866381110779,-6.314763115868538],[-38.581296212617815,-6.316210159860895],[-38.5820985013437,-6.319272791020305],[-38.58071246017698,-6.325381443398479],[-38.58154231714611,-6.331046091661125],[-38.579718737729856,-6.3351145082098945],[-38.578907273900235,-6.341579121173942],[-38.57707535391362,-6.347427536232757],[-38.56442766294352,-6.351825125618291],[-38.56318781315346,-6.3527499376653935],[-38.56261179492825,-6.354644674691088],[-38.56330819381295,-6.356032101792485],[-38.56673747913807,-6.357083415048982],[-38.56735330708571,-6.361525508973813],[-38.56922216752793,-6.362065758839481],[-38.573969072175636,-6.36192920916988],[-38.5760752898827,-6.362691979989561],[-38.57710307656683,-6.364243577533005],[-38.57593310726677,-6.367817866096722],[-38.572274538978554,-6.372309708485279],[-38.5731080471315,-6.3749183562789185],[-38.57613177631992,-6.375399473961291],[-38.57961296572055,-6.3743106519918395],[-38.582963270750966,-6.374044072387646],[-38.583856146204596,-6.374418302022703],[-38.58505025222436,-6.376207025318621],[-38.588246618105316,-6.376010303897099],[-38.59246625631129,-6.378246209734179],[-38.59494341875633,-6.3865701270505175],[-38.60073990982867,-6.387961046933428],[-38.602047233854535,-6.389622274230831],[-38.60221443899476,-6.390895087048272],[-38.60180156519245,-6.391711079040851],[-38.59412795331554,-6.39686160928741],[-38.591069224876385,-6.396489280465798],[-38.58717495159051,-6.394274065365277],[-38.58357136815456,-6.396406804230583],[-38.58154649284726,-6.3967340716344845],[-38.58110188591883,-6.397608457269215],[-38.58235732077078,-6.4003107911477],[-38.58099415033332,-6.401763552177067],[-38.5719683607643,-6.404106707672256],[-38.569075032767024,-6.402885885582002],[-38.56435296855033,-6.3997277549759195],[-38.554960870792996,-6.4001625054356195],[-38.55152248221126,-6.398167235571474],[-38.5486606555442,-6.398862987720968],[-38.54477417798648,-6.4022608341275875],[-38.542715534787995,-6.401980119370405],[-38.538131826897995,-6.399325558827295],[-38.533491186636944,-6.397583554241509],[-38.53221356591021,-6.394317897685181],[-38.530833159172616,-6.393126287040969],[-38.52939989149561,-6.392890055051011],[-38.524520471206806,-6.396112066019485],[-38.524798149994936,-6.401215848998396],[-38.51885653945182,-6.405731826169475],[-38.51793209069357,-6.406822347420702],[-38.51790931963417,-6.408731735951587],[-38.519771341311625,-6.409346432880784],[-38.52451764898511,-6.407082951923873],[-38.53001962187537,-6.412209729707351],[-38.53396542844963,-6.417651107503856],[-38.53623516432251,-6.419854402083257],[-38.538412671766004,-6.421265905744889],[-38.542609142424105,-6.422839230331643],[-38.55426538430576,-6.432763051512218],[-38.55544526821398,-6.437509761605395],[-38.55601844547678,-6.441752535940085],[-38.555800874937525,-6.445068408201169],[-38.556404810250534,-6.447642594152472],[-38.567021026928124,-6.452073332825371],[-38.56981654922372,-6.454875903732524],[-38.570522159423774,-6.458166648654793],[-38.569403543850484,-6.4640184050056035],[-38.570410132465035,-6.470195197418548],[-38.57577708975701,-6.47796511390338],[-38.59497248078101,-6.500442385045248],[-38.59856065776531,-6.503836759388851],[-38.60188370655236,-6.505729089871358],[-38.60640633150788,-6.5071790817498645],[-38.60840064619461,-6.510433292578321],[-38.612288217404966,-6.5131913347091235],[-38.613013239901896,-6.514713153214142],[-38.6130757264034,-6.520157795563534],[-38.61556720163962,-6.523332577988974],[-38.616111559655714,-6.528145273285515],[-38.61188740631346,-6.530770073415612],[-38.61072811982598,-6.53206130628008],[-38.61228041005982,-6.532881073145116],[-38.612280410060784,-6.532881073145141],[-38.612280410059824,-6.532881073145149],[-38.60942871774734,-6.531841659097296],[-38.607084555953385,-6.529514840776951],[-38.612169582022304,-6.538317345988178],[-38.617133910858094,-6.541927869220003],[-38.62185798863991,-6.549135028100262],[-38.6266059761606,-6.552954264564598],[-38.627076506744515,-6.553814525232369],[-38.6256640974056,-6.556218348029397],[-38.62566115239073,-6.557983487289481],[-38.627213229985045,-6.559837440809166],[-38.63263179967606,-6.562436551051103],[-38.63240054098536,-6.566459944079895],[-38.63308119395287,-6.569210421561067],[-38.63871543705937,-6.576719881365581],[-38.64107741244051,-6.578679223348197],[-38.64285339578248,-6.581177730259988],[-38.6429681388133,-6.582131530141339],[-38.63546853215976,-6.5872999646294526],[-38.6329341045815,-6.589925421710241],[-38.62965632977136,-6.598045466842975],[-38.62916035207432,-6.6045825275241965],[-38.63209693432742,-6.608022262675971],[-38.63876969938384,-6.6128436757093905],[-38.646659280059104,-6.615980697215026],[-38.64760945403301,-6.62283740785791],[-38.64912936326765,-6.627585902332159],[-38.650090263918784,-6.626869415802104],[-38.650925301617235,-6.626954673567937],[-38.65321534821637,-6.629323972863556],[-38.655263354296466,-6.630478853084356],[-38.65678747321538,-6.63660168587738],[-38.657080363503745,-6.642289548041296],[-38.65326544530463,-6.643840448771969],[-38.65186010222349,-6.647808834721873],[-38.64939984505375,-6.652026861486622],[-38.64839167738406,-6.652346916323256],[-38.64696533658579,-6.654207560091327],[-38.646022535557144,-6.660264333281148],[-38.64640612992235,-6.662426502923686],[-38.65196472071278,-6.673183478258202],[-38.65560109527583,-6.672280258081405],[-38.659436467336555,-6.6740474287214955],[-38.66152530781693,-6.673863876845271],[-38.662361350032,-6.674317924450399],[-38.66058340503143,-6.678801966284301],[-38.66446253337959,-6.680191370077898],[-38.664995382629506,-6.681073172028379],[-38.66501964719753,-6.683973417473222],[-38.66810415157541,-6.688602068980745],[-38.669522880733254,-6.692458145581106],[-38.67315044748173,-6.697221194155533],[-38.67305932187964,-6.700637977913096],[-38.67003653692251,-6.702548274108382],[-38.67254057551865,-6.706231388283119],[-38.673733761967895,-6.707986378055657],[-38.67374022123782,-6.708885551447141],[-38.673383758708034,-6.709647165157971],[-38.66981794944477,-6.712204062928156],[-38.669314225072654,-6.714764364187271],[-38.66646490382846,-6.717044004794873],[-38.666319150647986,-6.71980898370792],[-38.66488675349943,-6.724093528139367],[-38.664109737161866,-6.724788176889108],[-38.66246907406002,-6.724647649699842],[-38.6596849359533,-6.7260991346518],[-38.658395700427015,-6.728569951509494],[-38.65597539506837,-6.730243745319378],[-38.657822017478814,-6.737233395526287],[-38.65718573992335,-6.739514245129445],[-38.65753387592269,-6.740760115802801],[-38.655465384056086,-6.745806928326856],[-38.65246992773634,-6.747603679168836],[-38.651398804511565,-6.75140790593003],[-38.6499720031042,-6.7522363051381555],[-38.65233808197256,-6.75686517303961],[-38.65268023880739,-6.759764186145408],[-38.65060983728193,-6.76185801351381],[-38.647300502690015,-6.763190714764676],[-38.640268888829674,-6.763989750502609],[-38.639385472439535,-6.765867933605529],[-38.639472305830054,-6.767994149956738],[-38.63876982581596,-6.768950234599106],[-38.634605353242335,-6.7699124117934035],[-38.62902467723954,-6.777709101256466],[-38.62622617690173,-6.778605394886964],[-38.62349232394367,-6.780378810880244],[-38.62008663021849,-6.7805165502279],[-38.61348062406201,-6.782772264189794],[-38.613272983707496,-6.783509156911515],[-38.6166020637094,-6.789987205619797],[-38.61688021165279,-6.79312354228245],[-38.617412654367556,-6.793978437094816],[-38.619466454804275,-6.794250978471042],[-38.622157953077604,-6.792253762980091],[-38.62946964131605,-6.789901865754837],[-38.6313797134453,-6.790308849554332],[-38.63638326493217,-6.790077706313765],[-38.64013265343849,-6.7891957238937755],[-38.642636376577094,-6.790358165569908],[-38.642409765176986,-6.791594212627859],[-38.64121919602023,-6.792804398324958],[-38.63853332389435,-6.794267386773781],[-38.63630567608142,-6.798313490171468],[-38.63531450900682,-6.801236469147162],[-38.63545965155823,-6.804620558656286],[-38.63837820173964,-6.806022150190843],[-38.64357426471632,-6.806109862241669],[-38.6484385107308,-6.80738590945635],[-38.65016164501175,-6.808365565126907],[-38.65393684883039,-6.814191316528229],[-38.65661954710419,-6.816017972876226],[-38.655908890405435,-6.817085065720316],[-38.657421377721825,-6.818331219834407],[-38.65803906862337,-6.817545658848462],[-38.65934070188797,-6.818522903975981],[-38.659713131126594,-6.821967941279185],[-38.66178806676706,-6.823677540207346],[-38.66709662583929,-6.824850507577145],[-38.67079152107265,-6.826569688101986],[-38.67557056428704,-6.830212012281964],[-38.678274266924554,-6.833100470726739],[-38.677944969377236,-6.834513585638237],[-38.67401266973006,-6.838156537369461],[-38.670334914480534,-6.8433701806201634],[-38.670819218011964,-6.845086070141187],[-38.676190643618476,-6.852067104360261],[-38.677201099008464,-6.854329625967253],[-38.6752125610244,-6.860023322419791],[-38.6754167960894,-6.861829386362994],[-38.679529057594664,-6.864794054997808],[-38.68368099533107,-6.864500104519614],[-38.68669109116579,-6.865791757211636],[-38.690663617539016,-6.8714206290085516],[-38.69481531847861,-6.874563222696008],[-38.70241697741004,-6.876874808100279],[-38.709130771177115,-6.874425585910394],[-38.71416098808585,-6.8767837238079395],[-38.71585084162359,-6.879280866700245],[-38.71390908092484,-6.882544117311077],[-38.7134881606677,-6.88530558983316],[-38.714012826806496,-6.886146723692333],[-38.72222507148045,-6.887455899092271],[-38.72426141622915,-6.888686331321935],[-38.72973752679802,-6.8872735869744455],[-38.73242013145454,-6.889228297046],[-38.73143963006422,-6.892822968466554],[-38.72984156155295,-6.894571281586162],[-38.72968276807246,-6.895577462836001],[-38.73028862546525,-6.8968135720546275],[-38.7351091580901,-6.897589970191511],[-38.73851043590483,-6.89910468984341],[-38.74115074756455,-6.898786897009507],[-38.747949658715946,-6.902013790336422],[-38.75135762650858,-6.901780836126962],[-38.756279193097185,-6.9035916625407125],[-38.75846400640484,-6.905821427684517],[-38.76416321520247,-6.909264641085411],[-38.76482196233865,-6.910299027777464],[-38.76020906632569,-6.9140344114602685],[-38.759223645638414,-6.915482805288354],[-38.7587671534485,-6.925277714885159],[-38.76231065360975,-6.926509975217288],[-38.761244211957504,-6.929271034782524],[-38.759550123343054,-6.929854820596666],[-38.75830071944922,-6.931259927517853],[-38.75750864231588,-6.934545404636619],[-38.756110406658415,-6.936165149487748],[-38.75524345689138,-6.939126255578209],[-38.755717294550884,-6.9401297854946895],[-38.758165035750714,-6.940701778126508],[-38.76092383412172,-6.943121670597593],[-38.764024845977744,-6.944617116662585],[-38.765082658746664,-6.946337683828462],[-38.765603451735736,-6.949465487834792],[-38.76402283584412,-6.952370713734709],[-38.75730147715429,-6.95817671137519],[-38.75025766932541,-6.958495896781788],[-38.74696553734526,-6.960580140175799],[-38.74596852256429,-6.962534838607596],[-38.74792134615111,-6.9646602447635635],[-38.74807587729276,-6.966704647051215],[-38.74602034968177,-6.970445621451113],[-38.742545916744106,-6.972119408224789],[-38.74233826869529,-6.974379961751769],[-38.74649149334216,-6.9791698104618565],[-38.74896553598721,-6.980799309037895],[-38.75107459658137,-6.987672796727369],[-38.75188829840756,-6.9885827029456555],[-38.754850516289196,-6.989633173322577],[-38.76096488644095,-6.99005337696626],[-38.76497557136926,-6.993124543215412],[-38.764807045329306,-6.994152995445761],[-38.76266192917225,-6.996244002399044],[-38.761748980728896,-6.996196231098816],[-38.75868568425221,-6.99846112757452],[-38.75188226950027,-6.99692059791955],[-38.750991904466964,-6.997311363868146],[-38.747381823250564,-7.001882965526573],[-38.74074090039429,-7.0038160821984246],[-38.73670560238743,-7.006832007417728],[-38.733296208536366,-7.010382683299462],[-38.73070796619996,-7.011952570518897],[-38.71071731152765,-7.018972051710371],[-38.70593868981503,-7.022386886108125],[-38.694909685583944,-7.0269414025601415],[-38.690987309172826,-7.029955357497081],[-38.69099158095534,-7.031986201597987],[-38.692660360793504,-7.034910153256996],[-38.69177177829945,-7.038184170783498],[-38.68980144294903,-7.040229494519728],[-38.669833537509334,-7.0477906361854235],[-38.669237201607274,-7.051110217439738],[-38.6700469968348,-7.054065340908178],[-38.671319196298725,-7.056168625929912],[-38.67529966444777,-7.059903739048284],[-38.67529419629927,-7.063633092570344],[-38.67702248519832,-7.066079744183461],[-38.6771850376682,-7.067166216508847],[-38.67582944697676,-7.0686810411868635],[-38.67264109984287,-7.069434441229122],[-38.67128479279475,-7.070822564225986],[-38.6704505501756,-7.072633552920368],[-38.669995375584186,-7.076616017967808],[-38.668866976083066,-7.079079797031773],[-38.66668778329015,-7.081682126603334],[-38.661663778285714,-7.083750082678328],[-38.659800694909414,-7.085544046441603],[-38.6576312769577,-7.090742076739433],[-38.6564059165627,-7.092425863624934],[-38.6583002966802,-7.097429502677623],[-38.658798838630474,-7.103344470357285],[-38.66215440887175,-7.11017904412655],[-38.66319993085688,-7.111693847107694],[-38.66799310780686,-7.11502177756024],[-38.66990233363077,-7.122668796625827],[-38.67285708365788,-7.124929046421758],[-38.67741530692545,-7.130935321152568],[-38.6776537071876,-7.134309484708252],[-38.67590692203363,-7.138309404342673],[-38.67493509355362,-7.143808977997727],[-38.67529306113158,-7.155721918993961],[-38.67665653520659,-7.157994686014381],[-38.67765788330268,-7.158593948867022],[-38.68238093563432,-7.159332112936276],[-38.68519377449473,-7.161344023550068],[-38.68501399688412,-7.163520728526046],[-38.68427355203521,-7.1644416718671815],[-38.68257680539179,-7.1654634035288804],[-38.67763514241953,-7.166729725131323],[-38.67671862060903,-7.167572240454542],[-38.67658234420807,-7.169198216991781],[-38.677660074634886,-7.172619641887042],[-38.67935395800775,-7.175031712835901],[-38.683015541548485,-7.175980625841339],[-38.68390991066291,-7.180867692331615],[-38.68635128537181,-7.1831143537573565],[-38.68771125799312,-7.190018789484952],[-38.68380166664036,-7.187698189112475],[-38.682182593386266,-7.187409051686526],[-38.67594389833586,-7.189573865223243],[-38.67496646053002,-7.188886959832469],[-38.67341215567249,-7.185291964320992],[-38.664814965397845,-7.185668760732772],[-38.659322339462356,-7.183247682847305],[-38.65478177634045,-7.183227735134597],[-38.64979852976264,-7.184704750489474],[-38.64528773640692,-7.1834241135041585],[-38.643634120406944,-7.183935907585271],[-38.64277692451371,-7.184829278538477],[-38.64216083967885,-7.186868209737914],[-38.63932876423338,-7.188984235423173],[-38.636550979377105,-7.193755031922159],[-38.63428884373411,-7.193467748014637],[-38.63007773063863,-7.191509039403505],[-38.624802776381216,-7.191320670449648],[-38.621881772089324,-7.193567084881935],[-38.61979471254913,-7.197055698696928],[-38.62293466508537,-7.203752047097923],[-38.62305121460023,-7.207670256471084],[-38.62056374305486,-7.211046914132275],[-38.619742357461384,-7.2146356431513965],[-38.61998097145125,-7.22010827839201],[-38.61637057755452,-7.225200869900257],[-38.61506534693227,-7.2303528426371235],[-38.60916928064016,-7.233606180055151],[-38.605561701548275,-7.236755272500178],[-38.60145443297359,-7.234465442491833],[-38.60063425955431,-7.23487548941761],[-38.60047607131349,-7.236559659328762],[-38.59878853742994,-7.23746274541649],[-38.59819683294055,-7.238661275574296],[-38.59766333762151,-7.244188490451652],[-38.595113031567344,-7.246528970654361],[-38.59277398335902,-7.247614173809236],[-38.587742252188214,-7.248643471225688],[-38.58308353831893,-7.248382688761461],[-38.577809965945654,-7.246055348717804],[-38.56338389718378,-7.241930573679842],[-38.55887838055995,-7.239417147898603],[-38.5547646651062,-7.2405556989954984],[-38.55196210906789,-7.243478489817635],[-38.55220606709458,-7.246765055229699],[-38.55444491915164,-7.251857189252943],[-38.554908902283564,-7.255539399076747],[-38.55382907759686,-7.259996299896984],[-38.55199793204299,-7.263639433689049],[-38.54907844169183,-7.265908713087992],[-38.54748697983457,-7.266528743805157],[-38.542494070140876,-7.265777698749297],[-38.54207866970474,-7.266772704567315],[-38.54293978284864,-7.267952850112802],[-38.54333380092735,-7.272925079688954],[-38.542503183087724,-7.275347290731883],[-38.54263118387361,-7.278391359238443],[-38.541632441321894,-7.280876083478881],[-38.53841336602844,-7.2826745170723175],[-38.538278822414426,-7.284726556285842],[-38.536286924935894,-7.286464079330963],[-38.53648431210902,-7.288327132741358],[-38.53489827556472,-7.29032823039902],[-38.53458689486956,-7.293793097397127],[-38.53559801538318,-7.297459880657853],[-38.53826470853557,-7.299388919580116],[-38.53872696334347,-7.30332603642774],[-38.540110293874584,-7.306218602166453],[-38.54231803711865,-7.306826902055905],[-38.546044373489835,-7.312713927450838],[-38.54965478589848,-7.314406182166236],[-38.55035513303238,-7.315464222385334],[-38.55132729791474,-7.3194036487934255],[-38.55121080532315,-7.322196092265068],[-38.54865778716685,-7.326546103070619],[-38.54852314921402,-7.332131716135739],[-38.54938251811151,-7.3349975906097695],[-38.551465143946004,-7.338199554546804],[-38.55338961426121,-7.3443895668354875],[-38.554163503495545,-7.345618728492908],[-38.55629900622461,-7.346197953848351],[-38.55724480619184,-7.347128956707252],[-38.55835432649946,-7.353935961439548],[-38.5611835851399,-7.3582640756420075],[-38.56454839741878,-7.361188274654651],[-38.57094938294004,-7.371039151757716],[-38.5744428989616,-7.375134814095697],[-38.57711964373527,-7.377297446375117],[-38.57866495399893,-7.379748277270871],[-38.57899338048705,-7.380939261077788],[-38.578128717686795,-7.386201680246225],[-38.583602562534494,-7.398204696587565],[-38.58454234517796,-7.3993507029023675],[-38.58610155740964,-7.400034238187897],[-38.58860702655319,-7.400179931113586],[-38.59038506337283,-7.401181743045154],[-38.591485253324045,-7.404599826258032],[-38.59532917252008,-7.411481264167948],[-38.59612534729685,-7.414755597512003],[-38.59562737255078,-7.415579200957154],[-38.58727444994479,-7.414679540213089],[-38.58449751633913,-7.416351025242385],[-38.58343517235192,-7.419940050833261],[-38.586044739158,-7.427836181195513],[-38.58425072356757,-7.4331778768088554],[-38.58530076605221,-7.434815118020701],[-38.58761608300349,-7.433741573320465],[-38.59152271213,-7.433060253813956],[-38.59501829179364,-7.4339374449112094],[-38.59607437420694,-7.438630366028967],[-38.60580296858091,-7.444574450123539],[-38.60397564135861,-7.448532402894046],[-38.60284418821464,-7.453558307621878],[-38.603669505279086,-7.4576600563015845],[-38.60555181571164,-7.45803536802582],[-38.61610561340268,-7.4569382393421595],[-38.61718437737808,-7.457167531067798],[-38.62199581509447,-7.460669839898841],[-38.62732724485255,-7.460505574538993],[-38.63807884437189,-7.457949342524273],[-38.641713919313545,-7.4581761820373265],[-38.644918664659066,-7.460018833055373],[-38.6462149037018,-7.4630285915220576],[-38.64169090270906,-7.464967409189862],[-38.64094025199191,-7.469705677142169],[-38.63622938712783,-7.473651463689318],[-38.63454300789563,-7.479330864535073],[-38.63094297814707,-7.482498992868068],[-38.63056544852604,-7.483952218551738],[-38.630903932301244,-7.487329867832614],[-38.633688674545716,-7.4906693955901975],[-38.63477579820542,-7.491474816708172],[-38.638241762621554,-7.492126340022073],[-38.64599572070599,-7.501925991674275],[-38.64616805112534,-7.503235395542471],[-38.64496978966904,-7.506133328730995],[-38.6477391362799,-7.508890721584626],[-38.64839490461328,-7.511428230546911],[-38.64778202603925,-7.513146364377011],[-38.645941870918485,-7.51437563287552],[-38.64576147542083,-7.5156346389489475],[-38.646475261635885,-7.51754167121886],[-38.6488087526377,-7.5197891226120195],[-38.653371280544704,-7.521163978817196],[-38.65465772656313,-7.522221885492491],[-38.65479820465968,-7.523331217016307],[-38.65365650162947,-7.526111170405925],[-38.65149306813372,-7.527803883129355],[-38.65127497475214,-7.530989881534937],[-38.65277400906518,-7.540687864058904],[-38.65579724069136,-7.544422569124564],[-38.656487652181795,-7.5461935220582355],[-38.65630411056911,-7.548238865189006],[-38.65325114265661,-7.550504100998566],[-38.65299156480189,-7.552619394323127],[-38.65504783460744,-7.557161924835131],[-38.65755202911554,-7.558847829266365],[-38.65913705922178,-7.560882525972888],[-38.6591554775199,-7.561670414091997],[-38.65584991523527,-7.563542433596898],[-38.6553250972243,-7.565543000365354],[-38.657188943631816,-7.565902585442327],[-38.66118230897414,-7.568291805629066],[-38.674467319033546,-7.569331320698296],[-38.67717124679867,-7.570569643713386],[-38.682991531715416,-7.578743212575082],[-38.68605899718972,-7.581199969208763],[-38.688817063247036,-7.582186025011133],[-38.694828916106395,-7.582509231638212],[-38.69995369206754,-7.58118543668195],[-38.70365877984096,-7.580957310918065],[-38.70926794462905,-7.585071077926205],[-38.70952460081394,-7.58599833857206],[-38.711024968759865,-7.586633981133904],[-38.71033251956246,-7.590737443544623],[-38.71121409175027,-7.594693377753808],[-38.710127956608275,-7.597262569269757],[-38.7140744567836,-7.5993424289364695],[-38.7122725378775,-7.6042532983369515],[-38.71302264398675,-7.6083533737235625],[-38.71382871291585,-7.608879096678429],[-38.71760725022219,-7.60870970601701],[-38.71829928788033,-7.609355563330688],[-38.71802179196455,-7.610305809604976],[-38.71560679488655,-7.612086044439465],[-38.71497430175906,-7.616272859278216],[-38.71516671436214,-7.621946927288975],[-38.71723094300727,-7.626238026711543],[-38.71765546005847,-7.626882414078804],[-38.723726473370334,-7.626884011151845],[-38.725365855427434,-7.629012320148868],[-38.728399525401905,-7.630729336113263],[-38.732189660278905,-7.633865520788275],[-38.73631513970792,-7.634179950897085],[-38.73721575668943,-7.634932193245565],[-38.73727286814295,-7.636281116016364],[-38.73563287433261,-7.637515299893836],[-38.73496555494574,-7.639457444894415],[-38.73541485011277,-7.64027083393675],[-38.73840731950909,-7.642024256808893],[-38.73862110732337,-7.6438211694877305],[-38.741822191107026,-7.648373285371898],[-38.74262967045108,-7.652326672614875],[-38.74226765911503,-7.655295917436839],[-38.74285561743795,-7.656110557957248],[-38.74280204511744,-7.660321999380711],[-38.743659449184605,-7.6606659736305005],[-38.74535498942576,-7.659936542843155],[-38.74785105437333,-7.6603899315075425],[-38.754467088133644,-7.659742917584176],[-38.760494807680644,-7.656057218146952],[-38.763912742021006,-7.656401210509085],[-38.768472244367096,-7.6579608949576174],[-38.76923906277504,-7.6587695365034785],[-38.77129544041917,-7.659085512411198],[-38.77542890689614,-7.662433407973993],[-38.77746404576828,-7.662835187351511],[-38.77915390596956,-7.66166283360118],[-38.781824382999865,-7.661865884999923],[-38.783074504559885,-7.666647227200213],[-38.783710021531995,-7.667377125582683],[-38.79074786019701,-7.671149665362302],[-38.79155102157174,-7.670732145058494],[-38.79249079723152,-7.668096749769186],[-38.795433523487354,-7.668914199076329],[-38.799496106210796,-7.66914749932846],[-38.80557301553856,-7.667441693679574],[-38.8077418318905,-7.667708022927696],[-38.810055163757774,-7.66893944403038],[-38.81221793485521,-7.6687488959138825],[-38.81578240461077,-7.66410678667748],[-38.81793399085126,-7.663734431221877],[-38.81968990717399,-7.6648277538160645],[-38.821197156860066,-7.672308354344583],[-38.824326138277215,-7.677254153000518],[-38.82424127215966,-7.678344304657754],[-38.81988427364142,-7.681720340955236],[-38.818543536810076,-7.685363739830446],[-38.81583153659336,-7.686664047869504],[-38.81506806019359,-7.688253844717352],[-38.815406090722156,-7.6913284807584255],[-38.81502393211044,-7.697390819251951],[-38.818112553791444,-7.702066493464758],[-38.81843911050143,-7.7029833206332325],[-38.81740829507944,-7.705858954618752],[-38.82196218282839,-7.714794378510716],[-38.824579835077806,-7.715889835261583],[-38.828109347956996,-7.719614527231547],[-38.830650223648526,-7.720401248188136],[-38.83182378880853,-7.72045806591816],[-38.83355192493653,-7.7196079059627065],[-38.846102196491785,-7.720415048984405],[-38.84968810187121,-7.717125414997345],[-38.85178856537797,-7.715929087342219],[-38.85377184640293,-7.71554944397276],[-38.85552159185295,-7.716574688424083],[-38.85768566288984,-7.714754803569233],[-38.860936392817,-7.71460782461278],[-38.86443642710261,-7.713642144450178],[-38.8666628840553,-7.711279838033787],[-38.86974454971012,-7.7115417550247605],[-38.87308035086384,-7.714866551733398],[-38.87416117667545,-7.719093063400002],[-38.87980415659049,-7.723301566518521],[-38.88091285734257,-7.724964655766704],[-38.881190519446655,-7.728050489307997],[-38.87963210024168,-7.7312436784976954],[-38.87933005888359,-7.73383206179315],[-38.88096463088795,-7.737938628994296],[-38.88124376151417,-7.7405563771706545],[-38.88062628769651,-7.745947763421024],[-38.881397551053354,-7.747432284627217],[-38.88761503161541,-7.748176318762399],[-38.891670949245125,-7.749437915408367],[-38.89268029974185,-7.750290455177877],[-38.894810582934376,-7.7504535374801815],[-38.90035318702322,-7.744875580989277],[-38.90241056969751,-7.744875152390615],[-38.907023029752935,-7.746573606973244],[-38.910073468546706,-7.746178603073582],[-38.91271867540785,-7.744581683994752],[-38.915577680540764,-7.744487099096729],[-38.91824769699078,-7.747167043869244],[-38.915332700536744,-7.753706146171527],[-38.91516128079808,-7.756939673820346],[-38.916110873575356,-7.758538144348939],[-38.91736028266729,-7.758852183667883],[-38.91813145716869,-7.758302083632421],[-38.92021881252819,-7.754567334694494],[-38.923436898181265,-7.75365666280749],[-38.927625094964746,-7.753806196885318],[-38.93405152865233,-7.758830131732626],[-38.93730176750445,-7.7582318888128174],[-38.93957807115671,-7.758772698100782],[-38.94163517172732,-7.761320794309571],[-38.94218635041614,-7.7643720709501345],[-38.94118657699342,-7.768034351791621],[-38.9410225833163,-7.771412892768935],[-38.94467870827534,-7.776830573724363],[-38.946382677649225,-7.781397505269099],[-38.94507937029042,-7.786160522602853],[-38.93979822613056,-7.79155573336957],[-38.939965968212185,-7.795105732597978],[-38.94477066447863,-7.803908279191465],[-38.947798631460174,-7.8071412248111764],[-38.951441406605426,-7.8090454106426685],[-38.95285621154678,-7.810545704741183],[-38.95325024366327,-7.819378843643192],[-38.95405012405711,-7.821517779181128],[-38.9580753428553,-7.825610547482176],[-38.96494123766832,-7.829828533757465],[-38.96549620860313,-7.831791126543901],[-38.96451675908932,-7.833709449249875],[-38.960149253523035,-7.837211810072406],[-38.95936115808782,-7.838263473610425],[-38.95921392210016,-7.840271686054681],[-38.95977423899716,-7.8421583023378965],[-38.962859432660984,-7.844816471189225],[-38.96597440620374,-7.845623353782404],[-38.970286905082375,-7.8458071081121945],[-38.97463932525451,-7.842974624498888],[-38.97549177875741,-7.843248064926374],[-38.97749600278923,-7.84552329547795],[-38.97932230907894,-7.846130669365082],[-38.98224462399709,-7.846125646756761],[-38.990357769019546,-7.8440017641077],[-38.99478088258895,-7.840344908151445],[-39.00140866804558,-7.840126123603876],[-39.00341434398279,-7.838129825219142],[-39.00532561286109,-7.834555592943523],[-39.00751987743582,-7.8235937511128],[-39.010505053881815,-7.8163549812304005],[-39.01182908255306,-7.814208498973384],[-39.01363043299552,-7.81291672280272],[-39.01637039889005,-7.812180760146196],[-39.019314013243026,-7.813035270964711],[-39.0215930066752,-7.81485424513191],[-39.02520696594709,-7.823376873997847],[-39.02639362242654,-7.824635098900078],[-39.02891356318631,-7.824858135591974],[-39.033659561045376,-7.82189722767737],[-39.039443905704516,-7.820563079039872],[-39.05375572866652,-7.8193046948574745],[-39.05635022798412,-7.821005077311633],[-39.05776147000306,-7.822933015081663],[-39.06117323382447,-7.833365030531799],[-39.0628038798689,-7.836842800794401],[-39.064879813504575,-7.839504215707925],[-39.07185228131536,-7.8445363567201065],[-39.08535027577553,-7.851712552767692],[-39.086984574759526,-7.853123881341976],[-39.08965190787577,-7.857409870597773],[-39.091296808303866,-7.858182014339652],[-39.092991931787815,-7.857557764814496],[-39.09654720215944,-7.850156632918281],[-39.09584259628687,-7.846795522942911],[-39.093372847338884,-7.842760588914263],[-39.08818799328506,-7.837726128996753],[-39.08796504558168,-7.83261728165274],[-39.09255958834847,-7.823069876300786],[-39.092857256996076,-7.821295595827499],[-39.090555468996676,-7.81167169480843],[-39.09055515989117,-7.8096046706119235],[-39.09448425490736,-7.80234923423352],[-39.09640955627852,-7.795098744109962],[-39.097892113875574,-7.792433505205802],[-39.10130046266516,-7.788613849209564],[-39.10186192592908,-7.786889836298606],[-39.1021148340573,-7.78480967847329],[-39.100559317035234,-7.779926563341839],[-39.10033326504959,-7.775707714631696],[-39.10344657448792,-7.769342611502849],[-39.10635386056877,-7.76022629319085],[-39.10938520571494,-7.75683040978772],[-39.11838345247197,-7.749236687492449],[-39.11994394796252,-7.746782564932147],[-39.123853326058004,-7.743246078156456],[-39.12688236774592,-7.7384801034804935],[-39.12785935708085,-7.73549138961358],[-39.13071443169989,-7.731243757361845],[-39.13275642840633,-7.7266262553225],[-39.135640913717005,-7.723375099024949],[-39.14229966840159,-7.719025804436393],[-39.146529250468525,-7.718224805612968],[-39.15157807167666,-7.717016389858732],[-39.154219345498674,-7.717430763170033],[-39.15599710581965,-7.716445043933797],[-39.158488615926515,-7.7171424998521685],[-39.16288572540954,-7.716807741053362],[-39.165803001199684,-7.715628059120046],[-39.16738192107059,-7.7138779200521554],[-39.16868852264519,-7.715366777552102],[-39.17100134102995,-7.715240305497349],[-39.177721116828685,-7.709565658997242],[-39.181029069123824,-7.70950651659849],[-39.18338627285907,-7.705559565249936],[-39.18755582266812,-7.702572462373162],[-39.192023184774435,-7.697344483321234],[-39.19594066922942,-7.69708047732306],[-39.200776109806185,-7.69550881743328],[-39.20833526283146,-7.689480392467363],[-39.21494542062018,-7.693109102506275],[-39.22050160368682,-7.695001619794367],[-39.222742526525764,-7.696803758710348],[-39.22863447595629,-7.695685537325478],[-39.230249254323496,-7.695759182587073],[-39.232247872748864,-7.696795053113161],[-39.23475872647726,-7.696834391472427],[-39.238053829214344,-7.698552333206523],[-39.24272462563941,-7.704786683818513],[-39.244172383448046,-7.70534307248839],[-39.25256488211529,-7.704930972572051],[-39.25032223451325,-7.698385102901819],[-39.24842230650774,-7.6967092821334955],[-39.250049446601,-7.692871900238782],[-39.247467169089184,-7.690651516310086],[-39.2500234603637,-7.688000837920974],[-39.24974037522536,-7.683544576320928],[-39.2528159338608,-7.67728681071185],[-39.26533802171192,-7.669831087344656],[-39.26639587899023,-7.664765418690846],[-39.27032143072671,-7.659897323495342],[-39.27240165499256,-7.660133551871451],[-39.28375173212936,-7.664208428419572],[-39.288845196191296,-7.6649008919232955],[-39.29770903974555,-7.662957314061214],[-39.30227420767018,-7.663946800070536],[-39.305566443524334,-7.665931616347008],[-39.30689381439691,-7.66508617423339],[-39.30964825549162,-7.657336457945063],[-39.31138858814215,-7.6552366229297135],[-39.32144033174731,-7.654225817457354],[-39.32406776383615,-7.651678283434421],[-39.334548583302215,-7.647089066459734],[-39.3384437241314,-7.644646916442484],[-39.34153105542777,-7.636930497295998],[-39.34284447291104,-7.6356178467938465],[-39.350170512151834,-7.631218895233976],[-39.355113270433925,-7.630053774076693],[-39.359291153115706,-7.626810921582448],[-39.3681030622414,-7.623870036649885],[-39.37000591357516,-7.617994582889917],[-39.37196733087195,-7.615174291679988],[-39.37609498595471,-7.611772411782613],[-39.38088783202298,-7.610995555526676],[-39.38397428988668,-7.608573718609487],[-39.3860656371536,-7.608134569609911],[-39.39317850700981,-7.608205519768412],[-39.39928543536286,-7.606423757602463],[-39.40647445487767,-7.605182003774167],[-39.418573799377754,-7.604876702060284],[-39.419656163149625,-7.604412344875601],[-39.420543924771245,-7.603292373246592],[-39.42289094690874,-7.59221113532752],[-39.42327284876978,-7.586805880462026],[-39.43485965831018,-7.573818263654806],[-39.44505642867282,-7.572543877253361],[-39.44761713146025,-7.572245159091142],[-39.45088168298072,-7.5728576563614505],[-39.46016229481743,-7.576013694198768],[-39.46580427852168,-7.574618039296486],[-39.47059849796077,-7.575848046187328],[-39.47245366894352,-7.575182009556953],[-39.47345591265529,-7.5728645566485895],[-39.47545568028557,-7.563284218460105],[-39.476526833338724,-7.55332768998691],[-39.48424388380619,-7.541089818168607],[-39.48501397364659,-7.538386630348182],[-39.48516422850093,-7.53444905975736],[-39.48469806783748,-7.532828536430398],[-39.48253046935995,-7.530051163844441],[-39.476652816813285,-7.527046716732547],[-39.46968844713663,-7.520568703354529],[-39.45730582210071,-7.5061829504706035],[-39.45567747848767,-7.501860971922295],[-39.456737546891034,-7.480442414514358],[-39.458385125341664,-7.47435297196871],[-39.46074764730659,-7.471219039677106],[-39.467856599943,-7.469590606022293],[-39.472109042949015,-7.470898584756895],[-39.47551190719697,-7.472670476605849],[-39.48973255856633,-7.472423273475069],[-39.49753418696815,-7.468013740394087],[-39.49900067046338,-7.46612072071297],[-39.502360529115435,-7.464148480991368],[-39.507695273683666,-7.4653774531102615],[-39.512102646228165,-7.467147901337566],[-39.52161589606534,-7.472618404158185],[-39.536443981187524,-7.482530341167191],[-39.54346355264045,-7.484693140520851],[-39.54821347041644,-7.483199921373177],[-39.55282789840945,-7.480656878141718],[-39.557454874558594,-7.47254493028086],[-39.56254069636603,-7.460378032596629],[-39.571590525540614,-7.429831275632029],[-39.573057508644034,-7.428671483582249],[-39.576533911064985,-7.427895049417881],[-39.583414704709575,-7.429970568647723],[-39.58797756041008,-7.4323573194271235],[-39.59307793668004,-7.4323513009154825],[-39.60006617908017,-7.428030190261728],[-39.60551682236509,-7.424086959685467],[-39.608688168358185,-7.423726646371054],[-39.615547133535316,-7.425646744774784],[-39.623283974482845,-7.426864489141959]]]}},{"type":"Feature","properties":{"crpm":"5º CRPM","batalhoes":["8º BPM","16º BPM","19º BPM","22º BPM"],"quantidade_batalhoes":4,"municipios_integrais":0,"bairros_fortaleza":49,"label_coordinates":[-38.475156,-3.796663]},"geometry":{"type":"Polygon","coordinates":[[[-38.50456195,-3.88911291],[-38.50541982,-3.88991326],[-38.50546892,-3.89031379],[-38.505755,-3.890542],[-38.508505,-3.888748],[-38.509004,-3.888716],[-38.509505,-3.88888],[-38.510856,-3.888698],[-38.51163339,-3.88906861],[-38.51265879,-3.89026513],[-38.51406444,-3.89460306],[-38.51676588,-3.89204122],[-38.531158,-3.879367],[-38.53014275,-3.87882562],[-38.52977508,-3.87831989],[-38.529021,-3.875954],[-38.52848521,-3.87484586],[-38.527907,-3.872743],[-38.52645253,-3.87069304],[-38.5254745,-3.869739],[-38.523802,-3.86863],[-38.520516,-3.867253],[-38.52025674,-3.86696513],[-38.519562,-3.865311],[-38.518954,-3.864611],[-38.52322614,-3.8637444],[-38.53613156,-3.86076239],[-38.53917637,-3.85987843],[-38.54231933,-3.85919018],[-38.53949366,-3.84201164],[-38.53826456,-3.84044425],[-38.53585216,-3.84315253],[-38.53579279,-3.84290702],[-38.53529058,-3.84275829],[-38.53514587,-3.84220049],[-38.53556362,-3.84148839],[-38.53532323,-3.84116846],[-38.53533076,-3.84039579],[-38.53503378,-3.84012921],[-38.53430876,-3.84011814],[-38.53437981,-3.83946981],[-38.53424207,-3.83902925],[-38.53303198,-3.83803556],[-38.53251799,-3.83734925],[-38.53237287,-3.83701923],[-38.53231829,-3.83631244],[-38.53181276,-3.83592565],[-38.53109197,-3.83508093],[-38.53102913,-3.83467859],[-38.53053779,-3.83393314],[-38.53031452,-3.83325799],[-38.52901144,-3.83467357],[-38.5309195,-3.83250372],[-38.53123238,-3.83171007],[-38.53107365,-3.83068232],[-38.53081648,-3.83044834],[-38.53025292,-3.83033111],[-38.52962222,-3.82975232],[-38.52844666,-3.82942433],[-38.52833355,-3.82910559],[-38.53439008,-3.82783363],[-38.53873946,-3.82575309],[-38.54377637,-3.82456387],[-38.54972657,-3.82363112],[-38.55811484,-3.82106806],[-38.54963964,-3.79301661],[-38.54930903,-3.7931167],[-38.54902427,-3.79298611],[-38.54873144,-3.79307811],[-38.54803616,-3.79300411],[-38.54750691,-3.79342669],[-38.54707296,-3.7934395],[-38.54572816,-3.79389826],[-38.54518176,-3.79428128],[-38.54496958,-3.79473726],[-38.54409538,-3.79478729],[-38.54267045,-3.79546983],[-38.54155785,-3.79565101],[-38.54086171,-3.79562792],[-38.54032985,-3.79543493],[-38.53982679,-3.79554477],[-38.53965036,-3.79560455],[-38.53935904,-3.7959999],[-38.53832848,-3.79626779],[-38.53807265,-3.79608336],[-38.53737752,-3.79651426],[-38.5370342,-3.79702571],[-38.53655919,-3.79704733],[-38.53614339,-3.79681107],[-38.53552589,-3.79697272],[-38.53497727,-3.79757999],[-38.53476624,-3.7974263],[-38.53450602,-3.79762476],[-38.53417131,-3.79729134],[-38.53365879,-3.79736827],[-38.5332065,-3.79721656],[-38.53300229,-3.79735642],[-38.53225674,-3.7972943],[-38.53181027,-3.79773893],[-38.53141684,-3.79757789],[-38.53165088,-3.79698689],[-38.53124852,-3.79630525],[-38.52794734,-3.78449648],[-38.52668322,-3.78423055],[-38.52512922,-3.78346849],[-38.52414211,-3.7833038],[-38.51860411,-3.78432865],[-38.51778313,-3.78444376],[-38.51732112,-3.78437752],[-38.51683818,-3.7839115],[-38.51548191,-3.78010168],[-38.51506124,-3.77958235],[-38.51449717,-3.77926968],[-38.51419411,-3.78027244],[-38.51480328,-3.77809589],[-38.5179195,-3.77893242],[-38.51781018,-3.77810547],[-38.5182219,-3.77005624],[-38.5170703,-3.76988246],[-38.51704416,-3.76998507],[-38.51814884,-3.76553931],[-38.5189979,-3.76006581],[-38.51919677,-3.75896726],[-38.51961936,-3.75799091],[-38.52049691,-3.75353987],[-38.52392831,-3.73690353],[-38.51755246794812,-3.7389101610510216],[-38.51666734,-3.73603368],[-38.51640781,-3.73611802],[-38.51387784,-3.72802612],[-38.51261567969107,-3.7240104019400957],[-38.51952094,-3.72356228],[-38.5193097,-3.72275649],[-38.51934094,-3.72075974],[-38.51985462,-3.72083497],[-38.51986749,-3.71770612],[-38.51700184,-3.71835426],[-38.51639399,-3.71583203],[-38.51627412,-3.71585001],[-38.51685891,-3.7183901],[-38.51527067,-3.71849426],[-38.51430885,-3.71876096],[-38.51178012,-3.71858946],[-38.51119113,-3.71350566],[-38.51093776,-3.71353286],[-38.51150486,-3.71871138],[-38.51149553,-3.7190206],[-38.51115076,-3.71934958],[-38.50913744,-3.72058922],[-38.50467096,-3.72203079],[-38.50415216,-3.72049684],[-38.50397246,-3.72056893],[-38.50471643,-3.72275287],[-38.50453701,-3.72280902],[-38.50435113,-3.72243113],[-38.50425056,-3.72252653],[-38.50442235,-3.7229265],[-38.50332493,-3.7235179],[-38.50221401,-3.72391241],[-38.4989375,-3.72456878],[-38.49585164,-3.72503373],[-38.49493444,-3.72497358],[-38.49416986,-3.72289191],[-38.49457207,-3.72272358],[-38.49454669,-3.72260712],[-38.49388656,-3.72262569],[-38.49443233,-3.72445709],[-38.49363521,-3.72466846],[-38.49252621,-3.72462444],[-38.49073849,-3.72427584],[-38.48994372,-3.72327102],[-38.48852214,-3.7224287],[-38.48772869,-3.7224821],[-38.48628654,-3.72286197],[-38.48458199,-3.72228905],[-38.48301652,-3.72242157],[-38.4817524,-3.72203109],[-38.47938684,-3.72090701],[-38.47889401,-3.72069431],[-38.47909288,-3.71993518],[-38.47889893,-3.7199062],[-38.47870204,-3.72034994],[-38.47808299,-3.72021745],[-38.47792428,-3.72046277],[-38.47768851,-3.72031635],[-38.47791686,-3.71996481],[-38.47766948,-3.72030342],[-38.4772219,-3.71991324],[-38.47716012,-3.71999795],[-38.47655127,-3.71960414],[-38.47627832,-3.71925584],[-38.47667871,-3.71897236],[-38.47626188,-3.71921139],[-38.47604373,-3.71859543],[-38.47598436,-3.71817645],[-38.47615901,-3.71767874],[-38.47658172,-3.71727069],[-38.47704905,-3.71747802],[-38.47753792,-3.71728913],[-38.4772153,-3.71626082],[-38.47738122,-3.7154756],[-38.47727271,-3.71531695],[-38.4826167,-3.71228965],[-38.48289825,-3.71102377],[-38.48332829,-3.70987873],[-38.48307938,-3.70980784],[-38.48242267,-3.71219897],[-38.47721366,-3.71515346],[-38.47524227,-3.71227206],[-38.47316974,-3.70638714],[-38.47542625,-3.70419177],[-38.47480607,-3.7035145],[-38.47543011,-3.70252252],[-38.47606063,-3.70181652],[-38.47625129,-3.70118163],[-38.47948548,-3.70021478],[-38.48199972,-3.69909131],[-38.48241673,-3.69911544],[-38.4825597,-3.69900786],[-38.48250034,-3.69873254],[-38.48217867,-3.69874429],[-38.47974774,-3.69985587],[-38.47358777,-3.70163549],[-38.47280094,-3.70248477],[-38.4705111,-3.70679175],[-38.4686164,-3.70773606],[-38.46783011,-3.70781936],[-38.46763917,-3.70832197],[-38.46715055,-3.70862084],[-38.46045936,-3.70510766],[-38.46045933,-3.70544464],[-38.46383957,-3.70724249],[-38.46403002,-3.70754186],[-38.46387413,-3.70920525],[-38.46354665,-3.71079807],[-38.46348342,-3.71275281],[-38.46140046,-3.71912441],[-38.45953222,-3.7237115],[-38.45718538,-3.72851649],[-38.45718543,-3.72902355],[-38.45635947,-3.73028757],[-38.4561905,-3.73110699],[-38.45495457,-3.73307303],[-38.45323673,-3.73680846],[-38.45227127,-3.73839616],[-38.4520119,-3.73928247],[-38.4504457,-3.7420008],[-38.44977759,-3.74358008],[-38.44792909,-3.74707135],[-38.4459304,-3.75069077],[-38.44264039,-3.75754179],[-38.44099868,-3.76035339],[-38.44038776,-3.76173938],[-38.43951979,-3.762722],[-38.43897108,-3.76384667],[-38.43799338,-3.76504281],[-38.43694356,-3.76719629],[-38.43617402,-3.76828183],[-38.43581672521819,-3.7692077684052996],[-38.43586614,-3.7690715],[-38.43560859,-3.76939446],[-38.43525033,-3.76954086],[-38.43370018,-3.77162227],[-38.43025048,-3.77787782],[-38.42685664,-3.78344337],[-38.42471647,-3.78743344],[-38.42094377,-3.79400727],[-38.41864152,-3.7969319],[-38.41805152,-3.79829997],[-38.41526086,-3.80241495],[-38.41423544,-3.80361101],[-38.41006872,-3.80968631],[-38.40899767,-3.81094331],[-38.40861463,-3.8120193],[-38.40570658,-3.81658332],[-38.40281041,-3.81992705],[-38.40221401,-3.82086013],[-38.40168906,-3.8218651],[-38.40176719,-3.82375946],[-38.40190514,-3.8242973],[-38.40139391,-3.82552075],[-38.40135706,-3.82658513],[-38.40180448,-3.82686136],[-38.40296566,-3.82646503],[-38.40447309,-3.82508469],[-38.40593114,-3.82398574],[-38.40599727,-3.82381897],[-38.40573199,-3.82206034],[-38.40586987,-3.82154252],[-38.40700482,-3.82050758],[-38.40841463,-3.81961096],[-38.44292921,-3.80154991],[-38.44348673,-3.80277287],[-38.44437903,-3.80339153],[-38.44448611,-3.80422434],[-38.44470026,-3.8044147],[-38.44503338,-3.80430762],[-38.44533082,-3.80436711],[-38.44546169,-3.80467644],[-38.44580671,-3.80486679],[-38.44599553,-3.80521233],[-38.44508458,-3.80701798],[-38.44316676,-3.80927894],[-38.44221891,-3.81167296],[-38.44227078,-3.81373204],[-38.44260376,-3.81579109],[-38.44396102,-3.81792813],[-38.44518967,-3.81926616],[-38.44547192,-3.82065599],[-38.44574078,-3.82642006],[-38.4473799,-3.83146506],[-38.44988765,-3.83787128],[-38.45147676,-3.83970116],[-38.45329593,-3.84037018],[-38.45590809,-3.84073121],[-38.45718395,-3.84147529],[-38.45812197,-3.84266923],[-38.45881004,-3.84306713],[-38.46089412,-3.8428782],[-38.46266599,-3.84348621],[-38.46362412,-3.84361123],[-38.46379131,-3.84344404],[-38.46364512,-3.8429409],[-38.46364506,-3.84218714],[-38.46402005,-3.84208219],[-38.46445801,-3.84216628],[-38.46516688,-3.84315122],[-38.46633395,-3.84350718],[-38.46681277,-3.8445121],[-38.46714684,-3.84474316],[-38.46731265,-3.84535],[-38.46720525,-3.84595288],[-38.46760968,-3.84909406],[-38.46784991,-3.8497012],[-38.46872474,-3.85082218],[-38.46890304,-3.85088519],[-38.46918405,-3.85074915],[-38.46962208,-3.85018319],[-38.4703819,-3.85025617],[-38.47105999,-3.85069613],[-38.47106966,-3.8510941],[-38.47145596,-3.85150311],[-38.4714559,-3.85229889],[-38.47105991,-3.85273901],[-38.4713099,-3.85362918],[-38.47266132,-3.85399709],[-38.47296319,-3.85431106],[-38.47341471,-3.85442521],[-38.47349065,-3.85461327],[-38.47376095,-3.85475431],[-38.47407418,-3.85479114],[-38.47453324,-3.85451922],[-38.47497012,-3.8545192],[-38.47523112,-3.8546133],[-38.4758458,-3.85525209],[-38.47590761,-3.85606898],[-38.47568881,-3.85679096],[-38.47536591,-3.85731495],[-38.47534471,-3.85781801],[-38.4754387,-3.85805913],[-38.47625207,-3.85813212],[-38.47777402,-3.85921117],[-38.47802379,-3.85980817],[-38.47804391,-3.86022701],[-38.47753385,-3.86077096],[-38.4773459,-3.861211],[-38.47777404,-3.86200721],[-38.47796235,-3.8622373],[-38.4797127,-3.86227709],[-38.48019174,-3.86274808],[-38.48082185,-3.8636732],[-38.48119715,-3.86368315],[-38.48159323,-3.86341105],[-38.48239035,-3.86313454],[-38.48304714,-3.86313457],[-38.48429319,-3.86388172],[-38.48442717,-3.86426076],[-38.48557482,-3.86461848],[-38.48593979,-3.86526697],[-38.48662196,-3.86582703],[-38.48785457,-3.86635727],[-38.48837538,-3.86681812],[-38.48878594,-3.86790162],[-38.48890402,-3.8696849],[-38.48948876,-3.87121332],[-38.49044282,-3.87246622],[-38.49105802,-3.8735841],[-38.4915588,-3.8738793],[-38.49188093,-3.87446117],[-38.49166561,-3.87526703],[-38.49183107,-3.8754322],[-38.4919879,-3.8753462],[-38.49203794,-3.87619417],[-38.49239572,-3.87635316],[-38.49223199,-3.87700021],[-38.49251103,-3.87724416],[-38.49267466,-3.87791301],[-38.49248896,-3.87820098],[-38.49243156,-3.87865414],[-38.4925678,-3.87912102],[-38.49242486,-3.87973307],[-38.49259703,-3.88017916],[-38.4931327,-3.88056016],[-38.49341165,-3.88120713],[-38.49356967,-3.88249411],[-38.49394877,-3.88270312],[-38.4939278,-3.88323483],[-38.49375569,-3.88334995],[-38.4938988,-3.88395417],[-38.49422792,-3.88394019],[-38.49440398,-3.88422019],[-38.49467881,-3.88421333],[-38.49490784,-3.88478113],[-38.4955088,-3.88538637],[-38.49595986,-3.88543635],[-38.49608174,-3.88558019],[-38.49608179,-3.88628522],[-38.49743401,-3.88665829],[-38.49748379,-3.88702523],[-38.4977851,-3.88728426],[-38.49864407,-3.88758632],[-38.4993022,-3.88752928],[-38.50063983,-3.8878453],[-38.50119115,-3.8881763],[-38.501449,-3.88798219],[-38.50171358,-3.8881269],[-38.50281973,-3.8882441],[-38.50396381,-3.88804834],[-38.50455471,-3.88824018],[-38.50464901,-3.88868012],[-38.50456195,-3.88911291]]]}},{"type":"Feature","properties":{"crpm":"6º CRPM","batalhoes":["14º BPM","15º BPM","24º BPM","25º BPM"],"quantidade_batalhoes":4,"municipios_integrais":12,"bairros_fortaleza":0,"label_coordinates":[-38.473631,-4.153377]},"geometry":{"type":"Polygon","coordinates":[[[-38.614439400420736,-4.182920166785686],[-38.61681615492283,-4.176950342588473],[-38.61660623178793,-4.175961469596344],[-38.61720917359651,-4.1754385862863],[-38.61767950659704,-4.172980249285657],[-38.61929001951992,-4.170216432457155],[-38.61905830391211,-4.167282121199992],[-38.61826568392637,-4.166512883584258],[-38.618807097201405,-4.163448988632527],[-38.61958325116824,-4.163350800025326],[-38.620226113028764,-4.165026626756904],[-38.62350373745533,-4.16567447483366],[-38.623623282023964,-4.16494448566001],[-38.625685670932704,-4.164371007970817],[-38.62631781267839,-4.163533550315257],[-38.62822318289054,-4.164362297004633],[-38.629250140803414,-4.163379355218544],[-38.631574439697026,-4.16348816001291],[-38.63329148075444,-4.1621964202377715],[-38.63875711888873,-4.160884250593829],[-38.64015579652649,-4.159793410348822],[-38.64114844025376,-4.158095021731259],[-38.644449530513626,-4.1595685845753225],[-38.64622574209425,-4.159174441104455],[-38.65107671740713,-4.159954528182378],[-38.65349740771792,-4.157693643176235],[-38.65845586323704,-4.158006979079063],[-38.66005284082679,-4.158618039747901],[-38.66284080049934,-4.16156337391188],[-38.66440217678703,-4.161827338461314],[-38.665452024585036,-4.15967354042923],[-38.66940153514244,-4.161706454876471],[-38.6724915713149,-4.160659347816232],[-38.67326379957759,-4.161076156771187],[-38.673906710267914,-4.162914714539957],[-38.67732909088252,-4.165328884319762],[-38.67764349761644,-4.1660087982391625],[-38.6771473239736,-4.166764974739694],[-38.67776688721149,-4.167425865155089],[-38.68160937678737,-4.16860508839328],[-38.68262999127827,-4.16792571653691],[-38.685070434584865,-4.169803289573199],[-38.686014601170406,-4.169526009089787],[-38.686577944738744,-4.167697515823741],[-38.68819900993758,-4.16779390566212],[-38.68984812064,-4.169326470015428],[-38.69219374523932,-4.169873136867271],[-38.69321224567374,-4.16948396498174],[-38.69740729286613,-4.171664828127331],[-38.69776381245757,-4.174130144392397],[-38.699237426768825,-4.175647258246304],[-38.699831626087864,-4.177531794027318],[-38.70431758549503,-4.180608278719871],[-38.70609448691051,-4.18431134441346],[-38.70902983154655,-4.186101041109068],[-38.712357347733175,-4.1856269496674665],[-38.71283270718845,-4.186492166332198],[-38.712606911447196,-4.18804481301735],[-38.713890381976256,-4.187997404003823],[-38.71576249904015,-4.188993674491828],[-38.71648731089755,-4.1888215975311835],[-38.71751780895319,-4.1871751629797815],[-38.71517998179986,-4.173101497452369],[-38.71918228370383,-4.168317223411611],[-38.74923024403661,-4.158868555712169],[-38.75672271697113,-4.157229387015879],[-38.77561566871744,-4.16247307712927],[-38.78882114318841,-4.142166722743934],[-38.79052609816854,-4.140661558403495],[-38.79121409720317,-4.138325298913324],[-38.791107795999935,-4.136413726999901],[-38.79065114699989,-4.135117470999947],[-38.78956930599985,-4.134467441999964],[-38.78757240799998,-4.135521584999841],[-38.78442087906962,-4.134942471902036],[-38.781799804823116,-4.130513536071853],[-38.77671040728568,-4.12983591735794],[-38.7749936167574,-4.1312476734528945],[-38.7729234163687,-4.13197822704133],[-38.76907510691332,-4.128301548866638],[-38.75501067238913,-4.128279233062804],[-38.74538751199994,-4.077860435999952],[-38.748584331456996,-4.09300294584143],[-38.750707862308786,-4.090591330207701],[-38.75043497710916,-4.089770195359979],[-38.74918139977482,-4.089574573416641],[-38.75128004748454,-4.087395940170915],[-38.75099660474788,-4.085083417960347],[-38.75208800023523,-4.084454652182948],[-38.75390657517481,-4.0847595191852095],[-38.75707895766134,-4.081158100082921],[-38.757029976783215,-4.080174130187229],[-38.75575193503561,-4.079385977137577],[-38.756225433487586,-4.076911515291291],[-38.75732780274317,-4.076100174736628],[-38.75899301700871,-4.0761390901015435],[-38.7580217778903,-4.074893955325231],[-38.758827701169,-4.074706933886268],[-38.75838524959257,-4.074217246994934],[-38.758798081313486,-4.073521499252509],[-38.76069612166815,-4.0724116336722895],[-38.76171696540859,-4.074681154177739],[-38.76159675796023,-4.07765787664868],[-38.76322156535691,-4.081263929742613],[-38.767105819256,-4.084891161665139],[-38.76907845308659,-4.089365293159152],[-38.77016979262973,-4.095676124900624],[-38.77090323743985,-4.096593136208437],[-38.77395540111683,-4.096431233752469],[-38.7749168364816,-4.0971743428175165],[-38.78099823889977,-4.093741015533423],[-38.78467506348689,-4.094252883509886],[-38.80994940371181,-4.0803567947552235],[-38.8112197486179,-4.080985184102962],[-38.813990972880916,-4.080739304850194],[-38.817408806751786,-4.084740647044522],[-38.8344877581818,-4.072640944405515],[-38.835979205506675,-4.07395194647009],[-38.83761381624324,-4.076785056521701],[-38.83764563265666,-4.081370071507901],[-38.84066418198671,-4.086296768320919],[-38.840459389996354,-4.090412104591152],[-38.84148294803811,-4.095045140312331],[-38.84016716242997,-4.099844771130104],[-38.84071009661207,-4.104133148406192],[-38.84347934267887,-4.10445272570222],[-38.84603335407127,-4.106148124282052],[-38.85042129963158,-4.105142613477836],[-38.85256910526329,-4.107493353131479],[-38.85358775256253,-4.107323120976274],[-38.85569257710828,-4.105134491330648],[-38.86207871291472,-4.104582371658995],[-38.86344310751468,-4.104945403382599],[-38.86298749940108,-4.106107525904503],[-38.857067760876575,-4.107601649020538],[-38.85616416273284,-4.109455799310331],[-38.85724942607683,-4.1109700301273],[-38.86091474231479,-4.111305091538708],[-38.86209580155881,-4.112222623980081],[-38.863531020524455,-4.116644225779508],[-38.86366313572237,-4.119832248887802],[-38.86423397688329,-4.120476540458714],[-38.86585391572676,-4.119961739020705],[-38.867318075482565,-4.116400415272638],[-38.870762924786334,-4.114759885564531],[-38.870634964534965,-4.112838171787034],[-38.87236792679437,-4.110962510889853],[-38.87973248740834,-4.114053900284548],[-38.88162718085531,-4.113496651169174],[-38.88383137086162,-4.113835878970151],[-38.880346239513095,-4.106994911805474],[-38.88140028856451,-4.1061944887475885],[-38.88319531401545,-4.107210199222005],[-38.88601963735836,-4.1063263227492115],[-38.88664507399252,-4.105326303975369],[-38.886221483051436,-4.102954338410916],[-38.88657471523123,-4.102001290718496],[-38.88767131701546,-4.102015490752355],[-38.8885643250869,-4.103691694998497],[-38.891373140962024,-4.105923843025977],[-38.89178608358723,-4.107552617938497],[-38.908225425528265,-4.10357175332632],[-38.90748632342634,-4.109257390994049],[-38.91010441369273,-4.1158881160213365],[-38.91229165902892,-4.118279313296189],[-38.915912407807845,-4.120025083451762],[-38.91912074597166,-4.119194343907984],[-38.920073196013824,-4.117089880457248],[-38.92507697614177,-4.113387441826185],[-38.92608140481984,-4.111207905369011],[-38.926043734330925,-4.105997745194295],[-38.92814089169861,-4.1041164236181125],[-38.931125352210834,-4.103349132491859],[-38.9435790869179,-4.1035855415416975],[-38.942888457593455,-4.100611620706843],[-38.944749910283306,-4.099887096157599],[-38.945068158834744,-4.096859125112518],[-38.94606367986698,-4.097540423563092],[-38.946957214825744,-4.100930351924181],[-38.94871756221809,-4.103248279314487],[-38.949468067767704,-4.103320702311192],[-38.951762025695935,-4.101959287903049],[-38.95259919088096,-4.099191895241902],[-38.95333532538402,-4.098439237542788],[-38.95489309846383,-4.098424852044882],[-38.95673999480745,-4.100032586274466],[-38.95744726849057,-4.0997865489395275],[-38.957562693313676,-4.097874042884508],[-38.95873126999818,-4.097425378447593],[-38.95867366689189,-4.096280944017941],[-38.95607616796885,-4.096599255906763],[-38.956567281483785,-4.094976270885249],[-38.95295994272634,-4.092947754189655],[-38.95495126972874,-4.089311923861557],[-38.95395587590116,-4.0864431887261965],[-38.95573088350147,-4.084096525237976],[-38.9555292665577,-4.080532038678225],[-38.958125864710766,-4.079214046197884],[-38.96004484848144,-4.079836570313236],[-38.9604638367562,-4.078851384416617],[-38.96079559728317,-4.074461847850519],[-38.95925228692862,-4.07444729599988],[-38.956597302351426,-4.072824144130353],[-38.98415955562125,-4.044386321942897],[-39.00354611128131,-3.991770571749152],[-38.94346614316556,-3.9446728853741653],[-38.87164328358825,-3.9687314237205955],[-38.84833324646093,-3.9948709423415356],[-38.811631292530436,-3.9619419169102854],[-38.79440435344796,-3.966740660686425],[-38.78771976599992,-3.966643682999979],[-38.78517578696554,-3.964286083313493],[-38.78010893299989,-3.9543003999999997],[-38.775965847992964,-3.9513587737994267],[-38.76923737915296,-3.943635043270398],[-38.766377538321684,-3.943059769222125],[-38.765353014101166,-3.9419584058857673],[-38.7576235614344,-3.9324569004452745],[-38.755990650179236,-3.927809303054744],[-38.752689494993014,-3.9277870177438716],[-38.745782755113275,-3.9325429373897824],[-38.74325930301647,-3.9351518210100416],[-38.74041252899998,-3.932144261999904],[-38.73719023499988,-3.9302110579999034],[-38.73639603856216,-3.9294258969243536],[-38.73534876701804,-3.9250595744371823],[-38.735026276139806,-3.9198700708639884],[-38.73554158980416,-3.9181851149456515],[-38.732454647032355,-3.912650047028255],[-38.7324677305608,-3.9098547834982624],[-38.72987726769891,-3.9057847715661507],[-38.727732784370886,-3.9044974984549055],[-38.72617256728542,-3.9022768620705013],[-38.72430789726205,-3.9014744152083938],[-38.72304971410534,-3.895324173880695],[-38.72148033977399,-3.8938736929286937],[-38.71891105774728,-3.8870923632307295],[-38.71624131571129,-3.881963613322662],[-38.71353141995399,-3.8791800976841104],[-38.709331991538555,-3.8766653463384446],[-38.70733682660073,-3.874600148835173],[-38.706383678654596,-3.8743006138440874],[-38.703017147353954,-3.875346650020888],[-38.701468564616555,-3.8740595270258615],[-38.69881871299347,-3.870168936196871],[-38.69563235603301,-3.8672056774390398],[-38.69240320999995,-3.8611453279999095],[-38.69015145500001,-3.859700095999898],[-38.68812863631135,-3.856783786346648],[-38.67540643070505,-3.834792779310641],[-38.66955084958369,-3.827615054964748],[-38.66717350987783,-3.828193507284742],[-38.66441235130665,-3.8269283365860756],[-38.66215741095726,-3.827383925216541],[-38.65810253710626,-3.826873165210628],[-38.6564649478863,-3.828885394087927],[-38.653151235783824,-3.8275564394386223],[-38.650820699671435,-3.8279369536784507],[-38.64790619517431,-3.8263811080918013],[-38.64419300354505,-3.825645877038035],[-38.641270326310675,-3.8235658386847886],[-38.64096128684726,-3.8217704944191278],[-38.64341273440068,-3.814620578586296],[-38.643759315954405,-3.8120595484940805],[-38.64588650701153,-3.8116743436778453],[-38.6469456005348,-3.810714247798439],[-38.646030390781085,-3.8098280271900005],[-38.64558149949618,-3.808112347235616],[-38.64436811370569,-3.806973072186632],[-38.64293372809889,-3.8076152869232573],[-38.6402364514288,-3.8061863953308737],[-38.64083260116386,-3.8050094567235804],[-38.63951564223399,-3.8045423080787066],[-38.639396261757994,-3.8029188612014684],[-38.63829176133597,-3.8025343923150894],[-38.63790293798445,-3.801395372116682],[-38.637726044618255,-3.8046894254664467],[-38.629767703847776,-3.806536654448664],[-38.63052704057847,-3.8097440724873075],[-38.62806691905705,-3.810371186813483],[-38.62152013422281,-3.8152591107275557],[-38.62250118874531,-3.816967300544082],[-38.61813467102953,-3.821218005433832],[-38.61786100832474,-3.820950895232187],[-38.61414946419918,-3.8228570183850765],[-38.61469531601259,-3.8239349491959573],[-38.596636234889246,-3.8333768107561457],[-38.59451524127087,-3.8339471363793125],[-38.58759956663313,-3.8389112607977633],[-38.58423342280093,-3.839389269928607],[-38.58363266893837,-3.8388912195804403],[-38.58334879259154,-3.839393535735063],[-38.566736848746174,-3.843716629514843],[-38.565488039794936,-3.8436333695254135],[-38.54135871324491,-3.8533672708324116],[-38.54231933367301,-3.8591901818502796],[-38.518954,-3.864610999872865],[-38.520515999999986,-3.867252999872779],[-38.5244320853643,-3.8689992121901113],[-38.526677346661366,-3.870945924695266],[-38.52790699999991,-3.8727429998725906],[-38.52977507686313,-3.8783198900189926],[-38.531158,-3.879366999872334],[-38.514064440494906,-3.894603063324445],[-38.51265878511553,-3.890265125733819],[-38.511633388799815,-3.889068609124147],[-38.508504999999985,-3.8887479998721735],[-38.505755000000015,-3.8905419998720836],[-38.504561949365446,-3.88911291105509],[-38.504554711017924,-3.8882401767348265],[-38.50187562675931,-3.8881820841546633],[-38.497785098999934,-3.8872842569999118],[-38.49389879699993,-3.8839541739998746],[-38.49394877099996,-3.8827031239998684],[-38.49242485899998,-3.8797330729998816],[-38.49267466499998,-3.877913006999901],[-38.49166561299989,-3.875267033999815],[-38.49188093399993,-3.8744611719998763],[-38.48948875566655,-3.8712133226665624],[-38.48837538445809,-3.8668181194440114],[-38.48326485173209,-3.8632175613599804],[-38.48100914799994,-3.8637352729999668],[-38.47971269812278,-3.8622770887278377],[-38.47796234809869,-3.862237304970651],[-38.47734590499987,-3.8612110019998913],[-38.47804391199991,-3.8602270109999473],[-38.477774024999974,-3.859211168999918],[-38.47534470699996,-3.857818008999909],[-38.47568894599991,-3.855011200999947],[-38.47478294199993,-3.8544771249999257],[-38.473907047999944,-3.8548223289999],[-38.47130989599997,-3.8536291759999117],[-38.47105998999989,-3.85069613499996],[-38.469622077999865,-3.850183188999899],[-38.46890303899987,-3.8508851919999065],[-38.46784990899988,-3.849701199999901],[-38.46731265499994,-3.845350001999912],[-38.46633395199996,-3.843507176999872],[-38.46402005099998,-3.8420821889999455],[-38.46362411599989,-3.843611228999992],[-38.460894122999875,-3.8428781989998737],[-38.458810038999836,-3.8430671309998776],[-38.455908090999905,-3.8407312139999608],[-38.45147675999987,-3.8397011639999086],[-38.44988764899994,-3.83787127999983],[-38.445740782999955,-3.8264200619997832],[-38.4451896719999,-3.819266159999871],[-38.442603755999976,-3.815791094999898],[-38.442270782999955,-3.8137320359999176],[-38.44221890599994,-3.81167295999995],[-38.44316676099987,-3.809278937999888],[-38.44508457718518,-3.8070179773525283],[-38.44580670721341,-3.8048667927962523],[-38.44448610635514,-3.8042243383246785],[-38.44292920699989,-3.801549906999904],[-38.4093959838749,-3.8190929714998867],[-38.405869869266006,-3.8215425210579093],[-38.40593114129236,-3.8239857427257036],[-38.40180447841485,-3.826861359419023],[-38.40132768761702,-3.826083030207707],[-38.40176719489438,-3.823759457656848],[-38.400276634210535,-3.8248242028185433],[-38.39270308480542,-3.837784400413676],[-38.3755660776691,-3.8637808967490392],[-38.360323009118964,-3.8848564426030934],[-38.35195115771965,-3.8944719302956154],[-38.334659883875446,-3.912433551372454],[-38.31855301877708,-3.9261969972592485],[-38.30354098723821,-3.9359840375995963],[-38.29131067149978,-3.941574495500309],[-38.28575702182185,-3.9425749513041355],[-38.28398817334528,-3.9406815905399952],[-38.27892745149424,-3.94121111763408],[-38.2777641978578,-3.9416972446450176],[-38.27636668242831,-3.9433087849493123],[-38.27479371245706,-3.9434510651166805],[-38.27286212398266,-3.944675496081989],[-38.26878185426482,-3.9506261106883773],[-38.260528381395915,-3.9601597786020353],[-38.242250408741945,-3.9841584295017283],[-38.223285964341564,-4.007153490971264],[-38.2108726477295,-4.023835907659582],[-38.20733986061827,-4.029457030199973],[-38.200277973150264,-4.036678243189152],[-38.19628077874187,-4.038994140597815],[-38.192161980906114,-4.040554731583598],[-38.18999374526993,-4.043255149309915],[-38.18116630420468,-4.055257338066561],[-38.18092859059873,-4.0567635236994795],[-38.182261934429555,-4.0580812479419155],[-38.18218980036602,-4.058775272940119],[-38.18097344753585,-4.059539961074002],[-38.18021223424102,-4.058031313288719],[-38.178515272458576,-4.0594353303612785],[-38.15866919888322,-4.087696128048426],[-38.15646335886703,-4.090365517887683],[-38.15228870059775,-4.093687917638243],[-38.14902699052061,-4.098248559200449],[-38.148504316081585,-4.098069435978683],[-38.150067308078235,-4.101494702573287],[-38.14911411887067,-4.1027497996509],[-38.148303598668576,-4.102389617751445],[-38.15702723866911,-4.110753866681198],[-38.15958019706755,-4.113961869111285],[-38.16099713138544,-4.116786866780334],[-38.16221934797931,-4.129839424890242],[-38.161269397762794,-4.139754307997461],[-38.16324241209276,-4.144926128941157],[-38.1611970030458,-4.146910113319453],[-38.161124389009615,-4.148302981212106],[-38.16168662598017,-4.149789585311225],[-38.16456444062936,-4.15147346170829],[-38.16689648182273,-4.155281428043785],[-38.16927759684478,-4.157773075598078],[-38.170181360792405,-4.159736614484359],[-38.172866052432305,-4.1627090469542045],[-38.171344604699975,-4.163314439253896],[-38.17247635739642,-4.165013320066184],[-38.17206881759273,-4.166312239004463],[-38.1700308439232,-4.168174507960025],[-38.17099575374743,-4.171480505273612],[-38.16860421571937,-4.173643430115698],[-38.168445871297415,-4.174718763537331],[-38.16940123699828,-4.175728074311229],[-38.171974625498876,-4.174144994907004],[-38.17358233162656,-4.174630390126474],[-38.1734159309546,-4.177930748519485],[-38.17683293258972,-4.181738949053222],[-38.17757116891539,-4.1863554040157265],[-38.17989780608314,-4.187035383896891],[-38.18047095065662,-4.187729524947089],[-38.18138658333032,-4.191208854838916],[-38.181435972435445,-4.1948099797282925],[-38.18298677044697,-4.1955638298949856],[-38.18418425115874,-4.1946084229738885],[-38.184691120624954,-4.195981279626608],[-38.186084611359995,-4.195993905085523],[-38.18861040452736,-4.197779571577079],[-38.18942379854172,-4.197388300289786],[-38.19142197810441,-4.1941378426199085],[-38.19197320484226,-4.195493487549752],[-38.19319071382159,-4.196554622168323],[-38.196493572058216,-4.196146797501685],[-38.19733955471076,-4.195059339778595],[-38.19952376886402,-4.194926209810031],[-38.20097017598709,-4.196012688219242],[-38.201745107450044,-4.195700498128135],[-38.201517135391605,-4.196522621542893],[-38.20193097472161,-4.196753024209262],[-38.2043289521705,-4.195136774447981],[-38.2047527920921,-4.1941907531756835],[-38.20743101033071,-4.1971831907090955],[-38.20913746192377,-4.196428692685401],[-38.211613873195226,-4.196929500465615],[-38.21225434852567,-4.199992934993078],[-38.21573227213372,-4.202220124652009],[-38.21734200044977,-4.2025528454636305],[-38.217005416948886,-4.20037984140214],[-38.218934457842686,-4.20021772714893],[-38.227413005408884,-4.205605943244],[-38.22624909481498,-4.314692310840249],[-38.22707757471937,-4.317021822286442],[-38.230579461178586,-4.322091320031453],[-38.23054389488226,-4.323128837814744],[-38.22827366810076,-4.3395258430033445],[-38.2290541999211,-4.3450012126402315],[-38.22730642670313,-4.350260110386266],[-38.22281975741344,-4.349820597652974],[-38.21950188259694,-4.359836600556996],[-38.223879556737295,-4.359729412536856],[-38.22626764181967,-4.3580556511582245],[-38.22939394324055,-4.35731412297002],[-38.23102359128148,-4.354061773316453],[-38.23573660438341,-4.350440918681733],[-38.23808042952816,-4.350621019545946],[-38.24345407217907,-4.353046626136696],[-38.24964333965851,-4.357053263334079],[-38.25056432890943,-4.358302285526868],[-38.25113509782624,-4.361146178766433],[-38.24988056867101,-4.364150223390769],[-38.2500073517125,-4.365662513842487],[-38.25101120566325,-4.366727080340744],[-38.25553167842025,-4.367931289927006],[-38.25650706074162,-4.36918464778017],[-38.256529346429936,-4.37084118567679],[-38.25508678681979,-4.374095131737648],[-38.255128637733485,-4.376147517984456],[-38.257540055251575,-4.376405994957455],[-38.25831622470195,-4.3775711275351865],[-38.25973488639766,-4.378020672936765],[-38.26068480128952,-4.379518079937504],[-38.26213710745588,-4.379990773043567],[-38.26266785611818,-4.380759536966931],[-38.26202794118529,-4.382914244772341],[-38.26232116654972,-4.387417273322236],[-38.26114218550822,-4.390040925329854],[-38.26279657279024,-4.394033141216474],[-38.26482818188651,-4.3963896624731476],[-38.268674995936,-4.396309912441445],[-38.27090274189509,-4.3955865360083495],[-38.27175760268522,-4.396488988851668],[-38.26890705922528,-4.405254341234416],[-38.2700116075581,-4.406293974768168],[-38.27174751345108,-4.406701138737499],[-38.27849550495125,-4.406396854527086],[-38.280360972617075,-4.410262994346516],[-38.28015909786,-4.415672504871447],[-38.28070054251685,-4.416414597746441],[-38.29092841890082,-4.416457614393377],[-38.29374799056733,-4.4188284405606675],[-38.294665405340645,-4.423213949853841],[-38.292568833908994,-4.425079004096232],[-38.29236342765682,-4.4265396297518524],[-38.28987676283884,-4.428209905511884],[-38.289769559734225,-4.429148766765601],[-38.29037059402969,-4.430593357472671],[-38.293112024856946,-4.431983092140676],[-38.2934621492688,-4.4333739218213895],[-38.29266353509018,-4.434081107431729],[-38.292582421341415,-4.435977696849881],[-38.29357434399741,-4.438898858584818],[-38.29739156841435,-4.439233730271787],[-38.29805680215997,-4.44026343255297],[-38.299514994224175,-4.4404966627510545],[-38.3003457230888,-4.441398479383115],[-38.30172605710748,-4.4406884504452275],[-38.30365319363789,-4.441344704550764],[-38.307140447139254,-4.4455380404838305],[-38.30845532025989,-4.4452401693632115],[-38.309589673150235,-4.442421710566629],[-38.31097073354891,-4.440924447658395],[-38.31288021169615,-4.44025282826789],[-38.31413859885293,-4.438556267891448],[-38.31598113521101,-4.438738185035898],[-38.316972304800345,-4.439886733282443],[-38.317739050288935,-4.439927779040774],[-38.31886588250983,-4.4350766591108535],[-38.31852460180112,-4.433978322629453],[-38.31991815883986,-4.432983927335329],[-38.32632668892381,-4.434598209609709],[-38.32886031892116,-4.436207363556381],[-38.32704007288913,-4.44271211399041],[-38.33046229402361,-4.445511343564136],[-38.33079359191833,-4.447517630200649],[-38.32991374226412,-4.448633637498742],[-38.32659604013201,-4.4501888294660725],[-38.32735236687358,-4.451449930044313],[-38.32845220134856,-4.451995111657762],[-38.335616493617856,-4.452228310315949],[-38.33845071898212,-4.45705377302392],[-38.338805112567734,-4.459017399593896],[-38.33836799125276,-4.461049502502596],[-38.33338226690113,-4.466613301556488],[-38.333421083122396,-4.467226036266418],[-38.33440366398798,-4.468143227138108],[-38.33794358532679,-4.468535894571636],[-38.34034113558038,-4.470344868807101],[-38.34219921214366,-4.47742693587685],[-38.34214375858442,-4.479703075922821],[-38.3406602850556,-4.482154745690246],[-38.33860278532892,-4.4834503873504366],[-38.33709376568697,-4.485645734092823],[-38.33719685448846,-4.489225658649043],[-38.338697186561426,-4.491223502194265],[-38.34202422373635,-4.49202143861697],[-38.344198589632924,-4.49184200546665],[-38.34723081370833,-4.490449307811677],[-38.35134182462997,-4.490396068978899],[-38.354698591613264,-4.493678347549169],[-38.35609893680839,-4.4998226432412105],[-38.35762230471396,-4.50107655014687],[-38.35985216661867,-4.501638107308848],[-38.360382369658105,-4.50146814044689],[-38.36165832452439,-4.491851087097083],[-38.35875118998711,-4.479785091767673],[-38.362469067674276,-4.468854929668964],[-38.367614536979595,-4.464383576938254],[-38.4368201829359,-4.383872251857227],[-38.439085651507995,-4.406575547137901],[-38.44339672815376,-4.409082695582455],[-38.46216681107266,-4.395915979173335],[-38.468700680104945,-4.395458539266946],[-38.471687645398475,-4.390460756721946],[-38.486183134929455,-4.387708745208774],[-38.48741192046569,-4.390150998302116],[-38.49409449784446,-4.388792840145512],[-38.50280164728692,-4.380800983064769],[-38.50381911272952,-4.38051150646271],[-38.504683660083764,-4.3792377396262605],[-38.51678235080914,-4.37676110527699],[-38.51796835229992,-4.377232430988619],[-38.52002165110642,-4.376990542884526],[-38.52382960193236,-4.374516855578686],[-38.52632447800527,-4.373986061005151],[-38.52618265780662,-4.373192369129924],[-38.52789159166032,-4.373261804764212],[-38.53013943389151,-4.371296077234706],[-38.531220682710185,-4.371358460690341],[-38.53304510240056,-4.369094590453729],[-38.53390700263907,-4.368875002726825],[-38.5484115069252,-4.323063601138944],[-38.5539364294716,-4.283328893044764],[-38.5478203873514,-4.271520832199745],[-38.56065045872347,-4.2582368008677145],[-38.56722933206799,-4.2500088364602],[-38.57047401835488,-4.235484487230821],[-38.614439400420736,-4.182920166785686]]]}},{"type":"Feature","properties":{"crpm":"7º CRPM","batalhoes":["4º BPM","11º BPM","29º BPM"],"quantidade_batalhoes":3,"municipios_integrais":38,"bairros_fortaleza":0,"label_coordinates":[-39.402419,-4.091638]},"geometry":{"type":"Polygon","coordinates":[[[-39.37145961210855,-4.734937605880282],[-39.37046557365632,-4.736544390500769],[-39.37004222214157,-4.74080146623657],[-39.36953807739354,-4.742121880680214],[-39.3652278904678,-4.7431578599353115],[-39.36012365503045,-4.748313865873741],[-39.35925846671208,-4.750108248867829],[-39.35710800972013,-4.751875434104306],[-39.35568316997371,-4.751876170643557],[-39.35101613256541,-4.749580102456297],[-39.34981425872409,-4.748431527939424],[-39.346293460033834,-4.747592335286365],[-39.33729383331499,-4.740841532838954],[-39.33354905850138,-4.7387971040933925],[-39.33284985813389,-4.737283857226778],[-39.32983155499976,-4.735267100514644],[-39.328964194128524,-4.732604650427365],[-39.32345857135546,-4.728907278620212],[-39.318650714668664,-4.723359509122568],[-39.315996058387164,-4.722295576868764],[-39.31448760449143,-4.722716748356958],[-39.31479610821764,-4.7251832550784565],[-39.31627704671996,-4.725715154542576],[-39.316864208089335,-4.726836121868891],[-39.31616607309132,-4.727565234730202],[-39.31300940177538,-4.72826741791405],[-39.309963960083145,-4.727876345150444],[-39.306665604441314,-4.724233838413034],[-39.303312721520506,-4.723478473505354],[-39.30085367033153,-4.722218175179648],[-39.29702758390998,-4.725695624926523],[-39.296705367394864,-4.729150302282758],[-39.295966302681144,-4.730395278905007],[-39.29305094364481,-4.732822314150087],[-39.29058575320769,-4.7371555382731225],[-39.29075392286084,-4.738444882039716],[-39.291368640419144,-4.738682911090773],[-39.29366627324634,-4.737679845150675],[-39.29760557695179,-4.7375099846269695],[-39.29829838157976,-4.73868084264526],[-39.29875904926144,-4.741784024637171],[-39.30261790994427,-4.7441849427904765],[-39.30344141723457,-4.749974986757516],[-39.306467212574766,-4.751180010577167],[-39.3081667044983,-4.752893051891312],[-39.31324458596217,-4.754585412283],[-39.31539162743762,-4.7540578467819286],[-39.3160781457745,-4.752717131998042],[-39.317433218232445,-4.752505874961445],[-39.320813752571866,-4.757166985691205],[-39.325809104377186,-4.76035134719367],[-39.33019594516933,-4.764095217819379],[-39.342443506934146,-4.770779254448728],[-39.34317604920792,-4.771945262353335],[-39.342014560063305,-4.774105619038248],[-39.34620517446757,-4.776258408308731],[-39.34632637492906,-4.776801955259487],[-39.34506192382262,-4.7784573892023685],[-39.3466362705898,-4.781918984799452],[-39.347053502972784,-4.788322288891858],[-39.34598597872726,-4.790502235469795],[-39.340072256629284,-4.792176036894546],[-39.345598194900724,-4.7960181807943565],[-39.34576340022069,-4.797152645781721],[-39.34845710820894,-4.801511550117858],[-39.34807106702606,-4.8044458086271264],[-39.34717871020605,-4.805274038373636],[-39.346569302878095,-4.807296413786978],[-39.34646106292769,-4.811480722956953],[-39.345199605963806,-4.813233683950117],[-39.34648878174804,-4.81458834456491],[-39.347104318309604,-4.81426093029762],[-39.34871772993926,-4.815090863352625],[-39.34896878108436,-4.815888416317266],[-39.34840954119576,-4.817166005533177],[-39.349322258715226,-4.818395380842077],[-39.34807609708286,-4.820306162794617],[-39.35100578284127,-4.824192912238648],[-39.35269874813079,-4.825216581128268],[-39.354143544888636,-4.8275316016020495],[-39.35348233015521,-4.829334599256718],[-39.353750697246596,-4.831375401900018],[-39.354909257356326,-4.8316765544294125],[-39.35682223474696,-4.833759445896201],[-39.35860017845545,-4.8342761149506455],[-39.35944941096152,-4.836044666827877],[-39.35827556276695,-4.836480090683597],[-39.35787573478588,-4.836130312284658],[-39.35783683668652,-4.837613354803897],[-39.35951990235899,-4.839184401749809],[-39.36058763161383,-4.839040553178967],[-39.36217490059585,-4.839935296276003],[-39.362759157109394,-4.839272765325792],[-39.36490655559295,-4.839008319678179],[-39.36617792447157,-4.840388418390733],[-39.365045757155926,-4.842736213705224],[-39.36385608496695,-4.843538697268565],[-39.364927356012615,-4.846844229577434],[-39.36374727384746,-4.846867675820213],[-39.36278369910893,-4.848029622998467],[-39.363124307420065,-4.848584103835165],[-39.36452817033875,-4.848813137816021],[-39.36445724086126,-4.849329724597259],[-39.366014653453476,-4.849541477157403],[-39.36331105832351,-4.851456381146629],[-39.362093638898,-4.853539814454723],[-39.361138578924724,-4.854048798196547],[-39.358116640838354,-4.854101744082693],[-39.35871211528873,-4.856213542968003],[-39.36104232444044,-4.856358974929036],[-39.36148132117725,-4.856964994862841],[-39.36119399880375,-4.8582841527129],[-39.35738767019466,-4.858468720585589],[-39.35596960321743,-4.85921510933184],[-39.35533637400402,-4.860287996804762],[-39.35554735710449,-4.862238658783343],[-39.35421622182149,-4.863979134007895],[-39.35567588351439,-4.865663444458732],[-39.35564722842936,-4.866787965080383],[-39.35428388858805,-4.869551057124195],[-39.35449185859818,-4.872056400974014],[-39.3529175143544,-4.876239953693081],[-39.35370818656289,-4.8798480174881576],[-39.35322762045824,-4.882177717727414],[-39.35146470741157,-4.885067763695152],[-39.348845874389895,-4.887046468552592],[-39.34992256703542,-4.889348951371539],[-39.34870472119055,-4.890204277082693],[-39.34741842542512,-4.892307021167272],[-39.34763419076523,-4.894998029235643],[-39.3468262457281,-4.896186929687975],[-39.350226421822626,-4.897937273687502],[-39.352116885785605,-4.897317209021926],[-39.352826380732836,-4.897626371659661],[-39.351287994857216,-4.900640540364585],[-39.35260240187932,-4.900905494992573],[-39.35226108803617,-4.904416833163877],[-39.354787562895694,-4.904466315667887],[-39.35387623582063,-4.905761538250219],[-39.353782942403576,-4.9079110163506074],[-39.35538914616596,-4.909740815376556],[-39.357491080548854,-4.909001045461817],[-39.359611265547414,-4.91081151204162],[-39.360526371594716,-4.912572535693911],[-39.358740666784755,-4.917413304437278],[-39.35939153958781,-4.9177022929263945],[-39.35980392191336,-4.9194480532849845],[-39.35916307312993,-4.921152247781677],[-39.36063518236772,-4.920829614295203],[-39.36076789802,-4.921854301834502],[-39.36012093019761,-4.922499261480941],[-39.36143566802159,-4.922605252830109],[-39.36165371392785,-4.923503634417568],[-39.36330565892897,-4.9236962311960495],[-39.363807558871684,-4.925066266494937],[-39.36309895067229,-4.9275798852008865],[-39.36400601316694,-4.927956374586993],[-39.36372617341258,-4.929004903912069],[-39.365549130348555,-4.930754865350335],[-39.36601174960813,-4.93308331436414],[-39.36542176730068,-4.9343148233703165],[-39.36421963105246,-4.934423193527702],[-39.36266640103354,-4.936216216804901],[-39.35858033103948,-4.937726376285954],[-39.358661621036944,-4.939113096791918],[-39.35798148119796,-4.9400024844773],[-39.35887747541509,-4.941099629943889],[-39.35902727393003,-4.942291339720614],[-39.35980910560567,-4.942747686156729],[-39.358008645782306,-4.945290315995243],[-39.356924152635315,-4.94563796611696],[-39.35627933132604,-4.947014606838561],[-39.35487731248929,-4.947152988811078],[-39.354723022111024,-4.948720849874418],[-39.35585694044538,-4.949299182511166],[-39.35562636776261,-4.953257648321744],[-39.35506568813093,-4.953976176059651],[-39.35358436385623,-4.954033031226939],[-39.352227579188586,-4.95487679585124],[-39.35203502769433,-4.957016738931287],[-39.35020771984219,-4.9576765286265205],[-39.35060933874997,-4.958519328903823],[-39.34902937501916,-4.959281751068073],[-39.348272008635966,-4.960328253879301],[-39.34838226212506,-4.961132182147764],[-39.35020976456894,-4.961557262157887],[-39.355599675884264,-4.9665607284947475],[-39.35543006915195,-4.9671042653915505],[-39.35392987926459,-4.967412854343256],[-39.354058856502654,-4.967945187136062],[-39.353231887615266,-4.968761444225718],[-39.352427031570514,-4.968401469668324],[-39.351966973338875,-4.968768328644053],[-39.35123828211863,-4.970400241016557],[-39.351720018666455,-4.971499659323002],[-39.35092210645565,-4.972837921166413],[-39.35106299905811,-4.973704474281966],[-39.35015794668709,-4.973614938880732],[-39.34993994221542,-4.974284265663588],[-39.35076077820681,-4.975898701157105],[-39.351456719551926,-4.9753539298399705],[-39.35214092230686,-4.977329308279256],[-39.35350929621696,-4.977798931975092],[-39.35358869807535,-4.980516258923166],[-39.35516412041656,-4.98196431447259],[-39.35596524675089,-4.982066504239456],[-39.357453907072106,-4.980462296697568],[-39.3589391439925,-4.981164408509429],[-39.35897734512831,-4.980333062320906],[-39.36209370726001,-4.979839792837983],[-39.362940015450846,-4.979164208970532],[-39.36561022832933,-4.974689092527567],[-39.37439070659596,-4.973232033038137],[-39.37550342601358,-4.972206677406375],[-39.37562313609876,-4.970962420679133],[-39.37653322104773,-4.970182549107305],[-39.37451555085192,-4.9675058512140025],[-39.37625918291498,-4.965833563521194],[-39.376484223545816,-4.965185287409076],[-39.3758708417659,-4.9641972112322374],[-39.37689626227496,-4.963754890526294],[-39.376894237878716,-4.961735979931468],[-39.3778590841683,-4.9618557990351],[-39.378298153680646,-4.961304622304325],[-39.37974818024695,-4.959126478686951],[-39.38007903581881,-4.957077837072433],[-39.38332963799549,-4.957185590964816],[-39.38401150942357,-4.956266608117383],[-39.38547007491133,-4.956043537498733],[-39.386080070652675,-4.95321679577005],[-39.384134830757766,-4.949991078625297],[-39.38493479944062,-4.949728268191228],[-39.38553952902573,-4.9473632535470315],[-39.38490841049468,-4.946664242660635],[-39.38656929821687,-4.945126239915435],[-39.38882402689109,-4.9447684397607],[-39.38962200914524,-4.9437540833581535],[-39.38933094499436,-4.940682498291583],[-39.38722804003201,-4.93882030455459],[-39.38701465240418,-4.937005615616609],[-39.387654234336225,-4.936394131546791],[-39.38669718542671,-4.935487897248571],[-39.388490008207256,-4.933979292610221],[-39.39059222002048,-4.933362319930222],[-39.391320532616405,-4.931639670334427],[-39.39219053665455,-4.931635597001239],[-39.39268582581902,-4.9298896389724645],[-39.39216856272894,-4.929414636076563],[-39.39346407203091,-4.928671776583562],[-39.393109303951185,-4.927867785969515],[-39.39445687958129,-4.927404025375431],[-39.39551881434743,-4.928866895670256],[-39.39649379722546,-4.928628663703019],[-39.39677221206786,-4.927952528186555],[-39.39729691213672,-4.9296476126285205],[-39.39913726084538,-4.9311054385388875],[-39.40120539401367,-4.930413211800205],[-39.40423466319906,-4.932074577979334],[-39.40636919902976,-4.9347570275910115],[-39.40888385420645,-4.935294347855801],[-39.41242656715399,-4.940501508183883],[-39.4142563996131,-4.9404324651860625],[-39.41619190040778,-4.94173454200073],[-39.42226961624975,-4.9422059471466655],[-39.42059149917637,-4.949121923498648],[-39.420818267981105,-4.950455752666173],[-39.422107005654944,-4.950443928087849],[-39.42351614207584,-4.949667336127679],[-39.427844321313835,-4.949404500407308],[-39.42909654250349,-4.95028307033218],[-39.431473571144224,-4.954033387807289],[-39.43231791691572,-4.9541973920604105],[-39.43343746091817,-4.952846279833133],[-39.43838183917841,-4.952497456452844],[-39.43976489997793,-4.953408602573294],[-39.44401469901222,-4.953853089453434],[-39.448655996678255,-4.955361364933511],[-39.44929515036889,-4.956124335592361],[-39.45143204907355,-4.956423558646831],[-39.456432569359535,-4.958992945511431],[-39.45970302737468,-4.95984508484992],[-39.466745902801094,-4.963827871359119],[-39.47040958804936,-4.97268725316699],[-39.47261033523906,-4.974795558940697],[-39.47519332129492,-4.975418278634684],[-39.47695520864576,-4.976552455625361],[-39.48072027357889,-4.976725729970449],[-39.47833563778805,-4.995206444202691],[-39.47257366595594,-5.008685933823143],[-39.49368429855206,-5.030176100934271],[-39.502318422673696,-5.052199812636935],[-39.62883205633481,-5.042995364999861],[-39.62666372177838,-5.039322248961823],[-39.62845719246299,-5.04183850431927],[-39.632391897261876,-5.051999163782675],[-39.633951672591834,-5.053798991545851],[-39.63395497918227,-5.057199598051206],[-39.62926128824188,-5.065512567732201],[-39.62397837995835,-5.0709953761520135],[-39.622569491964995,-5.073698809094034],[-39.61822813550942,-5.076827779072394],[-39.61639954308126,-5.081535229966091],[-39.61394578311772,-5.084294829180396],[-39.604290608780424,-5.089854933672555],[-39.59659785631058,-5.096994452882285],[-39.59302230399466,-5.098058987629185],[-39.582115057550986,-5.095794359828294],[-39.57969583889545,-5.09645827240249],[-39.57049716749288,-5.100767870238932],[-39.56807625427524,-5.102622041589039],[-39.565586028909856,-5.102817284403894],[-39.56127479165718,-5.108059541342204],[-39.54744188810058,-5.112147638115974],[-39.54340937052138,-5.114089783306582],[-39.54018883817619,-5.11650991664155],[-39.53847057340412,-5.117037928189606],[-39.536246191152586,-5.118840923240808],[-39.62397649851112,-5.25515859793143],[-39.62698632962941,-5.307109101165871],[-39.62264692528602,-5.314624761801031],[-39.62088173886025,-5.322451948260314],[-39.62192326442029,-5.324388289352522],[-39.62312641636184,-5.325094364023242],[-39.62795619001242,-5.324323460611344],[-39.6303300654186,-5.324323821022643],[-39.63167628961016,-5.324965452816733],[-39.63167748838163,-5.326139716432201],[-39.629739635795566,-5.3285194501733875],[-39.63066520893596,-5.331498173728111],[-39.629934384925555,-5.332849222818491],[-39.630243230862135,-5.334184643012047],[-39.631182863454875,-5.334964331682298],[-39.631374174575186,-5.336449084509482],[-39.63240632849115,-5.3370224444773],[-39.633684324539736,-5.3367885749777315],[-39.63584092583948,-5.334642895431675],[-39.63949950749083,-5.33285502223844],[-39.64126392512651,-5.3326257404002435],[-39.64418730916782,-5.3332354003034945],[-39.64510609435732,-5.334404557815008],[-39.64591464392806,-5.3370598441540205],[-39.64894642427298,-5.340481405513488],[-39.658201941998534,-5.338288766802658],[-39.65873774636703,-5.339149819829713],[-39.65805312027749,-5.342041791369978],[-39.65652245150067,-5.345380399505571],[-39.65800464158244,-5.350313462990581],[-39.65812261890644,-5.353453487392383],[-39.66072512012665,-5.355383628524087],[-39.66193425768754,-5.358597193258568],[-39.66407888354849,-5.361941397989374],[-39.66911770148198,-5.363168364336375],[-39.67530529442109,-5.36132343301152],[-39.67803916861976,-5.363177685710208],[-39.6803312115847,-5.362811343660711],[-39.68242052064602,-5.363383431113554],[-39.684683952505225,-5.360202473389735],[-39.688254031092136,-5.35814972455887],[-39.68976404730017,-5.358894762873512],[-39.69112231421937,-5.36059732524386],[-39.69230740497907,-5.361189546537028],[-39.69536413214199,-5.361320109463199],[-39.6979566093871,-5.3634735099342565],[-39.69953806671424,-5.3634214082680245],[-39.70227884939521,-5.361883451034854],[-39.70463587342159,-5.361931216744986],[-39.705743008132934,-5.363263484679788],[-39.70623369172671,-5.368264203843854],[-39.70738576394844,-5.371237385718768],[-39.716414690930584,-5.3762654442320015],[-39.71995869955035,-5.37607257638561],[-39.7208127139199,-5.376549731556094],[-39.72205869746478,-5.379391367211481],[-39.723590821145386,-5.380031172715951],[-39.72635219250844,-5.379224823181572],[-39.72863605570195,-5.374213126611063],[-39.728637112502064,-5.369860360863784],[-39.729464163098164,-5.368765009012027],[-39.73065629713384,-5.368511929265413],[-39.73249758818485,-5.369960878403289],[-39.73646975855342,-5.369929731244967],[-39.73996660970438,-5.3706530881821],[-39.74222198065399,-5.371588550217948],[-39.74350906338602,-5.373207642320158],[-39.74611655340326,-5.373644557469193],[-39.746470655185014,-5.3714478952218245],[-39.7503871542668,-5.368399729665562],[-39.75278314846801,-5.367618844811069],[-39.75754704535014,-5.367812236174629],[-39.76068589969273,-5.37052880722086],[-39.763674804429805,-5.369930454163132],[-39.766632753216875,-5.371434314868544],[-39.76905813113718,-5.3763942163520415],[-39.770330374316586,-5.3775582465029395],[-39.77417117538691,-5.3775784407743705],[-39.78174759655861,-5.3788016195768975],[-39.789948978386875,-5.388851863675463],[-39.795100162987204,-5.392235376618462],[-39.799272135944626,-5.398944170827093],[-39.80001920920718,-5.399163359653643],[-39.80146981707271,-5.398474157277178],[-39.80209004896385,-5.395072782405333],[-39.80367490793737,-5.39357633869318],[-39.80521602141848,-5.385149787992761],[-39.807117209182195,-5.384154197403322],[-39.80857494058972,-5.384163193201531],[-39.81013020930648,-5.385732719830605],[-39.811283975557366,-5.388815488483619],[-39.81319587147127,-5.389942585492699],[-39.81684536698208,-5.390416361914963],[-39.81711590842471,-5.384032214869536],[-39.81893466648976,-5.3831869906478085],[-39.8239917207634,-5.382400259232166],[-39.82518628851512,-5.380902043809214],[-39.82649693523008,-5.3763398262404305],[-39.83025529929466,-5.374643690815813],[-39.83252524222146,-5.374708938057373],[-39.83332979292712,-5.373342947897997],[-39.836090845231325,-5.370930237672763],[-39.83735214473833,-5.370884503112358],[-39.83813590230781,-5.372696965042188],[-39.83875329230809,-5.3727553357420765],[-39.840056684864194,-5.37078956391882],[-39.84233712178591,-5.368946866261077],[-39.85056672046267,-5.371986219633226],[-39.86378449399678,-5.370998887205285],[-39.867388928346784,-5.372768964062905],[-39.8710071651737,-5.372806779121795],[-39.87352624129083,-5.374501475640841],[-39.87638516977024,-5.373920861652306],[-39.88212396352613,-5.379264317201832],[-39.885554332071315,-5.388291714524656],[-39.886731445168905,-5.389493864277713],[-39.8892249583954,-5.389982300347337],[-39.89200740249607,-5.391540561363192],[-39.89306353994002,-5.394866476473818],[-39.89379304761323,-5.395903281177022],[-39.895526319081135,-5.396598949163499],[-39.89757221455293,-5.396605158019996],[-39.90199848433695,-5.393501084941051],[-39.904715601571134,-5.393276250032888],[-39.90772827936495,-5.39200802439082],[-39.90944339679414,-5.390452363553131],[-39.91051704454634,-5.387844138808062],[-39.912531279322906,-5.386314708702514],[-39.91425061434424,-5.386211544888783],[-39.91895005655278,-5.389996756934129],[-39.92170648949482,-5.390490084895047],[-39.925960645114436,-5.381665100294295],[-39.932111405223424,-5.378513984082001],[-39.93229225543271,-5.376111363981812],[-39.9315380956461,-5.371335486631152],[-39.9348795393691,-5.36401428827244],[-39.93855071578136,-5.361857768738462],[-39.94674475997099,-5.360782224558852],[-39.947810551896644,-5.3600572189826785],[-39.94781179046399,-5.358811855004046],[-39.94497378469425,-5.355822234113596],[-39.94589680467242,-5.354160264813654],[-39.93959960757376,-5.348105041906566],[-39.93976158465862,-5.347326259109311],[-39.942750468677644,-5.344257276653859],[-39.94433545474369,-5.343948504925828],[-39.94985745117007,-5.344954716822977],[-39.95737289204503,-5.348265968598788],[-39.95739113392191,-5.344008064721075],[-39.956217879479304,-5.3413698104558405],[-39.956859598586,-5.339849468264528],[-39.95900369393946,-5.339544192179362],[-39.96402878196666,-5.342728502885928],[-39.97122951029348,-5.345273530957982],[-39.97477854828435,-5.345246375017378],[-39.97717666966262,-5.346364969225259],[-39.98384625671902,-5.346779273239418],[-39.99025443535023,-5.349412611194075],[-39.993125976656025,-5.349770905917605],[-39.99410384861366,-5.347184062594336],[-40.000027784433065,-5.347193428116351],[-40.00206100956361,-5.346372424316327],[-40.00296768366244,-5.3445361248950105],[-40.00303786753016,-5.341024394444579],[-40.004913063006676,-5.339378993270225],[-40.00903785364079,-5.340071152730114],[-40.01456256523397,-5.343546564930851],[-40.01602941062895,-5.343289608000273],[-40.018854190622584,-5.340054947693233],[-40.01931639506289,-5.338786321886023],[-40.01765330502821,-5.334839873569883],[-40.01771383203596,-5.330769995329542],[-40.01899440007573,-5.329152230198151],[-40.02209167826003,-5.327361763540259],[-40.023356694740464,-5.325846318690335],[-40.02249649933793,-5.323867403455582],[-40.01895402679813,-5.321897629668647],[-40.01788139176483,-5.31896388639761],[-40.025946389214425,-5.31318722867072],[-40.02938994728031,-5.312183365552564],[-40.030716609041306,-5.3109738086876845],[-40.03076389905606,-5.310243651781878],[-40.02714205335014,-5.306917774169513],[-40.02510011929907,-5.303617697226625],[-40.02774529754204,-5.296497495553881],[-40.0310650801893,-5.2957846477268165],[-40.034307482484515,-5.296351978239932],[-40.0360536741643,-5.295993178577644],[-40.041245617211956,-5.291054120497084],[-40.04468219483871,-5.2912542947192795],[-40.047054175624,-5.292526553572488],[-40.049766624858805,-5.292890099080124],[-40.05586102938991,-5.291837390936095],[-40.055723976247364,-5.289875659869408],[-40.05677601271478,-5.286109024467973],[-40.05625134595906,-5.284681540463286],[-40.05241852901569,-5.280643275714342],[-40.048644894791366,-5.279022474034927],[-40.04844874508415,-5.273106881096469],[-40.046896247347306,-5.267503036890382],[-40.04312933470606,-5.2622269591163695],[-40.04261035251762,-5.260236702750185],[-40.045749959381446,-5.242948059449022],[-40.0471474425467,-5.24085467497986],[-40.0471451644246,-5.239486606737437],[-40.045425517379954,-5.238074646781554],[-40.04332227039569,-5.237420711566935],[-40.04151882336786,-5.235168268597427],[-40.040810428790685,-5.233463355663147],[-40.039509544252034,-5.232209599758962],[-40.038994096895756,-5.228773351576798],[-40.037128221413575,-5.228089508353108],[-40.037413265199504,-5.227278593103678],[-40.03663914155455,-5.226053714570302],[-40.03690595542255,-5.224801608103425],[-40.035605756425845,-5.222079268546235],[-40.03146972437873,-5.21931256231189],[-40.028009984764196,-5.211513072181454],[-40.0226982530303,-5.2063146459333005],[-40.02477871028339,-5.205448037771996],[-40.03019401172552,-5.201630197533934],[-40.03218219336167,-5.19893908758428],[-40.03155585425727,-5.197210045909469],[-40.02857124585107,-5.1958894397911575],[-40.02544893468172,-5.193207380488211],[-40.022019151151994,-5.188576561658214],[-40.02265997663323,-5.188260118967783],[-40.0277296326393,-5.18941112368116],[-40.03002572014489,-5.188278277368285],[-40.03091788778046,-5.187206327503791],[-40.0319722401706,-5.182727976997266],[-40.0332893488249,-5.1808886656418345],[-40.0372556552999,-5.179497637220029],[-40.03883087097654,-5.178329949141988],[-40.04149799729936,-5.177878556804562],[-40.04531329210909,-5.1790513017009605],[-40.05357805677295,-5.180413089428608],[-40.054482518146415,-5.1809672229846795],[-40.05743728795681,-5.1857477766373785],[-40.05842840741635,-5.186594819432868],[-40.05992906730736,-5.186617450038822],[-40.060969385632774,-5.185804542310749],[-40.062910095269125,-5.182243132593937],[-40.06677836926597,-5.180391068251978],[-40.067429077105466,-5.179239439499723],[-40.06808632984282,-5.17516027626379],[-40.06808151516111,-5.172289021072294],[-40.07277207647972,-5.168689132270367],[-40.07322016670968,-5.167661399483247],[-40.071831489626234,-5.161714997958449],[-40.07261250213006,-5.161025894859765],[-40.07740656093762,-5.16445010156064],[-40.07931682999775,-5.165112660247881],[-40.08172223594009,-5.1707371910809075],[-40.0848888123386,-5.171303426110557],[-40.087441385037174,-5.170236175284508],[-40.0896978729704,-5.168174203406235],[-40.09568710831565,-5.160593510852817],[-40.09764015672694,-5.159116441321645],[-40.0993028563237,-5.159457366351525],[-40.102632765656594,-5.162644739216726],[-40.106253866579394,-5.1646033658660295],[-40.11231236169992,-5.1653885526161805],[-40.11461190091607,-5.163557262726037],[-40.11450930587025,-5.160806429216227],[-40.11491810651587,-5.1602606653160406],[-40.12003338838337,-5.160649282157139],[-40.12286829391796,-5.160300481634861],[-40.127850686201306,-5.157982769477782],[-40.13567139057172,-5.15728116255094],[-40.13647413232704,-5.157751779745207],[-40.13934834744616,-5.163681319802939],[-40.141815437660846,-5.165602805433967],[-40.147333424548606,-5.165476176215462],[-40.153319164591146,-5.163831972469689],[-40.16004230405265,-5.16479000331354],[-39.99759640373808,-5.084491355544325],[-39.993014916085734,-5.074140932072108],[-39.992500270510725,-5.073654181112931],[-39.98878075116517,-5.073252664648851],[-39.986691526618365,-5.072143103705656],[-39.98574583136076,-5.069657898788205],[-39.98584628672469,-5.067493834101381],[-39.98353643571445,-5.063155323283525],[-39.98230032932677,-5.061995870129492],[-39.98212604802549,-5.060376568180134],[-39.980126255846486,-5.058179138362258],[-39.977520501226124,-5.053462037808889],[-39.97498574980242,-5.0516242194539975],[-39.97378367464575,-5.049851416320889],[-39.97130794015648,-5.042857180777923],[-39.97249725488171,-5.036125382254801],[-39.97048704559865,-5.028460804710631],[-39.96938491599517,-5.027683999899851],[-39.96822059905692,-5.027794455362008],[-39.964158118090005,-5.0291063586791935],[-39.95968904079033,-5.028109639163377],[-39.95799022324878,-5.02583423391982],[-39.968539078811865,-4.9475550059023385],[-39.96918068248267,-4.9472380100210716],[-39.967823181109225,-4.945112425346768],[-39.968858955794595,-4.941656614068969],[-39.9686559551073,-4.940844344466111],[-39.96716034400852,-4.938670533307538],[-39.966056800976816,-4.940911338471002],[-39.96417157720347,-4.942140280294319],[-39.963684935330505,-4.941355416372201],[-39.964274131174896,-4.940347576557137],[-39.96394642019649,-4.938578414824683],[-39.96329933558699,-4.938283783458171],[-39.96248365167658,-4.940126974610853],[-39.9607216148404,-4.939724218861962],[-39.96029449319113,-4.938566364991144],[-39.963046174432506,-4.936956683415385],[-39.962995809652114,-4.935735016147917],[-39.96173418266877,-4.9340640004916],[-39.9628410197142,-4.932359009316076],[-39.96207095637167,-4.931175976472806],[-39.95937389609827,-4.93047436784926],[-39.958327966229724,-4.928199865070811],[-39.95715282123818,-4.927678400831616],[-39.95656709622029,-4.92543233405419],[-39.95250711897252,-4.923539755933681],[-39.95047367886135,-4.9234580812453865],[-39.95005375638138,-4.924680425445202],[-39.95101182257383,-4.92630491667027],[-39.95098516788105,-4.927329340589352],[-39.950128716349326,-4.92797902922473],[-39.94880891090146,-4.9273113036017095],[-39.948010469231335,-4.929224943523805],[-39.94673951091203,-4.929610645528795],[-39.945446493522944,-4.928582658446402],[-39.94563289118224,-4.927654156795323],[-39.94482599149514,-4.9269034590005125],[-39.94374833835106,-4.926848600763945],[-39.943546934251444,-4.927946934572046],[-39.94209978189054,-4.927276983010197],[-39.94217808810597,-4.92632453586125],[-39.940529523566944,-4.924317406681679],[-39.94128976316,-4.922639404082992],[-39.93961159554152,-4.92199330778642],[-39.938888461113294,-4.920828967520265],[-39.93818801105402,-4.922479315949083],[-39.93599362220707,-4.922891221346979],[-39.935824590204966,-4.924861921962541],[-39.93425079943514,-4.924734210972917],[-39.933462837197155,-4.92229329784146],[-39.93175669564787,-4.921741200742149],[-39.932904833360254,-4.918842633512452],[-39.92982666187937,-4.915148786514662],[-39.92893789355865,-4.912769957770076],[-39.92616437685108,-4.911363166618777],[-39.92520975384089,-4.913602172211242],[-39.92389785673755,-4.913540553456184],[-39.918798793942,-4.908853234496836],[-39.91744167359109,-4.908223077158556],[-39.91609094872122,-4.905487725693235],[-39.91186303295728,-4.903980408988723],[-39.91110284203412,-4.906698578221769],[-39.910422033828574,-4.905914993839201],[-39.90949514298609,-4.905988574913772],[-39.90978797194669,-4.904269881073825],[-39.909326809164334,-4.902766805202851],[-39.907930926419255,-4.902947267025827],[-39.90694498783936,-4.90487052914809],[-39.906110918754,-4.9047682811023705],[-39.9045770401162,-4.903370033374081],[-39.903541264689096,-4.904930811248481],[-39.90159729922067,-4.905056332330942],[-39.90058174670697,-4.9023768733108],[-39.90137565662489,-4.900482071400732],[-39.90296765169543,-4.8998126540929015],[-39.90308872923496,-4.899267396634495],[-39.90148851825215,-4.899048697988803],[-39.900166301192066,-4.897644878902771],[-39.8996452340012,-4.899143404364288],[-39.898538291955916,-4.898944122683143],[-39.89860105105671,-4.895978446747748],[-39.89704919591233,-4.895551241457196],[-39.896279541035895,-4.89446144358496],[-39.89475954889225,-4.8947427865157715],[-39.89405403623549,-4.893202155866036],[-39.89215100234508,-4.893386839205127],[-39.892581937193704,-4.891453257408845],[-39.895151131769545,-4.892201714189114],[-39.895941210316764,-4.891033082849219],[-39.89503193187972,-4.887762420117562],[-39.892442694184616,-4.887951913116469],[-39.891923817866434,-4.887235467050064],[-39.89254448238587,-4.886302003138944],[-39.894670673529745,-4.885399245054117],[-39.89698167861865,-4.885702084308478],[-39.897928196600624,-4.884132766612642],[-39.90179840029265,-4.884048945066663],[-39.90096814720366,-4.882084915814672],[-39.90166283053238,-4.882356556756319],[-39.90346853332514,-4.881110615272771],[-39.90340534041109,-4.8803286051090975],[-39.90535533413924,-4.87770910462374],[-39.90767069448906,-4.8771070282790925],[-39.908259235235654,-4.875317035795181],[-39.91247504761257,-4.8736418709828975],[-39.91410089934392,-4.871967379792935],[-39.91660730982977,-4.871556813500925],[-39.918678816853436,-4.869173263629924],[-39.91888417590461,-4.868016486474576],[-39.920367781937315,-4.867852486993753],[-39.92127702319895,-4.866329404389097],[-39.922897064525024,-4.8660617686088115],[-39.92329731400785,-4.864837289235907],[-39.925629296879805,-4.863304541412168],[-39.92560779361494,-4.861885455694195],[-39.92648257068551,-4.859987449175778],[-39.92880048729116,-4.858513875929418],[-39.930237593446655,-4.855836754977527],[-39.93238236339309,-4.855457693029234],[-39.933285387406556,-4.852484934051375],[-39.93429282722392,-4.851411957052724],[-39.93417858639145,-4.850247470713844],[-39.93915000560914,-4.8439991102280135],[-39.93924635077548,-4.842823165223709],[-39.940671946127644,-4.840808335114795],[-39.94378096238992,-4.840438178264958],[-39.94589700681514,-4.838997598584718],[-39.945067121260756,-4.837534389544393],[-39.946756238178274,-4.833803317872761],[-39.946600386221405,-4.832855208830363],[-39.94718985624691,-4.831766102774092],[-39.948786654068705,-4.830763069357082],[-39.9481613868098,-4.828981761419635],[-39.947220126353024,-4.828086529336785],[-39.94946567981677,-4.825768729217108],[-39.946795963403595,-4.821835275761211],[-39.94674602019455,-4.820565150244027],[-39.94763544743352,-4.818636853504004],[-39.94928095641584,-4.817529593481287],[-39.946240172860655,-4.813490929982173],[-39.941802520126835,-4.810810866692837],[-39.941612197429556,-4.810069459487885],[-39.942220907317605,-4.80900014609661],[-39.941057433047725,-4.807900805458209],[-39.94079848852805,-4.8066022759382205],[-39.93923679336201,-4.806850255094506],[-39.938452762406705,-4.804420647594165],[-39.93600342445796,-4.803637195572715],[-39.93407321336121,-4.801763615547619],[-39.93134007161192,-4.801543303191206],[-39.92979590202861,-4.799411295806542],[-39.9289841441948,-4.7971099499225796],[-39.92930304900449,-4.795423065666496],[-39.93304376459946,-4.792453204748569],[-39.93847238282024,-4.784967936081469],[-39.93853589507793,-4.781748277900781],[-39.93605571865048,-4.78033541280558],[-39.9354641812134,-4.777380866340316],[-39.93883715212025,-4.769685937146548],[-39.935901343715344,-4.77144719909837],[-39.93478425135524,-4.772641461085949],[-39.93458118115628,-4.774217669515076],[-39.932905303385176,-4.774329133598323],[-39.93150925993719,-4.772893333382423],[-39.930517810158236,-4.772838306566215],[-39.92768518774264,-4.775483747553693],[-39.91646033662616,-4.782619043532837],[-39.915332957978364,-4.7844041189327875],[-39.9157328020306,-4.7868180509493525],[-39.91637297398311,-4.78728898625367],[-39.91586759308468,-4.788480333620558],[-39.90689057462147,-4.7901975275322615],[-39.90564349423183,-4.789792316684966],[-39.90507516810938,-4.788488712362749],[-39.90259842270616,-4.787307292129963],[-39.89791582467341,-4.78913237525075],[-39.89486696046285,-4.788298707801214],[-39.89245884569199,-4.789441673351046],[-39.89033188020392,-4.7897525855944325],[-39.88795583028368,-4.789932905188259],[-39.88554811249768,-4.789145942673912],[-39.88431271868121,-4.790370692315407],[-39.88329548651083,-4.788872184441832],[-39.88055886479741,-4.787682183117883],[-39.880326173637435,-4.784715607106274],[-39.87835564286071,-4.782911171805488],[-39.87933114925238,-4.782335520234314],[-39.879955702382304,-4.779507594816162],[-39.878658241447226,-4.778486109421371],[-39.87893588279777,-4.777143958390516],[-39.87577406409885,-4.77428052198667],[-39.87422263330581,-4.773708099679459],[-39.871942626442085,-4.7739024670530465],[-39.87188961051684,-4.772915282651132],[-39.87112884619716,-4.772306199497709],[-39.87184114308842,-4.769392610899654],[-39.87295769681735,-4.770089787720582],[-39.87344735496688,-4.769048063491312],[-39.87447660968403,-4.768538169870972],[-39.87331255360125,-4.766206147091877],[-39.87392918874856,-4.764835178133066],[-39.873208376492066,-4.7639984259827335],[-39.87446329467049,-4.762722379069994],[-39.873971631998906,-4.761511377474383],[-39.87318706493149,-4.761287998078247],[-39.873144190193244,-4.760222559487409],[-39.871557290934746,-4.759192901439813],[-39.870294866206294,-4.759242365710947],[-39.87058583975285,-4.75823280607308],[-39.86854778513465,-4.756333671476107],[-39.867332927308354,-4.756263402254369],[-39.86681668500179,-4.75512721439183],[-39.86502187855322,-4.753908865349756],[-39.86497377726858,-4.7527246098268074],[-39.86384414164918,-4.751651624783135],[-39.86424001649143,-4.7462690956402795],[-39.862823275292214,-4.746040508492228],[-39.86326623753521,-4.7440833955070065],[-39.86164654695082,-4.743711458128076],[-39.86116234731304,-4.742811565682623],[-39.86121915646118,-4.741328617142247],[-39.86229549416366,-4.740395864344504],[-39.862386159414825,-4.738962735506016],[-39.8597179800501,-4.736992105719855],[-39.85593286057901,-4.736311145920349],[-39.85566338408213,-4.73871679587869],[-39.85492117885581,-4.738095442851418],[-39.8516782528228,-4.73930210499317],[-39.84901815247864,-4.736726538642376],[-39.84241897465394,-4.739157883606662],[-39.840965877892245,-4.738444636856086],[-39.84100155133668,-4.736773729595957],[-39.839995114614474,-4.735525918386041],[-39.83964532673928,-4.733892874276839],[-39.83873313025531,-4.7341333169793876],[-39.838163773516584,-4.735193068728098],[-39.83659533979165,-4.735269759784935],[-39.83522934042096,-4.736653577320327],[-39.8346555390133,-4.735604181823365],[-39.834949754554565,-4.733698359331166],[-39.83354270249247,-4.732649719647614],[-39.83291665175043,-4.7327880919348075],[-39.83327389167716,-4.733185558291804],[-39.83196058612339,-4.734650082451184],[-39.83087348418749,-4.7332602450783705],[-39.82776920264545,-4.733231056322559],[-39.8263171675349,-4.732487855464883],[-39.82375570667603,-4.730019753966338],[-39.82250735790248,-4.731861141115787],[-39.8182074436134,-4.731040522591207],[-39.81813862786517,-4.731758616295532],[-39.81746914789416,-4.7320944791978405],[-39.81754362073628,-4.732944038819504],[-39.816291325725736,-4.733065185517604],[-39.815949628616266,-4.736661633889065],[-39.81333478252612,-4.736066369564543],[-39.81276848215691,-4.739779759490148],[-39.81191005118452,-4.740115841811491],[-39.81188347681029,-4.7394217930659455],[-39.81064597972337,-4.740380596395656],[-39.80898585612912,-4.740203038922124],[-39.806321156446316,-4.742195649305784],[-39.80446360370505,-4.7415403341916305],[-39.802594762487836,-4.743199225586058],[-39.80104170858085,-4.742782186699749],[-39.79895532278573,-4.743694088994172],[-39.798103492963016,-4.745531996172691],[-39.7956700756963,-4.747150341015436],[-39.79742532566342,-4.749695180271796],[-39.79733461986084,-4.75116033000417],[-39.796003094242245,-4.751523946647932],[-39.79347886974355,-4.753845370248454],[-39.79308254493901,-4.753163711272112],[-39.791021996690915,-4.7541772860153975],[-39.79039531284194,-4.753789079498688],[-39.80677847758224,-4.7077999860271795],[-39.7425826364575,-4.719562762578905],[-39.729417557747105,-4.695902941001094],[-39.72745899726967,-4.691722015562044],[-39.729000611151484,-4.689157308034829],[-39.72907875913224,-4.687745142775601],[-39.72866044292787,-4.687162201188761],[-39.72719514141685,-4.686970052114077],[-39.72189219399654,-4.687064743671008],[-39.71720934278652,-4.682715613530332],[-39.71227025045584,-4.680889105368362],[-39.717464834025,-4.67782505974286],[-39.71964178880598,-4.674217125801993],[-39.7223565549497,-4.6721265719407],[-39.72774987694994,-4.671147977330498],[-39.7303646483258,-4.6667507008063955],[-39.727206726441814,-4.665856885106859],[-39.726486705287826,-4.663904321004434],[-39.72257824773095,-4.662091184933856],[-39.72071386321062,-4.660561423742136],[-39.720039882473806,-4.659264188252429],[-39.716357487114074,-4.657184825067852],[-39.71575530690592,-4.656536429005032],[-39.71598107280928,-4.655926088250074],[-39.72084919333934,-4.653747080726909],[-39.7274984572534,-4.653999860437783],[-39.73378380397637,-4.6526434883570005],[-39.73787112131404,-4.65292470843108],[-39.7386627027159,-4.652593246414122],[-39.7423166181771,-4.646479732631955],[-39.74414416981375,-4.644870693249419],[-39.74536633154664,-4.645154984833697],[-39.74699988581636,-4.648709688847904],[-39.748138598531,-4.649020024763906],[-39.749121646498764,-4.649018980150516],[-39.75139596052834,-4.646784009102101],[-39.755965650068795,-4.646683461577157],[-39.75804055788045,-4.6457158924537625],[-39.761293078590434,-4.647000623873807],[-39.766608068352554,-4.646696256201456],[-39.77047245850063,-4.6436418402351896],[-39.772029272831794,-4.641189682382193],[-39.77202832473557,-4.640151118691022],[-39.76950346802462,-4.635881563840464],[-39.77004017098843,-4.630737090424584],[-39.76557539122923,-4.627304291176635],[-39.761798852683455,-4.626345648893566],[-39.76019960587934,-4.625162571542899],[-39.7574607888884,-4.622691973868849],[-39.75516439044487,-4.618884799559351],[-39.75129288381565,-4.617454217832944],[-39.74727245677319,-4.615158066594168],[-39.74554464034618,-4.613007929580144],[-39.74338618618911,-4.61146413917323],[-39.73840472420627,-4.609342073504037],[-39.73690495854636,-4.604905257634535],[-39.73445416434814,-4.603013766029745],[-39.73321987160326,-4.60128353766163],[-39.730309698686796,-4.599802346098683],[-39.723093627702156,-4.600075664745029],[-39.72002287910983,-4.598285485921916],[-39.71708868349891,-4.597360862398543],[-39.71333193929483,-4.593543029638609],[-39.71119887405774,-4.592710298010979],[-39.708188594752066,-4.589744911403532],[-39.70261441233742,-4.586287394828217],[-39.70086175202243,-4.583691891069846],[-39.69659561067822,-4.581741831977987],[-39.69164204924098,-4.578219740935529],[-39.689401351827584,-4.577653399998996],[-39.68621948723739,-4.575536543519028],[-39.685569118186145,-4.573493644981604],[-39.68640475317161,-4.571905519927813],[-39.68639789022695,-4.56615797562071],[-39.68765287140469,-4.564804286220108],[-39.68850430896758,-4.565291508537768],[-39.69010950224548,-4.5651679336112405],[-39.6933214050297,-4.56199408094354],[-39.69436995327796,-4.559721948776006],[-39.69442590056358,-4.555648788211877],[-39.697382035180055,-4.554095332034074],[-39.6988821162948,-4.55184881138821],[-39.7013246580839,-4.54542867210635],[-39.70441855382466,-4.544122191958859],[-39.71097775194706,-4.543123764730165],[-39.71863125960259,-4.540916350124368],[-39.724599216446144,-4.542296235973008],[-39.7294043075202,-4.540217853490103],[-39.73440012309553,-4.540876085327077],[-39.73739520267302,-4.542730949978292],[-39.74580165032241,-4.544762994147439],[-39.747491880285835,-4.543868400958968],[-39.74764964898534,-4.540999924956029],[-39.75109042130712,-4.538460571584069],[-39.755053452167324,-4.537405199137218],[-39.75666546845823,-4.535181903206217],[-39.76410489120571,-4.534541754717239],[-39.76476273036361,-4.533165887540858],[-39.76426664607513,-4.530635526109685],[-39.76789269152092,-4.526956210578466],[-39.76854475079921,-4.5244706780641755],[-39.76695934392309,-4.522286126533213],[-39.76279424803544,-4.519041024191919],[-39.760670194846774,-4.5185762125342075],[-39.75728440408355,-4.513694734381099],[-39.75514168411166,-4.512158784144565],[-39.75476116290644,-4.50852991993267],[-39.756740465238686,-4.505808630251711],[-39.756535171334455,-4.5027047054071625],[-39.753509253383314,-4.500390166871827],[-39.748134949474846,-4.497721344694409],[-39.74651486980527,-4.493671380234718],[-39.746646898310544,-4.4901947641542925],[-39.74577106860095,-4.490207600977186],[-39.74084819973275,-4.493020149215007],[-39.73739681470069,-4.493645113409277],[-39.73501143407392,-4.492716729492289],[-39.733331399395446,-4.488567772290984],[-39.729657503887566,-4.487039775816963],[-39.726701634093345,-4.4849628522225595],[-39.72385054242172,-4.485110150010246],[-39.72127946474393,-4.482742800977203],[-39.72067435348932,-4.481508607318602],[-39.721069726602146,-4.479435758229373],[-39.72193663639372,-4.478239010343809],[-39.7254497300696,-4.476527723442794],[-39.72704887079674,-4.474229879615221],[-39.72498974746651,-4.469806126913978],[-39.725202305091024,-4.469280248503462],[-39.73315900356006,-4.465324625691159],[-39.73385638272385,-4.464170554529724],[-39.732581652490786,-4.45708423353812],[-39.73370184835528,-4.452398970847898],[-39.73248566380621,-4.451071767464886],[-39.72977361719036,-4.450140003165712],[-39.72935945929135,-4.448391354399656],[-39.73049219129991,-4.444383994764444],[-39.73240400849678,-4.440575508357148],[-39.7361892755938,-4.439956425573975],[-39.736501202300296,-4.439400775950015],[-39.734607077248576,-4.435052137967624],[-39.73475632240466,-4.434314282161142],[-39.73647930830806,-4.432310489649182],[-39.740553532610996,-4.429299506087227],[-39.740282094255974,-4.425607627501084],[-39.73817949124039,-4.422764559643249],[-39.74303342276886,-4.417385530489038],[-39.74564107408859,-4.415427426459576],[-39.74617954365621,-4.413950116302911],[-39.74575826764801,-4.412025358983575],[-39.74772026948526,-4.409469503316192],[-39.750401243457276,-4.408679431075798],[-39.751904966376614,-4.407499391393407],[-39.7534012630179,-4.403870232211379],[-39.75239430011738,-4.4015790748467545],[-39.7526083822361,-4.400943373868726],[-39.753846297357846,-4.400376290471544],[-39.754007002551496,-4.399583784905834],[-39.74860566967276,-4.397034090523246],[-39.745599886476185,-4.397784310766652],[-39.74257286633733,-4.3999400284975705],[-39.73910166747271,-4.401338207941415],[-39.73376200663049,-4.398106037280378],[-39.73257942759047,-4.398459863734015],[-39.73067188288059,-4.396542791831837],[-39.730258766547344,-4.3947959447081635],[-39.72782022636728,-4.393248101837743],[-39.72730902382805,-4.392203324609697],[-39.727486741101345,-4.387542239921998],[-39.72592860974597,-4.384000580995738],[-39.72490614918196,-4.379019703218995],[-39.7241571283329,-4.3794717398905485],[-39.72314379650109,-4.38191336064701],[-39.722162881455226,-4.382547627513171],[-39.71785588778978,-4.383076724918621],[-39.71418156646971,-4.380587768283447],[-39.71150073669284,-4.380157377715548],[-39.70962871758409,-4.378727697252662],[-39.70949894387957,-4.376720211204865],[-39.712366080160656,-4.373947470906476],[-39.710485311684465,-4.369429719130215],[-39.71024837582073,-4.363958388380542],[-39.71253492939335,-4.360531987289911],[-39.71230705361612,-4.358562045943786],[-39.7141927996613,-4.354632968184125],[-39.70909949167144,-4.3501708041471225],[-39.708277514017595,-4.348816828057557],[-39.70840775831882,-4.348165473233774],[-39.710310227272174,-4.347366896568733],[-39.71946728998221,-4.344931037946803],[-39.72545874247891,-4.3444119259238905],[-39.72674406429225,-4.343156806232316],[-39.727835896010994,-4.339263212730574],[-39.72879241504247,-4.338056171902598],[-39.73452699850651,-4.333187430665894],[-39.734284969970936,-4.33078276110192],[-39.73223742898525,-4.32767587350566],[-39.73158149866646,-4.325539456552855],[-39.73339898969212,-4.322675782622166],[-39.73352148485926,-4.3214870063034265],[-39.732724619664545,-4.3198201282351105],[-39.73325361007793,-4.318522858018275],[-39.73216427479254,-4.317740608830176],[-39.72984788716706,-4.319259693716855],[-39.72744122754139,-4.319347312558023],[-39.72737039607744,-4.315891312517226],[-39.72596804370109,-4.309350231996076],[-39.72621005976035,-4.308369310892868],[-39.728016073004156,-4.307375224041215],[-39.729906420828236,-4.3067524856407555],[-39.7322738226882,-4.306976813280552],[-39.73280430399835,-4.306394818229903],[-39.73242222453348,-4.303520243519592],[-39.73566150067089,-4.300360299146034],[-39.73679566068728,-4.297549121749281],[-39.73846854984726,-4.296099221610006],[-39.73920762947741,-4.2941142437820226],[-39.73752765147804,-4.2912713252225725],[-39.7348742704302,-4.290182111561768],[-39.73361794946903,-4.2884936882869065],[-39.73397993751694,-4.287089249196729],[-39.736319707719375,-4.286376198362448],[-39.73759078903384,-4.285036691310709],[-39.73822501116755,-4.282992836067639],[-39.737883022811886,-4.282220357862894],[-39.73653488954837,-4.280720457370192],[-39.73426370860622,-4.280013064786717],[-39.732760584348895,-4.278879038378887],[-39.73208203593064,-4.27648572444246],[-39.730193250273956,-4.27487333944726],[-39.73294819352921,-4.271764904813416],[-39.737009940876604,-4.269011173665164],[-39.737482819072376,-4.264557773529006],[-39.740626161276765,-4.262869457931353],[-39.74249768192006,-4.26068555130295],[-39.74812769433496,-4.258067850717366],[-39.74827124335641,-4.255790132618642],[-39.748894746583616,-4.254771795733241],[-39.75159635433134,-4.253028966755907],[-39.75371812333666,-4.252779933799432],[-39.757923381341975,-4.250735644341412],[-39.76355422227348,-4.249843546676514],[-39.76580803833582,-4.248004226564184],[-39.77099406973061,-4.237021397279095],[-39.77222073014016,-4.229862467207646],[-39.77343799728366,-4.226352270413439],[-39.77314053099967,-4.22344483557139],[-39.774224005811575,-4.222205155693772],[-39.77655195161532,-4.216511953724588],[-39.778688775911284,-4.213490699772726],[-39.781861691575166,-4.2067104103111275],[-39.782603630869176,-4.200616804066788],[-39.78509245500729,-4.196823835882563],[-39.78991997369033,-4.193945585346093],[-39.78990950718273,-4.192135850647135],[-39.78790132745962,-4.188568321420777],[-39.78342843911234,-4.184905287780282],[-39.78039895854269,-4.18397512785827],[-39.77980656435608,-4.182609405393074],[-39.77532181950372,-4.179831297732306],[-39.7730595109829,-4.176933732070661],[-39.77262065821673,-4.174919156536941],[-39.77391051000843,-4.173702786839834],[-39.77440748008639,-4.173326360027856],[-39.77786209523623,-4.173871475816583],[-39.780915514170935,-4.175121115065354],[-39.7837251142385,-4.172379471932822],[-39.78661877001407,-4.173155985944253],[-39.788224906016616,-4.172373471778246],[-39.78862344191935,-4.169946456082494],[-39.78781981825666,-4.169164578902185],[-39.7879785729543,-4.167285263160805],[-39.79447949297945,-4.161251004058687],[-39.79536175595068,-4.159605425071042],[-39.794071662113915,-4.155223605769718],[-39.7978486699692,-4.154045439086144],[-39.800173464059334,-4.148326310993195],[-39.80257860815596,-4.145507694748884],[-39.803058088253046,-4.143316191870562],[-39.80867374326722,-4.135480532127364],[-39.80786862805565,-4.134229235877756],[-39.808989215199524,-4.130156893843291],[-39.80713709992452,-4.125539746923624],[-39.81155247010762,-4.122169491099031],[-39.81106903211417,-4.120759712109313],[-39.80962285630863,-4.120136175873804],[-39.80930049327726,-4.118884521961746],[-39.80978025407391,-4.117159748177382],[-39.811305974387174,-4.116612342265783],[-39.818537540315894,-4.11785811587555],[-39.83026258424923,-4.113929383939992],[-39.8390170581359,-4.112433377028533],[-39.84062603809727,-4.113527440957855],[-39.84287873228141,-4.110332267949931],[-39.846179356329834,-4.1089674331300445],[-39.85047470111389,-4.1052298229732775],[-39.85487963005547,-4.10536713004085],[-39.856276549367095,-4.104623215310745],[-39.85760791708649,-4.102763498304314],[-39.85731725920562,-4.098277915367324],[-39.85566371625781,-4.095802523065894],[-39.85067692619789,-4.091191618007478],[-39.84933314558061,-4.088166141723595],[-39.849746066056255,-4.0868347513865],[-39.85285449331186,-4.083055284238503],[-39.85342319138179,-4.078445418300374],[-39.85593031111474,-4.0780692232969695],[-39.856628727271,-4.077140298153348],[-39.85894479026653,-4.076920986246477],[-39.86097655919956,-4.074256810155036],[-39.86386402003662,-4.072550726364479],[-39.86703660911776,-4.06914405204017],[-39.871638644137526,-4.066137303279842],[-39.876019436240725,-4.064274744074095],[-39.877319835335406,-4.061952404175699],[-39.87706365822494,-4.0606533593917895],[-39.87521823430609,-4.058056315251521],[-39.874674318354536,-4.0533221753971125],[-39.87181423935302,-4.051715624063961],[-39.87304752808577,-4.046916032391524],[-39.872220300128575,-4.04617436335219],[-39.86932939832841,-4.045342414291678],[-39.868756283160415,-4.044288209220888],[-39.875741301150406,-4.041929589319816],[-39.8819963991345,-4.042140822045462],[-39.88609210501639,-4.03987611615449],[-39.88818700919844,-4.03931815900678],[-39.891332304369406,-4.040026177051293],[-39.89349511902003,-4.042870860335716],[-39.89673501833509,-4.043424269170217],[-39.89867101131997,-4.043144508991627],[-39.90236850032493,-4.03868526712257],[-39.903969897106805,-4.039145971230148],[-39.90575080264205,-4.040844413658275],[-39.912196332987,-4.038858232178947],[-39.913591715401004,-4.037308618127396],[-39.91424064682624,-4.03500326478426],[-39.91736760038494,-4.0341161951369084],[-39.92305607335782,-4.0382267710096045],[-39.92388292519035,-4.038224913030249],[-39.92497777818342,-4.036297894292613],[-39.926515021249735,-4.0355916081973415],[-39.92695794216318,-4.03416716539303],[-39.92473321003108,-4.032375598063365],[-39.92447529001716,-4.029776116089041],[-39.921454135384344,-4.025787839236466],[-39.92126327909244,-4.024549410016301],[-39.92256112001271,-4.02166971817436],[-39.92224306518676,-4.020493239014964],[-39.92110067725914,-4.019999106143285],[-39.91900476408968,-4.0209304799935115],[-39.91675255425833,-4.021014672963564],[-39.915160521410066,-4.020533178950658],[-39.91427106024349,-4.019482332328775],[-39.91401285928913,-4.01663541039478],[-39.916198179983354,-4.010225739160786],[-39.916161966402086,-4.0073474092034935],[-39.914700006297686,-4.00648279326839],[-39.9111435220154,-4.006115997143706],[-39.91015741722827,-4.004663283071594],[-39.91047481830736,-4.003918896134405],[-39.91396699008162,-4.0034822123534495],[-39.91589897804183,-4.000787813371075],[-39.91593020930626,-3.998063809320218],[-39.917041402234126,-3.997505157975233],[-39.919207471338915,-3.998277892359382],[-39.922852222314404,-3.998024472048574],[-39.923485778115676,-3.9956708253834905],[-39.92243218717078,-3.9909994360093566],[-39.9234460731562,-3.989144623355307],[-39.924716318073,-3.9883967282523214],[-39.92824366430701,-3.989663507953825],[-39.93182584506355,-3.9864721409516224],[-39.9360217660897,-3.9897465083634316],[-39.93859562205356,-3.9899605609621864],[-39.93980136121379,-3.9894002913638724],[-39.94144826123286,-3.985885930280908],[-39.94197796313434,-3.9761965592751984],[-39.942960061313535,-3.97554558004644],[-39.944739405533824,-3.9759767650532782],[-39.94575361626417,-3.9756041923695036],[-39.948925504270875,-3.9689777892200313],[-39.952442709977156,-3.964302595320669],[-39.9543454680949,-3.9626912539981163],[-39.958630846091715,-3.9610454573599374],[-39.96002703613404,-3.959928798155612],[-39.96227592610873,-3.9552542711037093],[-39.96367148139984,-3.9540146182415206],[-39.969102246114616,-3.951686705104975],[-39.9705581030757,-3.950447100383472],[-39.97344472915277,-3.9463271502736337],[-39.98039214500316,-3.9417705523113558],[-39.99096144133853,-3.9386920371766836],[-39.993849037126665,-3.936555326188485],[-39.99923450410519,-3.9305163531518628],[-40.00013428303577,-3.9281783873713207],[-39.99913691411829,-3.926669195328987],[-39.998778766072924,-3.921562873198963],[-39.997419629134704,-3.9206739610000705],[-39.99744473030617,-3.9200438403708526],[-39.99786204016037,-3.9195448083724305],[-39.99918114837435,-3.9196084485187335],[-39.9996240092423,-3.918877110033793],[-39.99930941599587,-3.917514316250852],[-40.00123058308301,-3.91536943695605],[-40.002891760284186,-3.9114516082097235],[-40.00203435607683,-3.9085299809588516],[-40.0025902943,-3.906593810045679],[-40.00489665998025,-3.903494307249058],[-40.00694697623574,-3.8990925066159474],[-39.92486106659769,-3.9460853876258994],[-39.97634315547968,-3.776676312508233],[-40.007514049892954,-3.7634734105336674],[-40.01150349045855,-3.760620849466815],[-40.01198334073188,-3.753950598220905],[-40.013333196921174,-3.751234209249642],[-40.013349719236594,-3.7493146809289746],[-40.01300774412164,-3.7479138875373903],[-40.011590884929014,-3.7468501318705916],[-40.013422571776914,-3.7427550747653084],[-40.015040143908934,-3.7405992240854617],[-40.01220384721318,-3.739544671381598],[-40.01151132708059,-3.738133422424685],[-40.01241200585911,-3.733192136554382],[-40.013306975788886,-3.732781048363658],[-40.0123438519535,-3.7319285536905995],[-40.01312468442001,-3.7314106988854565],[-40.0123494593011,-3.728501343716782],[-40.01430999794978,-3.727164061392417],[-40.01431115174317,-3.724382648419587],[-40.01782718108968,-3.7223799410581004],[-40.014361808610175,-3.7144036842122152],[-40.01492147067035,-3.7120917670233475],[-40.016347411871344,-3.7079925868002914],[-40.01658223533794,-3.705006678434],[-40.01891217170776,-3.700863590856689],[-40.01852796954286,-3.6982074757545385],[-40.02026245157422,-3.6941847411783857],[-40.01870979155564,-3.690524787124875],[-40.01572879122339,-3.6877519838725807],[-40.01472568609578,-3.685503431542091],[-40.01600920518019,-3.682941133576922],[-40.01532618168877,-3.6793400002584575],[-40.0163121990388,-3.6770293399164875],[-40.01460558181272,-3.6740994969138723],[-40.01508935813017,-3.6700423027230054],[-40.01341869852588,-3.667291908443095],[-40.01291549697755,-3.664683781772409],[-40.01012420113509,-3.6610251919518046],[-40.00838088251244,-3.6571739409293755],[-40.006838512031486,-3.6551317957393894],[-40.00778570271047,-3.650032987145575],[-40.00940315244521,-3.647853258473621],[-40.00963934011195,-3.646034080918053],[-40.00806495129044,-3.644097273962841],[-40.004465416392925,-3.6418755343833653],[-40.001527009349914,-3.6343159539045753],[-39.99947712884366,-3.6331933762979634],[-39.99642326547373,-3.628888795756002],[-39.99375339535776,-3.62716855609687],[-39.99317896803976,-3.624680138671173],[-39.99312446591659,-3.618385771655592],[-39.99128785139427,-3.616185934640502],[-39.98661489494831,-3.6124574617627427],[-39.98604081634493,-3.610256229767757],[-39.986108279141924,-3.6065465041716975],[-39.98395723273368,-3.5998714627688813],[-39.97997542439302,-3.5963575752427817],[-39.97946949976235,-3.591020995515248],[-39.976725088815606,-3.5862612145497788],[-39.976268721142716,-3.5826956382878206],[-39.97845479764936,-3.5776194353322373],[-39.978096202425036,-3.5763992201736636],[-39.9750441723516,-3.5735065476619865],[-39.97441111756842,-3.571622354788944],[-39.980443661721374,-3.5723514689618088],[-39.98408060314093,-3.576476054511791],[-39.988797633320196,-3.577093228020308],[-39.99749524796946,-3.5801532054294665],[-40.009498288669995,-3.5780997190460297],[-40.01813596104615,-3.58078259876352],[-40.02075791152855,-3.582371215572445],[-40.02645013402372,-3.581706674109319],[-40.03262063834777,-3.58274079551433],[-40.03399001006636,-3.5824999157033712],[-40.03692974367484,-3.580707597381791],[-40.04018156353094,-3.5810808404166106],[-40.04338476136648,-3.580586561816247],[-40.048462862239326,-3.584541621194636],[-40.053065921913316,-3.589645960683899],[-40.05874647144587,-3.5892205519009845],[-40.06122479394115,-3.5901390762317433],[-40.066076065229424,-3.593531845790049],[-40.06998295221009,-3.593898214729552],[-40.06967961569421,-3.5926630655486833],[-40.06620648550476,-3.592494826880431],[-40.0659472487104,-3.590786339193739],[-40.06261501599187,-3.5888660474326013],[-40.062154741639105,-3.5863249331912668],[-40.06153954688781,-3.5857656250357763],[-40.05763776294907,-3.5856696425288317],[-40.05643599599675,-3.584579703207727],[-40.05493581510375,-3.5849835098590885],[-40.05226135333759,-3.5833352393456357],[-40.0508857348851,-3.5801776990325758],[-40.050911961652666,-3.5781098774865283],[-40.04796538066744,-3.575930590941969],[-40.04697765521217,-3.5745244737806328],[-40.04667500660892,-3.5722990689707608],[-40.042996713101395,-3.5675789266526157],[-40.04300435584891,-3.561677078933862],[-40.04504524341286,-3.559190530121936],[-40.04539955277863,-3.5565479428276685],[-40.04662599311232,-3.5542202772314666],[-40.04560592270461,-3.5494396583215453],[-40.04659142623873,-3.5489072303552063],[-40.046461382761855,-3.547643724964581],[-40.04718891380736,-3.5464654040515406],[-40.047183762388556,-3.5418846683208485],[-40.04625099821658,-3.5384681180887996],[-40.047507248980615,-3.537246120508286],[-40.047519299757404,-3.5352501097769853],[-40.0488912776606,-3.535277273797189],[-40.04933305900559,-3.534171077023503],[-40.048658654154806,-3.5317450542933235],[-40.04579999406553,-3.5313462170650673],[-40.04465120673179,-3.5300598482583547],[-40.045340752091526,-3.5289964516708467],[-40.04484449612005,-3.5282503071162266],[-40.04561389406175,-3.52617685481624],[-40.04662791110839,-3.525601322640081],[-40.04606492279523,-3.524816960965624],[-40.04654946768978,-3.524237319096583],[-40.04567875164718,-3.5245349889474236],[-40.045191347329826,-3.5238080592949474],[-40.04554841754196,-3.522998647606724],[-40.04498905372025,-3.5211899545185292],[-40.0454735132745,-3.520533727996899],[-40.04455864030223,-3.5203050025494855],[-40.04469638137135,-3.519313948229867],[-40.04279011669543,-3.5185837449872324],[-40.04216499171132,-3.517603198702811],[-40.04116893960054,-3.51782457663879],[-40.0402734679163,-3.5172750441921456],[-40.04056166082764,-3.512249445346022],[-40.03918793422485,-3.5084576157387852],[-40.03950872193954,-3.507775170349819],[-40.040497295676786,-3.507893731508548],[-40.040470977621965,-3.5056321031014828],[-40.04132841862009,-3.5056311458970426],[-40.04074422082354,-3.5050334758029096],[-40.04136257023958,-3.5042071011933964],[-40.04036121959319,-3.5032987685388424],[-40.041206260394205,-3.502855067593813],[-40.04115804304351,-3.5023285981272725],[-40.040552247765994,-3.5023313008832835],[-40.03965593456626,-3.5007611223856787],[-40.040405565934144,-3.500319074068967],[-40.03959450685363,-3.4993368234975937],[-40.0399753170017,-3.4989314455174756],[-40.038949761169334,-3.4976641424473387],[-40.039008514721964,-3.4969460902466722],[-40.03630500559181,-3.4951395110765104],[-40.03656560707351,-3.493870777467715],[-40.03752914050753,-3.4930651849782604],[-40.0374561269413,-3.491643650151236],[-40.03826986452388,-3.490896041377303],[-40.03786187694471,-3.490250304680816],[-40.03858452253871,-3.488794761162627],[-40.03787433956043,-3.4885845601314545],[-40.03750154419466,-3.4874505523393755],[-40.038043958014576,-3.4868827415023698],[-40.03814935689752,-3.485259973281281],[-40.03877137465827,-3.485611098213207],[-40.03854886573452,-3.4846923207720075],[-40.03915574986834,-3.4842752159572257],[-40.03802663732549,-3.4841185089169127],[-40.03891158513324,-3.4831554263125115],[-40.03854361020827,-3.479896170089315],[-40.03989117112565,-3.4772740259150465],[-40.04036288339125,-3.477395561862048],[-40.04039987658355,-3.478551480146565],[-40.041092324632665,-3.4779763237461276],[-40.04111852396034,-3.4756288554575128],[-40.042952462439324,-3.47565075652283],[-40.04075906540665,-3.4736188897056293],[-40.040513541041655,-3.4714289218079535],[-40.03788258172964,-3.469995850103184],[-40.03835873165406,-3.4676403257267974],[-40.037607595845806,-3.4666339548170804],[-40.03918517625243,-3.465456732680249],[-40.038948520563444,-3.4646600272417056],[-40.03619586906018,-3.4629973217710983],[-40.03623810692891,-3.462415704791719],[-40.037017625429385,-3.463068217981764],[-40.03795275642116,-3.462270223597745],[-40.03726866234489,-3.461584478831414],[-40.037386262024924,-3.4602201723462453],[-40.0349139288208,-3.45787984807846],[-40.03362403749939,-3.457637243348818],[-40.03288757091833,-3.4560870917059474],[-40.03151805040226,-3.4560287540036647],[-40.03112931847199,-3.4544436177050675],[-40.02940497863748,-3.4543869593634144],[-40.02958249440781,-3.4533576476110124],[-40.0262691367331,-3.450704680564053],[-40.026953554744836,-3.4498951533709628],[-40.02596448931474,-3.4492619998734524],[-40.02661811593709,-3.449252753099599],[-40.02683240488256,-3.4479686765977733],[-40.025139795217115,-3.4464387942944748],[-40.02714984598196,-3.444162982805198],[-40.02739084116647,-3.438478378396444],[-40.027913926982464,-3.4376640903395526],[-40.02758009006499,-3.4372815229250513],[-40.024896365117655,-3.4345813080536005],[-40.02541045314499,-3.4330890919477626],[-40.02311485107555,-3.4323137841835303],[-40.02250335276425,-3.431877794114439],[-40.0226247616085,-3.431127176482975],[-40.02102203170735,-3.4306922481952298],[-40.02066825197159,-3.429996720886834],[-40.01803495737993,-3.4308864785956836],[-40.0161731403984,-3.4294147793145093],[-40.01404136841475,-3.4294716309334543],[-40.01391755192702,-3.42794349393488],[-40.012559800157426,-3.42804045364532],[-40.01219155953595,-3.426498929351924],[-40.01045258023013,-3.425613830710469],[-40.00932379268356,-3.423923010765707],[-40.0057527221354,-3.4239950064733176],[-40.006023138585434,-3.4228894528025267],[-40.004737448090665,-3.4215544014635104],[-40.00459330578528,-3.4203578891411524],[-40.005775013274814,-3.4193282924637316],[-40.004048948664824,-3.4177881877172482],[-40.003169987786514,-3.415842380004094],[-40.00223300432285,-3.415771723739271],[-40.00155736444374,-3.412384982168694],[-39.999681087996954,-3.4100024222320626],[-39.997807131018874,-3.4098610988538876],[-39.996451428406026,-3.4086344289955317],[-39.995868240940354,-3.405994661673349],[-39.994502300020336,-3.404706593016506],[-39.99382843444346,-3.403008445015642],[-39.99488002162576,-3.401194799819145],[-39.99398230786985,-3.3996810948181744],[-39.99508182041922,-3.399366114537951],[-39.9952032969066,-3.398656430730199],[-39.99418297790566,-3.39674713760746],[-39.99234844875577,-3.3953026232827135],[-39.992563360378085,-3.3943596758478813],[-39.99070285150399,-3.3927116993104396],[-39.990971732227635,-3.3900778672210263],[-39.992071751238456,-3.390267770811522],[-39.99181244748972,-3.388971728418064],[-39.99285697060933,-3.388001833193996],[-39.99056054657583,-3.3862985234636676],[-39.99157637273508,-3.3838140238808396],[-39.98963325264705,-3.3823696075927288],[-39.98902690433047,-3.382774760876276],[-39.98835964211456,-3.3823446425124604],[-39.986786625340265,-3.379515516438931],[-39.98706846414585,-3.378770702570739],[-39.988045664260895,-3.3783629019567685],[-39.98655483162506,-3.3768753707494232],[-39.98627849254707,-3.3755017325421277],[-39.98736826533969,-3.3739646632030196],[-39.986837944034875,-3.3731874169644924],[-39.98692989824079,-3.3652613389899484],[-39.98785556148394,-3.3662974957936593],[-39.98822052242739,-3.3656252890809077],[-39.9891378238229,-3.366055155210321],[-39.98971638810319,-3.3648954070159767],[-39.99155469094002,-3.365729590302411],[-39.99160260824477,-3.3641763975992887],[-39.993179113271786,-3.3648895728028676],[-39.99327952936943,-3.3638408604376733],[-39.99392604578295,-3.3640511426523707],[-39.99407651424999,-3.3632259820405306],[-39.99630324142829,-3.36328353475084],[-39.99876736257962,-3.361944785086615],[-40.00085075495508,-3.3622257982412016],[-40.00218670440186,-3.3611633924736144],[-40.00626818041973,-3.3618492400516757],[-40.00944628341327,-3.3607450180344984],[-40.00943522420873,-3.361570724331078],[-40.01326959947211,-3.361806067216234],[-40.01461590630973,-3.3625705244495943],[-40.01784318610492,-3.362974012619344],[-40.01835565470049,-3.3635939142420654],[-40.02469998938355,-3.3612914911519014],[-40.02489115361809,-3.361913549616296],[-40.02559349033679,-3.3617333107395444],[-40.02689216093196,-3.3624858310702597],[-40.03083339708232,-3.3624457598770037],[-40.03397414646883,-3.3604001170276114],[-40.03463550158103,-3.3604688543513754],[-40.036922311741385,-3.363483877561479],[-40.037911162208246,-3.3638542731896552],[-40.04402662001086,-3.363952535283048],[-40.04644102333006,-3.363457410544461],[-40.04961506102336,-3.3653063924247837],[-40.053732435996714,-3.365354095031739],[-40.057844507653286,-3.3691669091502705],[-40.070082937007,-3.3672388675732403],[-40.07152251609845,-3.3661603064034993],[-40.07307960369221,-3.3636576190764935],[-40.07568608524637,-3.362601698525952],[-40.07992134806164,-3.356178297919928],[-40.08178666092349,-3.3555946295954064],[-40.08534728036298,-3.3560094889574748],[-40.088585618682316,-3.3557067166556798],[-40.09217959193923,-3.354486633653662],[-40.08402103846541,-3.315495441113929],[-40.08788629934984,-3.315133848266688],[-40.09114547244745,-3.31658056050556],[-40.09472647974163,-3.3163563328851065],[-40.098360639723325,-3.31881733931998],[-40.103671477104506,-3.3193498819208016],[-40.106464515349074,-3.31900458751862],[-40.109319484571856,-3.317006936638958],[-40.11248833036539,-3.3168723683294594],[-40.11381097988792,-3.315138325316931],[-40.11647911061138,-3.3161404667433967],[-40.118740320170716,-3.315264370954256],[-40.120145526261844,-3.315502098704664],[-40.12171247216578,-3.314389772878326],[-40.12446614136726,-3.3143005631755313],[-40.12798947923583,-3.313336929081602],[-40.13190506501658,-3.3140647703973145],[-40.13291916122065,-3.3137907777445434],[-40.1410088196686,-3.3082386809998474],[-40.145644132130684,-3.303598928963813],[-40.1593105279352,-3.3105220829747863],[-40.16105141478442,-3.3127576800995864],[-40.16258789494041,-3.313270408146173],[-40.163805163589636,-3.315710036077921],[-40.16592647971504,-3.3164190201042314],[-40.16710296973305,-3.317465651515981],[-40.169917345348615,-3.317275643205998],[-40.170490120066674,-3.31836625942094],[-40.17403399267361,-3.3188933287716074],[-40.1745348783089,-3.3195963295546522],[-40.17657734817518,-3.3190769610479953],[-40.17740674924672,-3.3198221277678304],[-40.17842959207957,-3.3189114935415773],[-40.18006213357381,-3.318848229698384],[-40.182170051830575,-3.3205583053008754],[-40.18524012793407,-3.3191426367443397],[-40.18580447661752,-3.3170269018857006],[-40.189342338985625,-3.3146504821229645],[-40.19119693314333,-3.3123627601546635],[-40.193981524671905,-3.3111987046236884],[-40.196172321366845,-3.311291778860872],[-40.20038576058356,-3.310257600151094],[-40.2011362583611,-3.3076545562195308],[-40.341220607066674,-3.3161808551729646],[-40.34070533409629,-3.2900931733910634],[-40.34169638264294,-3.2901464097110744],[-40.3422112466931,-3.2894089554636237],[-40.34409912049713,-3.290115873357723],[-40.344572946574075,-3.289146530961878],[-40.346703777305756,-3.288816196970891],[-40.346283759292625,-3.289417087893714],[-40.34853659795674,-3.2889637909371854],[-40.34935010453313,-3.288225929952328],[-40.35021782454341,-3.2885461341024174],[-40.34940181755593,-3.286595195949291],[-40.35232200431372,-3.2855825398511094],[-40.3520868607352,-3.2844119509713323],[-40.3540261012788,-3.2833948428437143],[-40.35465262337183,-3.283677948168674],[-40.35413410906435,-3.2842158712347924],[-40.355188529551654,-3.284713280448488],[-40.355523161471865,-3.283715134773423],[-40.35646943711597,-3.28329174658566],[-40.35627783105913,-3.2821365644528355],[-40.35789210933813,-3.2813021039484718],[-40.35828649747747,-3.2818336660037954],[-40.35872054044381,-3.2815738456224754],[-40.35862459558653,-3.2808917963141964],[-40.357651734226394,-3.280344050085177],[-40.358011759594454,-3.2794327671113535],[-40.3565548479969,-3.276160285334244],[-40.35831534844477,-3.275829945562903],[-40.35843660091269,-3.275146748084013],[-40.35895635025053,-3.2755297664262946],[-40.359216296272514,-3.273990812034228],[-40.359568058189836,-3.2743740589963366],[-40.36148251986873,-3.272805847696897],[-40.36301587841938,-3.273631750146115],[-40.36325175659529,-3.273017466785837],[-40.36381854576251,-3.27430601030447],[-40.36433697719416,-3.2737143642557784],[-40.36617502376245,-3.273521905781879],[-40.36659129482029,-3.272203241188543],[-40.36722455826376,-3.2746486198299833],[-40.368003490059,-3.2747108668676215],[-40.36942379327137,-3.273344778348148],[-40.37121072975241,-3.273472791052615],[-40.372583194794814,-3.2720281024005433],[-40.3740229889585,-3.2720814352388454],[-40.37436075852974,-3.2734009800970236],[-40.37706392365291,-3.2734893472903748],[-40.381995302845674,-3.27194894565203],[-40.38582296883756,-3.2729059051559353],[-40.38782591504118,-3.270948700889737],[-40.387678346642005,-3.266987446226284],[-40.38879275465533,-3.265877559960695],[-40.38972414745392,-3.2628864615962963],[-40.39221666767798,-3.2611351509260293],[-40.39251641784077,-3.260711788111586],[-40.39178008947759,-3.260153431630179],[-40.393950243716205,-3.257039719826436],[-40.396500793246645,-3.2560129182876323],[-40.39794427013558,-3.256071545166818],[-40.39852163018432,-3.254760976756568],[-40.398038557091326,-3.2544463363618354],[-40.3982551422681,-3.25400944610516],[-40.39926864889334,-3.253983780040964],[-40.399507458627525,-3.252164331126567],[-40.40102669369085,-3.2513860575418576],[-40.399960914305034,-3.2485012126294897],[-40.402590499732156,-3.245413228249583],[-40.40215796109874,-3.242518325619945],[-40.40403659588593,-3.2409124146277337],[-40.40496867142551,-3.241359379733478],[-40.40575340205101,-3.2395027914650747],[-40.405413187750746,-3.23887567160035],[-40.40640323889093,-3.2382603422159066],[-40.406564431862705,-3.237032217615962],[-40.4088171171952,-3.2366061323056594],[-40.4098330834369,-3.237514290327336],[-40.411219847403004,-3.236711922471218],[-40.4127864742802,-3.2383716315302644],[-40.41393736785661,-3.2386863967904453],[-40.415808822059695,-3.237428590476782],[-40.41666537818689,-3.2384369907795363],[-40.41827958776782,-3.237657056473172],[-40.418127922697,-3.235965505174236],[-40.4197116763137,-3.232811686954902],[-40.41934402753561,-3.231979964305486],[-40.418543287948836,-3.232062947799523],[-40.419828947961065,-3.229291561171279],[-40.41974523204262,-3.2276544881152858],[-40.421360257916426,-3.2274748595142775],[-40.42194028604778,-3.22485454117531],[-40.4230382555192,-3.223775183568253],[-40.42314314818034,-3.2211146049328563],[-40.42198721421503,-3.2195472522615467],[-40.42276049198836,-3.2192460172856068],[-40.424276112055516,-3.2159149422652793],[-40.42483419880217,-3.217046547842016],[-40.427034327078815,-3.217916624769609],[-40.428482376059264,-3.2202263538555185],[-40.429155638081966,-3.2185033298736148],[-40.43096483374022,-3.2180641992253407],[-40.43018869527893,-3.2152275070691445],[-40.432285727069264,-3.2135509891943563],[-40.43276616278067,-3.20535852698885],[-40.43422366539122,-3.2007582485284853],[-40.435805284359546,-3.1976905422974617],[-40.437389028841764,-3.196155575048157],[-40.44244777634399,-3.1933895222380326],[-40.44336073111394,-3.1919781162009944],[-40.44408916051168,-3.189463401699175],[-40.44414348777331,-3.1846811868790708],[-40.44511708970795,-3.1830244614883383],[-40.45019020990761,-3.1805840430503967],[-40.45033269584272,-3.1757319295737316],[-40.452349190312006,-3.1715037985923167],[-40.45185699292532,-3.168939593531656],[-40.45111445837373,-3.1685404415525453],[-40.452052004548705,-3.1660287950181805],[-40.45168431243782,-3.1650766949496187],[-40.45349708336282,-3.1639155019127903],[-40.4529753855917,-3.1622801971182923],[-40.45322696778394,-3.160192452688653],[-40.4540916241901,-3.159761479988736],[-40.45283696064246,-3.1579009629880925],[-40.45294653122172,-3.1561715493015106],[-40.452160413836026,-3.1545150179602994],[-40.45368753562411,-3.153848912736476],[-40.45332499480207,-3.153412842492357],[-40.453831095999625,-3.152975554378911],[-40.45326969456411,-3.1526852893111825],[-40.454010320641466,-3.1517201403485835],[-40.45368263670793,-3.15031991092002],[-40.45569004634952,-3.146632065381031],[-40.45886309350189,-3.1445402254726025],[-40.45883090570543,-3.14335332581128],[-40.459651793439654,-3.14317822432989],[-40.460165381117214,-3.14162219609219],[-40.46079062007564,-3.1422761839013345],[-40.46195577303408,-3.140787455533389],[-40.462456468124685,-3.139722595727667],[-40.461911565550345,-3.1382772008512703],[-40.46275160618811,-3.137239150934521],[-40.462627236470304,-3.1356430913374758],[-40.463169254946884,-3.1350147517808655],[-40.46525913313002,-3.1348344561330967],[-40.46678935579399,-3.1323629197774383],[-40.474564241833626,-3.1309467317384194],[-40.475627788453046,-3.128758143972336],[-40.47527587328117,-3.1281903263483932],[-40.47636693095649,-3.127058135873972],[-40.47928240717743,-3.1249243268602345],[-40.48101072605274,-3.1249936674748082],[-40.48120059033532,-3.1236864048306017],[-40.48217910863935,-3.122991546877099],[-40.48147912942577,-3.1220144677991226],[-40.48267106267794,-3.1207223805892004],[-40.48328972543454,-3.120539643515451],[-40.48356258032927,-3.12130208920597],[-40.4843491404982,-3.1208644016394436],[-40.4844433419962,-3.1215908833680626],[-40.487959271751386,-3.1208592758039155],[-40.489168459545965,-3.1217716273425804],[-40.491324719403,-3.1205816284601546],[-40.49357809458204,-3.120892201645812],[-40.49425474148871,-3.119513309030156],[-40.494886217542756,-3.119786138658192],[-40.497189383635416,-3.1190075531491903],[-40.498361125425795,-3.119407881863891],[-40.4996544783855,-3.118195881178942],[-40.50102513329839,-3.118125704243097],[-40.501262089279166,-3.117173562672542],[-40.501665229730826,-3.117615129496741],[-40.50212280325839,-3.1169644942388324],[-40.50356144925231,-3.1169897167333227],[-40.50332543124345,-3.115151015807321],[-40.50478353902955,-3.116058217576159],[-40.50523697663099,-3.1135211184259806],[-40.505865350750604,-3.1134819310770214],[-40.50837438255001,-3.110185734596911],[-40.50901254720064,-3.1103379610621458],[-40.50954971118544,-3.1096413140490298],[-40.495024621489385,-3.0620250286202104],[-40.51191721116656,-2.9543692918061706],[-40.518024418339685,-2.9541090831824004],[-40.52117836147164,-2.9501727991150237],[-40.52342765669196,-2.9502720265501106],[-40.526389506277695,-2.9482988126984746],[-40.52815486873571,-2.9464796724465523],[-40.529576005699944,-2.943796930955527],[-40.530031420266724,-2.941923849213539],[-40.52653217518838,-2.935666679396737],[-40.524681235972785,-2.9291002637875105],[-40.524730169701826,-2.9276574827815023],[-40.52565239830975,-2.9247912583492317],[-40.527987485199624,-2.9206441046440883],[-40.52915649725151,-2.919660234892946],[-40.53129347238256,-2.919534527660234],[-40.53253406420065,-2.918806358028375],[-40.534280914302876,-2.9161743474249455],[-40.53199176083875,-2.9076643742084305],[-40.53221578798467,-2.9061326416825173],[-40.53326876795245,-2.9051453504448808],[-40.5333607887186,-2.902790656850644],[-40.530674220637934,-2.899070604260645],[-40.53004377667475,-2.894390175426508],[-40.52795679126537,-2.889590781612473],[-40.53401899799614,-2.887317891533426],[-40.53538148829292,-2.8864463256752706],[-40.535665140852416,-2.885484134935348],[-40.5386149152144,-2.8844262372194156],[-40.54161750617542,-2.8848109665714885],[-40.549878643285,-2.883203508752068],[-40.552362012265924,-2.88343544175117],[-40.55439631145654,-2.882706187932236],[-40.56092961577914,-2.8827381317713328],[-40.56273933592165,-2.8815078159768723],[-40.56298218675224,-2.8804945282829157],[-40.564059819308476,-2.8797154233409787],[-40.56698459448683,-2.875311702580382],[-40.569058655049155,-2.8739173130981963],[-40.571658041501195,-2.8697186829141055],[-40.57352899531383,-2.868641760077123],[-40.5737010114396,-2.8679252963315194],[-40.572746110032924,-2.8666590102684855],[-40.57377451327264,-2.864620327329356],[-40.5734771679265,-2.858836364854128],[-40.57441942868949,-2.855536642296467],[-40.57737607956162,-2.852446361131985],[-40.58082934443183,-2.8509318453300088],[-40.583103400389604,-2.8469997148406216],[-40.58529356012481,-2.8478738395773355],[-40.58751850194099,-2.847725243214084],[-40.58872090359284,-2.8465372042643695],[-40.59077831733039,-2.8458876083653735],[-40.59781266165777,-2.8452135328683132],[-40.5982157985164,-2.844184076201674],[-40.595280976710214,-2.838541185258244],[-40.587524999303255,-2.8399636633137773],[-40.58055929060516,-2.837956246250663],[-40.57551256202708,-2.8359441044595046],[-40.5707878790698,-2.833426725619499],[-40.56955488434446,-2.8320342861639105],[-40.5677015543973,-2.831532039797696],[-40.56463658006059,-2.8277264025582824],[-40.560575743847465,-2.827770957485969],[-40.55440609823017,-2.8262018694837825],[-40.55127539330202,-2.8246196522926477],[-40.54832993169164,-2.8242828511599263],[-40.542399624236765,-2.8221450127973053],[-40.5371263144334,-2.8194883107103896],[-40.530233886950214,-2.8136023668023786],[-40.519934584620984,-2.7996154751304396],[-40.519122949572875,-2.797654377331642],[-40.52080592977844,-2.7925075125297703],[-40.52013767228092,-2.791000871467047],[-40.51935178373035,-2.790547246780473],[-40.51573499023173,-2.7908390830354306],[-40.514460387499824,-2.7897041157475724],[-40.51311549693108,-2.78943067432184],[-40.51172563222217,-2.7878869668194834],[-40.50887611845373,-2.787489910826028],[-40.50741340569257,-2.786654075365505],[-40.50346183891927,-2.7864591211576077],[-40.50096145254803,-2.784635490494846],[-40.49795882675758,-2.784323465641477],[-40.47307511486862,-2.796462812088278],[-40.45589366441484,-2.803188952224344],[-40.449161032940005,-2.8058708798476437],[-40.43573695785967,-2.8100971763890135],[-40.42949606263183,-2.811101009596898],[-40.42406598527802,-2.811148183167087],[-40.41215396723773,-2.812983214227762],[-40.391347020245206,-2.813774975062743],[-40.370154237729324,-2.8121141636977636],[-40.34436036086567,-2.8067159274146696],[-40.33120761008579,-2.8059828341066035],[-40.30692300729468,-2.808002618537699],[-40.29805629699797,-2.8079945194117726],[-40.288330087880375,-2.8090871116332177],[-40.282305304845345,-2.8090486989750407],[-40.27778686984663,-2.810059052675852],[-40.277477074226724,-2.8096097777703877],[-40.27560777529261,-2.809601688842433],[-40.26881696717062,-2.810075641974718],[-40.236721184589,-2.815032425404958],[-40.235173954636814,-2.812351779756798],[-40.22728789591211,-2.810778840451086],[-40.21810704907732,-2.810724394715783],[-40.2137724200703,-2.811455479345837],[-40.20894799445494,-2.8112254508354013],[-40.204289851540054,-2.8118947346415704],[-40.20165890973505,-2.8109118087838105],[-40.18823040254044,-2.8123657907096415],[-40.18552986106128,-2.8117335223771236],[-40.18481461250199,-2.812106855731856],[-40.18223296295236,-2.816344785032546],[-40.18078554194375,-2.816896185381467],[-40.18002698165347,-2.8181782398094075],[-40.17341396133354,-2.8219273883908245],[-40.17003469558667,-2.8250342951794356],[-40.16491395653097,-2.8283187541242087],[-40.15770733925771,-2.8351064693267105],[-40.15698492640362,-2.835188490186639],[-40.156198668293726,-2.8343755828924233],[-40.15614990137702,-2.833202950898774],[-40.15457911939567,-2.8333241867924963],[-40.154247961468165,-2.835406626132134],[-40.14806141121456,-2.838667139799553],[-40.14377711082252,-2.840176960483103],[-40.13961311694349,-2.8390061007711163],[-40.13750705900169,-2.834271767768259],[-40.13582985474152,-2.83485829027892],[-40.13536473975009,-2.8339647300179314],[-40.13674935001049,-2.831767635480641],[-40.136244312369044,-2.829205335456819],[-40.13411721529966,-2.830072898605062],[-40.1328494780136,-2.8295212043098075],[-40.134424778925464,-2.826718897044803],[-40.13619404826091,-2.8266931177827006],[-40.138454793979676,-2.828037178041945],[-40.140044561350834,-2.8278252530932644],[-40.13987618068805,-2.826785654037679],[-40.13389751286452,-2.8254212089128683],[-40.13119571961782,-2.8253877943455046],[-40.13009498244092,-2.824451276484965],[-40.12623273772849,-2.823541489811031],[-40.12032493088392,-2.82484566805778],[-40.11900692044753,-2.826465475918228],[-40.11869747877166,-2.82790823450723],[-40.11555190444027,-2.8263726527891606],[-40.100238530385695,-2.827144631174361],[-40.08668575091518,-2.831484883517395],[-40.08096221170386,-2.834591588377909],[-40.078472218746235,-2.837424785333542],[-40.07927999075812,-2.8382955251821778],[-40.077728265688904,-2.8409174817650267],[-40.07576695437668,-2.839864913735327],[-40.074491681027105,-2.8397939817139704],[-40.07449071103162,-2.8387441785106753],[-40.07341467632812,-2.8373087122947376],[-40.07361560382904,-2.8364261327514293],[-40.07163810696487,-2.835958041944639],[-40.06882791863792,-2.8367675424468266],[-40.06634063900871,-2.8360846687942503],[-40.06352075584623,-2.8369238424969976],[-40.062257990995775,-2.8385511863564132],[-40.06171287984001,-2.8381054199096414],[-40.06253860870273,-2.835634965000139],[-40.05977602546861,-2.8342733459913236],[-40.05811676392455,-2.8343458675582354],[-40.05427931230146,-2.8351100731057386],[-40.048738830160346,-2.837767400251475],[-40.04560682733145,-2.837836177009678],[-40.04395361054567,-2.8390395685853527],[-40.04363217538121,-2.841084785289116],[-40.042674567169335,-2.840021793423105],[-40.03881475774327,-2.8419486157376075],[-40.03698435292822,-2.8405438336555213],[-40.0354310100254,-2.841482857288627],[-40.03501162422754,-2.840413382480953],[-40.03331350199015,-2.839873972005387],[-40.02914227570685,-2.841175963638635],[-40.02424275955931,-2.843608553781674],[-40.02074926454246,-2.8439093437325127],[-40.02066367155881,-2.843080149701846],[-40.02191200763693,-2.8425167306615564],[-40.02522717288127,-2.8423041635504394],[-40.028137515821534,-2.8405908469706413],[-40.028078447524265,-2.839889349547302],[-40.02696593527637,-2.8389383031629714],[-40.02554911796678,-2.8390535430613486],[-40.0089592031455,-2.843423655948917],[-40.00570513286398,-2.8435334833191748],[-40.00238526327616,-2.8445961357813028],[-40.00085764623709,-2.843794033291552],[-39.99914865669471,-2.8445287993810204],[-39.99132148216793,-2.845274874781936],[-39.98444695104355,-2.848625636264544],[-39.98424920261218,-2.848057813317992],[-39.98676672737344,-2.8455943503101904],[-39.9941686621423,-2.8403768717834814],[-39.99777328971714,-2.840472922153447],[-39.99696539082254,-2.8394097677538914],[-39.994625244910786,-2.8395470300579064],[-39.980064005486994,-2.8446372262277984],[-39.970906649886764,-2.8484703730382],[-39.96653773604981,-2.8514703153610768],[-39.96637580904963,-2.8508393464412474],[-39.96572594663515,-2.851206119150356],[-39.96013471067937,-2.856011742444932],[-39.95815144591766,-2.8567707355914678],[-39.95773418365196,-2.856399182535127],[-39.950675028849105,-2.860855893925727],[-39.94995974550488,-2.8606378549714333],[-39.9424208759131,-2.866356074705656],[-39.936604294249115,-2.868574643414427],[-39.93431580066059,-2.870796685034768],[-39.931565638600716,-2.871346656120799],[-39.9200711954872,-2.876707037105311],[-39.918008557998625,-2.877127102342974],[-39.914502131144054,-2.8795377492996894],[-39.91427043021978,-2.87853491423548],[-39.913409308759555,-2.8781772241985593],[-39.91044103544499,-2.879830778626329],[-39.89694123816748,-2.8844932473897473],[-39.891478458324045,-2.889831550846603],[-39.88665403057468,-2.8911233295041328],[-39.885058984429925,-2.890957040151389],[-39.88579552040286,-2.8891374598027073],[-39.888413774086125,-2.8888003253610446],[-39.89284178601797,-2.8868331606480395],[-39.896515967706165,-2.8829834392583704],[-39.90569556272872,-2.879535382427672],[-39.908381480996546,-2.8759054846168666],[-39.91002251560089,-2.874734101743297],[-39.91517101075721,-2.8740247202565223],[-39.922035983114505,-2.8718520536588623],[-39.92477360582673,-2.8720413028085074],[-39.92524937917886,-2.87165797193253],[-39.925153296107126,-2.870581020292414],[-39.92447682498536,-2.86915360689809],[-39.92296708949008,-2.8683657726207157],[-39.920890037577756,-2.869142989643828],[-39.918737347377835,-2.868364852186841],[-39.89635466426016,-2.878764201079348],[-39.88870661457679,-2.883759068007881],[-39.881823075748066,-2.892946115722758],[-39.87922798390698,-2.892469453467287],[-39.87574349258427,-2.89380774602611],[-39.87406428504941,-2.8950105012661336],[-39.872494829248296,-2.8971897407688068],[-39.87013751924594,-2.896377794786903],[-39.865282636836014,-2.898128740294115],[-39.86189421378421,-2.899906421709148],[-39.85179186437919,-2.9070665741759094],[-39.83766828827143,-2.918693454675339],[-39.829503641546665,-2.926593674262111],[-39.82247087473246,-2.9319775410408826],[-39.81862718031693,-2.9347118257450155],[-39.81472378255072,-2.935815685281198],[-39.80551572041852,-2.942667722640145],[-39.79999393513431,-2.9444668230966413],[-39.79797172199894,-2.9463351926094945],[-39.794714336484766,-2.9521058166989818],[-39.79371498664034,-2.9528485126638415],[-39.7926911851481,-2.952681702910593],[-39.79059500381275,-2.9509838316196175],[-39.78823798410408,-2.9507461641998205],[-39.78614330798032,-2.9511784808798502],[-39.7761955310535,-2.9560682194509234],[-39.75787321095362,-2.969197314277015],[-39.74959898520161,-2.97728903566563],[-39.74169814038751,-2.9820814198292402],[-39.732537840503426,-2.9905366812588032],[-39.728362129916825,-2.992879714152251],[-39.723422058857444,-2.9944920591973165],[-39.72073624251998,-2.997045966702429],[-39.71904386159156,-2.998252778282235],[-39.71287402869639,-2.9985349765687865],[-39.70615057731928,-3.0010047610222594],[-39.70211694803415,-3.0013119236690837],[-39.69564607533639,-2.9995925895910505],[-39.69142357509946,-2.996567747333533],[-39.688184616684204,-2.996534004297442],[-39.68035377600216,-3.0006293528658423],[-39.67676253606675,-3.001247851735892],[-39.67588208661058,-3.001990396383449],[-39.67033982529395,-3.010299419092385],[-39.665363571829594,-3.0163455574917566],[-39.660584852373034,-3.021100299814206],[-39.65639594677208,-3.0234963998362203],[-39.64980157924768,-3.0246492908947995],[-39.647063130512,-3.0239328689207126],[-39.644943361612825,-3.022617681502689],[-39.64346554849517,-3.019794167094862],[-39.6411318490894,-3.0190535501848896],[-39.63696525000052,-3.0189602685805523],[-39.63453747140508,-3.020206345909856],[-39.62934790803351,-3.021549772513155],[-39.61982684562648,-3.025983370061536],[-39.617857786987436,-3.027982735004488],[-39.61319185292118,-3.0397262432485004],[-39.611145767625416,-3.042432141936425],[-39.60936246556357,-3.0467176455047733],[-39.60565173514177,-3.0530866474721345],[-39.597848479799524,-3.0645323209461015],[-39.59213676205889,-3.0694184046999653],[-39.58068616968342,-3.0733023147792395],[-39.577447650337405,-3.072705683280009],[-39.57437539538407,-3.0713430046281953],[-39.56634970020816,-3.076299214557116],[-39.56286935738425,-3.07585023413891],[-39.558120056267846,-3.076090316334925],[-39.55671203111437,-3.076406637145352],[-39.55398047329631,-3.078347881641578],[-39.550484095501325,-3.0792462839768833],[-39.55350159446526,-3.088808121322051],[-39.55048409506355,-3.0792462837938603],[-39.54988331951008,-3.079132777467349],[-39.54518272739326,-3.0823068057437473],[-39.53802557752149,-3.0884044299299025],[-39.53312196373266,-3.0912313603504096],[-39.527409790490275,-3.0981461408044826],[-39.52281710873615,-3.1019598503046657],[-39.51996052040055,-3.1034931721930605],[-39.516685054831655,-3.104119823500319],[-39.507200920520084,-3.1102254369080526],[-39.50205831686716,-3.1116162006209596],[-39.49258397236444,-3.117245681503408],[-39.48689386809318,-3.119139295881427],[-39.475031768426284,-3.135036782488904],[-39.47195406801586,-3.1379929980982117],[-39.46280803989155,-3.1437323476696784],[-39.45466897665683,-3.1459531333625925],[-39.45087446327298,-3.1455715741234087],[-39.44786989503207,-3.146542176352481],[-39.44415813405197,-3.1462486435558183],[-39.44099668553006,-3.147476271831522],[-39.43809938241663,-3.1475856998803127],[-39.43636847778929,-3.148379905397559],[-39.43416373761612,-3.1504472555661827],[-39.42698173334405,-3.154494764746338],[-39.425690197954374,-3.1549190840587076],[-39.42142575930484,-3.154784990357615],[-39.412848076106904,-3.160373845409803],[-39.40254844972556,-3.172213485215561],[-39.396969894564855,-3.176768222786347],[-39.39081162431956,-3.178900992170703],[-39.38832727684928,-3.179143949046451],[-39.38182219354085,-3.1835785673665877],[-39.37968551570637,-3.1839886729522893],[-39.37893853175744,-3.182729247869488],[-39.378622785705204,-3.184657496652068],[-39.379137436358825,-3.185418487014109],[-39.381423886208616,-3.1863798841019295],[-39.38393854078564,-3.1862353272819326],[-39.38860993803496,-3.1840649260803024],[-39.390638762215374,-3.1838487277760414],[-39.39272508131386,-3.1845373010484948],[-39.39464025088312,-3.1860301996158165],[-39.39901195658992,-3.1848651979676887],[-39.39985536147267,-3.185927645926762],[-39.4005567158064,-3.189130062833538],[-39.40325773544756,-3.1905795489326367],[-39.40464330236047,-3.1896023978817114],[-39.404327779639225,-3.186572174965789],[-39.40469872670144,-3.1851789301907147],[-39.40631298390354,-3.184431476750056],[-39.40798497244671,-3.1851632676044512],[-39.40896463801385,-3.1935549718107787],[-39.40777499762413,-3.1961884476292006],[-39.405734293913916,-3.1988387302107664],[-39.40570457154712,-3.199660047023977],[-39.40794565606326,-3.2022200433344614],[-39.40846926200779,-3.205451548041949],[-39.409684550802865,-3.2074138428289345],[-39.41154188385865,-3.207030112300703],[-39.41401697132203,-3.203151418932444],[-39.41782626937966,-3.200899849641499],[-39.41899297858765,-3.2004924542582973],[-39.423541478672625,-3.200682066819058],[-39.42854357433352,-3.203600210431282],[-39.42987778538238,-3.2051315738117196],[-39.43040268966195,-3.207524982234383],[-39.43126019933711,-3.2080272814593176],[-39.43666529735979,-3.2064930552993673],[-39.440452012194534,-3.2072334523215726],[-39.444570655110496,-3.204574737372565],[-39.44838069860565,-3.2042140255636915],[-39.4491665156995,-3.204554318890314],[-39.44926227606489,-3.205290769187151],[-39.44750107826506,-3.2076372961760917],[-39.44826364081408,-3.2088337721187643],[-39.451693179856036,-3.209622153602777],[-39.453075184101316,-3.2114406913293845],[-39.45607508457915,-3.2099792431823735],[-39.45824308342425,-3.21208465623125],[-39.46062443835936,-3.2120117717482817],[-39.46257698192138,-3.211580035119051],[-39.462219117317424,-3.2101200888729893],[-39.45790815363592,-3.2086379920308445],[-39.45521707671907,-3.2083759003725505],[-39.45462141571576,-3.207658079451155],[-39.45481554545928,-3.207084835946816],[-39.461192838914506,-3.205022143240831],[-39.46516971547465,-3.204996398907999],[-39.47026841078017,-3.200042901525069],[-39.47360186921549,-3.1990839136150657],[-39.47450624348911,-3.197910622795916],[-39.47579190822553,-3.197335558289697],[-39.48012681722081,-3.1991766120992655],[-39.48038992475768,-3.201665847233272],[-39.48265280637332,-3.202933395569661],[-39.48353568389125,-3.2067148849666784],[-39.480559623013484,-3.2081045885823243],[-39.48034563635505,-3.2088227738646427],[-39.48091737729513,-3.2092772911470635],[-39.48336982059107,-3.208486236478968],[-39.48570419719253,-3.2098255487538827],[-39.486894669040936,-3.209370195555437],[-39.48791703560243,-3.2059468411746814],[-39.48498723621609,-3.204416328664189],[-39.484534350956594,-3.203506969535949],[-39.48460423798868,-3.200203752641934],[-39.48839046184915,-3.199938649543245],[-39.489771860167004,-3.2003927745336593],[-39.490153273907175,-3.2012303559384643],[-39.48943982261723,-3.2032413306679817],[-39.489940407828186,-3.2042942798565504],[-39.490869286948964,-3.2046050016792766],[-39.492273933914056,-3.2038623055119655],[-39.49217750395189,-3.2013969335255177],[-39.49289158764902,-3.200726379214881],[-39.496963636371554,-3.200604724743462],[-39.50051127570778,-3.1994301251624653],[-39.503821682340146,-3.2001226419257263],[-39.50525089796497,-3.2009596976989796],[-39.504990369018046,-3.2038560884192298],[-39.50608607310837,-3.2044300109410457],[-39.50789491120843,-3.202418484915056],[-39.50951406184793,-3.2020825725700446],[-39.51020503247534,-3.2028481801304047],[-39.509015433671394,-3.2050269540647425],[-39.509730574553295,-3.206510631321932],[-39.50801648175057,-3.207492863060338],[-39.507493456288174,-3.209264391739689],[-39.50820820868874,-3.209958179091293],[-39.510303677730114,-3.209693834827885],[-39.51070971203543,-3.2121111707783614],[-39.50911421746796,-3.2121598421117596],[-39.50880511254537,-3.2131174381868446],[-39.50930547379227,-3.213667716067251],[-39.511258045375484,-3.213355568671637],[-39.511402811072855,-3.2171373866005415],[-39.51092684442513,-3.2177599622181225],[-39.50961709691322,-3.2177845583403983],[-39.50799818321155,-3.2186470666099103],[-39.50704541521138,-3.2182166934489125],[-39.50697338353201,-3.217019926446214],[-39.50583083756767,-3.2180736832856423],[-39.50556972328637,-3.219773272400963],[-39.5069269020453,-3.219341745952256],[-39.50783284854457,-3.221399792405584],[-39.50690420100153,-3.2215917444322444],[-39.505546476219926,-3.220922213876461],[-39.506071328045934,-3.222836834411588],[-39.505072215732,-3.2250155127973645],[-39.50538218880166,-3.225805247067407],[-39.50619197173966,-3.226020267743195],[-39.50771521617116,-3.224296110726051],[-39.50712114702281,-3.2268815000865154],[-39.50897886866713,-3.227335351456337],[-39.509598690113535,-3.2286515214373166],[-39.50681265477362,-3.2290837697693506],[-39.507313392011454,-3.2303760641331807],[-39.5084565892854,-3.2306148503057583],[-39.508552096172004,-3.231117458922159],[-39.50640929779406,-3.2320759755907753],[-39.50579213409772,-3.2361214748348117],[-39.504244832468416,-3.237390858578912],[-39.50453203720972,-3.2402869750142367],[-39.50412757251265,-3.241053129671643],[-39.50512847711841,-3.242464855881137],[-39.50546296139455,-3.2446428663024145],[-39.50612994589254,-3.2450015715840705],[-39.506820326613145,-3.2445225035277203],[-39.50851165600337,-3.2455269640001707],[-39.51022855773394,-3.250026066638485],[-39.511681571167045,-3.2506715996372972],[-39.51277880811694,-3.2541656962867744],[-39.5148742799841,-3.2537337771077004],[-39.51475587648524,-3.2550503161503075],[-39.51688026940641,-3.264623618500242],[-39.518810085005065,-3.2662023927071058],[-39.52245775784958,-3.273907871812782],[-39.521315300467776,-3.275201011532498],[-39.51891058872203,-3.276399062199518],[-39.51660189127245,-3.2790810901552394],[-39.51586496846163,-3.2817144289709437],[-39.51479368545125,-3.2825048718082237],[-39.51474676433492,-3.283893182011291],[-39.51310437231906,-3.2855934856290454],[-39.51355758597888,-3.287005474141615],[-39.51210552900764,-3.288346638575285],[-39.51189240999298,-3.2907403463323077],[-39.511106473356044,-3.2906928796251784],[-39.51001139686443,-3.2915551382328854],[-39.50858208576657,-3.2908138555379294],[-39.50746325122617,-3.2917958043610884],[-39.5059388377962,-3.29136573349941],[-39.50498658780987,-3.292108234556833],[-39.50465606253839,-3.297853046103002],[-39.50627684194334,-3.300437305671651],[-39.510517332937965,-3.3029484084153715],[-39.51001810504035,-3.3047199281900146],[-39.510020538812974,-3.3094831868199],[-39.51214169760919,-3.312474085467867],[-39.51166660561085,-3.314867930518857],[-39.5100723733411,-3.317693202395511],[-39.50776277870871,-3.3188193871395026],[-39.50716811755652,-3.3202797874307657],[-39.50447700106001,-3.320520532456768],[-39.50193029100995,-3.3237531933256164],[-39.50233628266459,-3.3259550985188597],[-39.50090902738998,-3.3293786772535303],[-39.50236272990451,-3.33114919783173],[-39.50210158702432,-3.332800915038019],[-39.5035790057971,-3.334355997490703],[-39.502771356536606,-3.338521276531297],[-39.50529704015328,-3.3406981495706853],[-39.50329882438332,-3.3453906342672615],[-39.5036803216747,-3.3462281974153485],[-39.50265651285339,-3.3468510606883384],[-39.503109448278366,-3.347664650385367],[-39.502823987463664,-3.3483350058714683],[-39.503681495317466,-3.348526050901066],[-39.50411066637903,-3.3494353979018516],[-39.5031823047115,-3.3504172530322296],[-39.50313611468844,-3.3532417219742587],[-39.502398029946846,-3.3537208222740893],[-39.50044489490554,-3.353458531601042],[-39.49996883258359,-3.35400930518767],[-39.49918258963347,-3.353459178961887],[-39.49656297601217,-3.3539871092882168],[-39.49473029783185,-3.3564534510222237],[-39.4932062854535,-3.3570286897119743],[-39.49323058274084,-3.357986118343626],[-39.49418358489057,-3.3586079714135653],[-39.493183885707,-3.3598531517182604],[-39.49266132350647,-3.362677865577289],[-39.493733669914555,-3.3638023159897585],[-39.49335324034784,-3.3650950532200374],[-39.49475994085383,-3.368014531397188],[-39.49571274858857,-3.3682294682195324],[-39.495570435121465,-3.3694024060295553],[-39.49145093458155,-3.3712475758768616],[-39.49114315562734,-3.37493387754736],[-39.48950094942618,-3.3773522484081413],[-39.48644036143004,-3.380118415265667],[-39.48478566200536,-3.386194212362545],[-39.482000406011075,-3.3891110179963553],[-39.48185873496327,-3.391610012205769],[-39.4799304334157,-3.39356415582705],[-39.47988793577631,-3.39432534309349],[-39.481032046333645,-3.3960194442938416],[-39.47940336352537,-3.3969968492744913],[-39.47841714024973,-3.3966957457079348],[-39.47564545230504,-3.3982338145966184],[-39.47408770346311,-3.3981627750694776],[-39.47278753336864,-3.39879532753058],[-39.47213078360791,-3.4001025602216854],[-39.470373347086465,-3.400835865119886],[-39.47025993844819,-3.4027316580959606],[-39.4678999635425,-3.401798755618243],[-39.46778569500034,-3.4030118873621973],[-39.46788656307499,-3.400728851419456],[-39.46507589423246,-3.400514790702526],[-39.46350439720525,-3.4015926744410887],[-39.46190850832462,-3.401473762394536],[-39.460170106437396,-3.4021926798882953],[-39.46017033350744,-3.402671402052169],[-39.45805064058303,-3.402983584736259],[-39.455693199812096,-3.4042293847502174],[-39.45209798248251,-3.4071752294355475],[-39.44685905720477,-3.4096909803398012],[-39.44281222134721,-3.414791261587477],[-39.435739595674384,-3.418241318247438],[-39.43374051947883,-3.422048081477883],[-39.43101961887951,-3.431414030803475],[-39.33102265478767,-3.501615439447555],[-39.331351555634825,-3.5026451663002445],[-39.332948055298786,-3.5039850382416455],[-39.332710780941085,-3.506642066643102],[-39.33340037603517,-3.5064526560051723],[-39.33518782320006,-3.508821720951389],[-39.33694906012088,-3.5132785472277503],[-39.336258818129146,-3.514906473284202],[-39.333376525059435,-3.515242620829436],[-39.33273396121768,-3.5169902099524264],[-39.333234589774094,-3.518043233208093],[-39.33666522758023,-3.518927643918783],[-39.33766652267644,-3.521105493878766],[-39.33733376797402,-3.5231880825383346],[-39.33571417770247,-3.5240025079903567],[-39.33419041862183,-3.5263488269836065],[-39.33459624652645,-3.528742322024308],[-39.33681175558889,-3.528933010471682],[-39.34124321169412,-3.530511190878819],[-39.341745547807754,-3.532228105053612],[-39.34127049831141,-3.5360341670566577],[-39.34258137325028,-3.5378289114750605],[-39.34267715429942,-3.539169313726776],[-39.34367834777386,-3.5409641706668475],[-39.34496483662236,-3.541203054692707],[-39.345370213740146,-3.5422800402391434],[-39.351637644289795,-3.548046336945054],[-39.35273355583583,-3.548261345286975],[-39.355687120196286,-3.5471830740219925],[-39.35899867659729,-3.5478280712883943],[-39.36121368236045,-3.546606452505664],[-39.36311975794347,-3.547347729899633],[-39.363573898484354,-3.551225236207284],[-39.36224188635858,-3.5564678176860838],[-39.36233795256365,-3.55845449508222],[-39.364625950664276,-3.561062648878827],[-39.36565175290297,-3.5646766247286683],[-39.366867464041796,-3.5665671078931225],[-39.37049015316726,-3.570610885693788],[-39.37368333369136,-3.57285959937628],[-39.374185672966306,-3.5779338870068775],[-39.36940597699501,-3.578834034227915],[-39.36791026220248,-3.5797825153987084],[-39.364556247936605,-3.580511524223518],[-39.36189740651964,-3.5800721536487576],[-39.358694549310016,-3.5774499958614276],[-39.354396650158414,-3.576915498672556],[-39.3506789798643,-3.5735945672813885],[-39.34843933851901,-3.572867757796459],[-39.34358027865978,-3.5751291883126295],[-39.34110266820593,-3.5751109667315686],[-39.33590963952542,-3.576242686429806],[-39.3319936496201,-3.5777377479819843],[-39.32848667931136,-3.5771932653683134],[-39.32412240327675,-3.5775778061527808],[-39.31488386215187,-3.579942676828103],[-39.30692172222419,-3.664019367661565],[-39.305625043167495,-3.6654236273827094],[-39.30431102332529,-3.6688278343319283],[-39.3033678666702,-3.6698334851947205],[-39.29837932623736,-3.6715155066026517],[-39.29729265901601,-3.670869586540385],[-39.29524858669542,-3.6714016551436575],[-39.29301912028414,-3.673312518821134],[-39.29141794772155,-3.6730688927967488],[-39.29004611543797,-3.674720955095642],[-39.29007536531791,-3.6767603300609157],[-39.2890320086507,-3.6774356773501076],[-39.28614396454936,-3.676359471398804],[-39.28392730763849,-3.673674511966702],[-39.27842998374321,-3.674221216967342],[-39.27672429458165,-3.7370583526495422],[-39.21362056886707,-3.6929319021295752],[-39.14332579065855,-3.7039420922344273],[-39.0015374548661,-3.684967426746372],[-38.96150860894773,-3.711981913858612],[-38.9601647400694,-3.7123983530202698],[-38.95957852443715,-3.713891977515358],[-38.960093069629636,-3.7166064246912565],[-38.96140825421606,-3.718444823157458],[-38.96087920446132,-3.7203405876061604],[-38.95771963073566,-3.721733558007889],[-38.95566105032737,-3.7196078764532032],[-38.95494623613027,-3.7194929438892634],[-38.95368809832382,-3.7205413065174775],[-38.95328770488729,-3.722322176662549],[-38.951629242953864,-3.7236864793859543],[-38.952515532238806,-3.7253956088147846],[-38.951486139098044,-3.7262285499805],[-38.95151468807681,-3.727032824948064],[-38.95338744823382,-3.7286271111917366],[-38.95475990195692,-3.7289144235563496],[-38.95561760855434,-3.7306379103379443],[-38.95455957171352,-3.7323900230381444],[-38.955317174990306,-3.7347023477587404],[-38.95634650406208,-3.7352960299666167],[-38.95602236457669,-3.736942859005347],[-38.95682289442112,-3.738666341536665],[-38.95558363808971,-3.742802541542639],[-38.957013254970285,-3.744047321484142],[-38.95564068834041,-3.745521753545191],[-38.95575492918643,-3.7481835202069247],[-38.95529738387233,-3.749083516702833],[-38.95771797748748,-3.7562454967969767],[-38.957679699905555,-3.759405138416],[-38.95659312443239,-3.7594050848758265],[-38.955773366364774,-3.7606114528222636],[-38.956516685610914,-3.7631966528730914],[-38.956040019348556,-3.7651115640140045],[-38.95689780245711,-3.7660307758429123],[-38.95708831766952,-3.768347856647028],[-38.957698283995676,-3.769324503421803],[-38.958613308906806,-3.7692479501537224],[-38.96659216682229,-3.773834937480098],[-38.97555291944395,-3.7763282426384825],[-38.9784695142413,-3.7787411381106275],[-38.98150042521704,-3.7848881489343147],[-38.98281568440042,-3.7903457396003866],[-38.98338709274547,-3.8161399101107674],[-38.98487401432283,-3.8200464014321036],[-38.98813390383737,-3.824757188153804],[-38.991336662084805,-3.826882802150865],[-38.9944937836012,-3.8307695583316743],[-38.99578062590744,-3.8303147691363493],[-38.99651936520758,-3.8307695689921637],[-38.99768704513562,-3.833857401867269],[-38.999343624426835,-3.8353851470561646],[-38.99945049613648,-3.8383096228697813],[-38.998115980574084,-3.8396979469252925],[-38.99964113786196,-3.8452991256311324],[-38.99802064187433,-3.8467353224378247],[-38.99825894520835,-3.8491050512598255],[-38.997278464971394,-3.849897121343055],[-38.99691909915195,-3.8510403863658085],[-38.99462025880971,-3.8524409442953544],[-38.99327825028483,-3.854323215550774],[-38.992682455618976,-3.856549318615786],[-38.99199135610393,-3.856333882570999],[-38.99232500497963,-3.8548019403760256],[-38.9913363840386,-3.854457826753899],[-38.99055471191959,-3.855759971909204],[-38.988389685871276,-3.8569130730248378],[-38.98882757650814,-3.858198184972558],[-38.98809689312356,-3.858901466175124],[-38.98791618576637,-3.860259443777411],[-38.98665312595304,-3.860690284375292],[-38.98590282712294,-3.8594557250892123],[-38.98550243817342,-3.860949364785086],[-38.984484466133466,-3.8618152695681074],[-38.98438744174818,-3.864495534227031],[-38.986297260366385,-3.863737989255324],[-38.987322049522,-3.86653360171948],[-38.98670342915405,-3.867498449105836],[-38.988209963892935,-3.869328567354585],[-38.98716093220675,-3.871462363223408],[-38.985914190021276,-3.870911217145964],[-38.98581792110219,-3.871873109914978],[-38.98513195166993,-3.872074448911143],[-38.98684358071324,-3.8733288322873283],[-38.98390070878665,-3.875368766090294],[-38.985056154008596,-3.8767517411259367],[-38.98498464343059,-3.877637395247124],[-38.98424383295541,-3.8781262726125845],[-38.98307812176318,-3.8770150067262823],[-38.981529042179886,-3.8780203127597614],[-38.98195594449388,-3.8803092474865957],[-38.981028523390485,-3.880413964705147],[-38.98076635894792,-3.881084184394112],[-38.981719599447466,-3.882496466731333],[-38.980647514117265,-3.8832653921496862],[-38.98007556865029,-3.882475470079489],[-38.97821663957135,-3.8843424810308345],[-38.97833541390151,-3.8851772887871494],[-38.97933635603304,-3.8850576308143454],[-38.97862135676067,-3.8867571134370964],[-38.978883485964914,-3.887642775206597],[-38.97874047384599,-3.8884566168621757],[-38.977811032330834,-3.888241163235024],[-38.97740586968678,-3.8889592511912214],[-38.97843062344391,-3.8898209965731096],[-38.97897869752267,-3.892334355922736],[-38.98038093761991,-3.8940590234822015],[-38.978398071455025,-3.8953324030870906],[-38.97812158858753,-3.896481353720008],[-38.97568117644552,-3.8962897936111798],[-38.97428933161231,-3.8977546732430577],[-38.97301192422419,-3.897735483840048],[-38.97192520020527,-3.8969503270950394],[-38.97020864326695,-3.898309254597751],[-38.96974396949661,-3.8967653261016935],[-38.96872215999729,-3.896691698373222],[-38.96731121492709,-3.8987214697766372],[-38.966844026755616,-3.9006555300360053],[-38.96550939581942,-3.90117250709383],[-38.96415560077937,-3.9039682468184935],[-38.963269007605085,-3.904600134996515],[-38.963516827664385,-3.90546186387022],[-38.96107636636017,-3.9058543144365117],[-38.96193043513062,-3.907778857212464],[-38.960595755559346,-3.909033073791508],[-38.96072915816108,-3.9103160823015926],[-38.959146583796304,-3.9121830619011173],[-38.95815503375178,-3.914442628481409],[-38.959060595180475,-3.9161182357038062],[-38.960982644174756,-3.9173707259189317],[-38.96128166742103,-3.919172652348878],[-38.96222539935893,-3.9202546300774275],[-38.96245406290059,-3.9232132044696177],[-38.960747610811715,-3.923481215813918],[-38.95844045845368,-3.925941786446084],[-38.959125274725466,-3.9266018572137296],[-38.95888846745258,-3.927004593657823],[-38.95663858099954,-3.927885346367925],[-38.95540869871209,-3.9296757388332995],[-38.95401681891537,-3.9301256711012442],[-38.953902371957454,-3.930996956823623],[-38.95508525014889,-3.9326336713354295],[-38.95469432483968,-3.9337538827161422],[-38.95054489058599,-3.934859516823863],[-38.9498504366704,-3.935946809677944],[-38.947827802661074,-3.9363673559053813],[-38.94704120541964,-3.9379112161157286],[-38.94694354588739,-3.9424794376718615],[-38.94547765791777,-3.944442142561616],[-38.94346614316556,-3.9446728853741653],[-39.00354611128131,-3.991770571749152],[-38.98415955562125,-4.044386321942897],[-38.956597302351426,-4.072824144130353],[-38.95925228692862,-4.07444729599988],[-38.96079559728317,-4.074461847850519],[-38.9604638367562,-4.078851384416617],[-38.96004484848144,-4.079836570313236],[-38.958125864710766,-4.079214046197884],[-38.9555292665577,-4.080532038678225],[-38.95573088350147,-4.084096525237976],[-38.95395587590116,-4.0864431887261965],[-38.95495126972874,-4.089311923861557],[-38.95295994272634,-4.092947754189655],[-38.956567281483785,-4.094976270885249],[-38.95607616796885,-4.096599255906763],[-38.95867366689189,-4.096280944017941],[-38.95873126999818,-4.097425378447593],[-38.957562693313676,-4.097874042884508],[-38.95744726849057,-4.0997865489395275],[-38.95673999480745,-4.100032586274466],[-38.95489309846383,-4.098424852044882],[-38.95333532538402,-4.098439237542788],[-38.95259919088096,-4.099191895241902],[-38.951762025695935,-4.101959287903049],[-38.949468067767704,-4.103320702311192],[-38.94871756221809,-4.103248279314487],[-38.946957214825744,-4.100930351924181],[-38.94606367986698,-4.097540423563092],[-38.945068158834744,-4.096859125112518],[-38.944749910283306,-4.099887096157599],[-38.942888457593455,-4.100611620706843],[-38.94364994809082,-4.102573515350822],[-38.94352232110217,-4.1035844639571115],[-38.931125352210834,-4.103349132491859],[-38.92778014805298,-4.104305011850295],[-38.926043734330925,-4.105997745194295],[-38.92608140481984,-4.111207905369011],[-38.92507697614177,-4.113387441826185],[-38.920073196013824,-4.117089880457248],[-38.91902745628346,-4.119259583443145],[-38.91546822430004,-4.12002848144278],[-38.91210779418914,-4.118137755506836],[-38.90995574334709,-4.115561035727528],[-38.90748632342634,-4.109257390994049],[-38.908225425528265,-4.10357175332632],[-38.89178608358723,-4.107552617938497],[-38.891373140962024,-4.105923843025977],[-38.8885643250869,-4.103691694998497],[-38.88767131701546,-4.102015490752355],[-38.88657471523123,-4.102001290718496],[-38.886221483051436,-4.102954338410916],[-38.88664507399252,-4.105326303975369],[-38.88601963735836,-4.1063263227492115],[-38.88319531401545,-4.107210199222005],[-38.88140028856451,-4.1061944887475885],[-38.880346239513095,-4.106994911805474],[-38.88383137086162,-4.113835878970151],[-38.88162718085531,-4.113496651169174],[-38.87973248740834,-4.114053900284548],[-38.87236792679437,-4.110962510889853],[-38.870634964534965,-4.112838171787034],[-38.870762924786334,-4.114759885564531],[-38.867318075482565,-4.116400415272638],[-38.86585391572676,-4.119961739020705],[-38.86423397688329,-4.120476540458714],[-38.86366313572237,-4.119832248887802],[-38.863531020524455,-4.116644225779508],[-38.86209580155881,-4.112222623980081],[-38.86091474231479,-4.111305091538708],[-38.85724942607683,-4.1109700301273],[-38.85616416273284,-4.109455799310331],[-38.857067760876575,-4.107601649020538],[-38.86298749940108,-4.106107525904503],[-38.86344310751468,-4.104945403382599],[-38.86207871291472,-4.104582371658995],[-38.85569257710828,-4.105134491330648],[-38.85358775256253,-4.107323120976274],[-38.85256910526329,-4.107493353131479],[-38.85042129963158,-4.105142613477836],[-38.84603335407127,-4.106148124282052],[-38.84347934267887,-4.10445272570222],[-38.84071009661207,-4.104133148406192],[-38.84016716242997,-4.099844771130104],[-38.84148294803811,-4.095045140312331],[-38.840459389996354,-4.090412104591152],[-38.84066418198671,-4.086296768320919],[-38.83764563265666,-4.081370071507901],[-38.83761381624324,-4.076785056521701],[-38.835979205506675,-4.07395194647009],[-38.8344877581818,-4.072640944405515],[-38.817408806751786,-4.084740647044522],[-38.813990972880916,-4.080739304850194],[-38.81121974861787,-4.080985184102962],[-38.80994940371181,-4.0803567947552235],[-38.78467506348689,-4.094252883509886],[-38.78099823889977,-4.093741015533423],[-38.7749168364816,-4.0971743428175165],[-38.77395540111683,-4.096431233752469],[-38.77090323743985,-4.096593136208437],[-38.77016979262973,-4.095676124900624],[-38.76907845308659,-4.089365293159152],[-38.767105819256,-4.084891161665139],[-38.76322156535691,-4.081263929742613],[-38.76155709673507,-4.077487471037199],[-38.76166946717735,-4.074512352095422],[-38.76048481337043,-4.072593447674645],[-38.758798081313486,-4.073521499252509],[-38.75838524959257,-4.074217246994934],[-38.758827701169,-4.074706933886268],[-38.7580217778903,-4.074893955325231],[-38.75899301700871,-4.0761390901015435],[-38.75732780274317,-4.076100174736628],[-38.756225433487586,-4.076911515291291],[-38.75575193503561,-4.079385977137577],[-38.757029976783215,-4.080174130187229],[-38.75707895766134,-4.081158100082921],[-38.75390657517481,-4.0847595191852095],[-38.75208800023523,-4.084454652182948],[-38.75099660474788,-4.085083417960347],[-38.75128004748454,-4.087395940170915],[-38.74918139977482,-4.089574573416641],[-38.75043497710916,-4.089770195359979],[-38.750707862308786,-4.090591330207701],[-38.749802769730586,-4.092084647542799],[-38.74850386499997,-4.092968935999955],[-38.75501067238913,-4.128279233062804],[-38.76907510691332,-4.128301548866638],[-38.7729234163687,-4.13197822704133],[-38.7749936167574,-4.1312476734528945],[-38.77671040728568,-4.12983591735794],[-38.781799804823116,-4.130513536071853],[-38.78442087906962,-4.134942471902036],[-38.78757240799998,-4.135521584999841],[-38.78956930599985,-4.134467441999964],[-38.79065114699989,-4.135117470999947],[-38.79121409720317,-4.138325298913324],[-38.79052609816854,-4.140661558403495],[-38.78882114318841,-4.142166722743934],[-38.77561566871744,-4.1624730771292535],[-38.75672271697113,-4.157229387015879],[-38.74923024403661,-4.158868555712169],[-38.71918228370383,-4.168317223411611],[-38.71517998179986,-4.173101497452369],[-38.71751780895319,-4.1871751629797815],[-38.71648731089755,-4.1888215975311835],[-38.71576249904015,-4.188993674491828],[-38.713890381976256,-4.187997404003823],[-38.712606911447196,-4.18804481301735],[-38.71283270718845,-4.186492166332198],[-38.712357347733175,-4.1856269496674665],[-38.70902983154655,-4.186101041109068],[-38.70656984636578,-4.184678765923143],[-38.70563101144167,-4.183730581030566],[-38.70431758549503,-4.180608278719871],[-38.699831626087864,-4.177531794027318],[-38.699237426768825,-4.175647258246304],[-38.69776381245757,-4.174130144392397],[-38.69740729286613,-4.171664828127331],[-38.69573165078647,-4.171178875450589],[-38.69451948417563,-4.1700647389107175],[-38.69321224567374,-4.16948396498174],[-38.69219374523932,-4.169873136867271],[-38.69055367774064,-4.169585258529636],[-38.689161699813944,-4.1689049229246065],[-38.688523200448515,-4.167870629886801],[-38.68686407851855,-4.16755401334815],[-38.686014601170406,-4.169526009089787],[-38.685070434584865,-4.169803289573199],[-38.68262999127827,-4.16792571653691],[-38.68160937678737,-4.16860508839328],[-38.67776688721149,-4.167425865155089],[-38.6771473239736,-4.166764974739694],[-38.67764349761644,-4.1660087982391625],[-38.67732909088252,-4.165328884319762],[-38.673906710267914,-4.162914714539957],[-38.67326379957759,-4.161076156771187],[-38.6724915713149,-4.160659347816232],[-38.66940153514244,-4.161706454876471],[-38.665452024585036,-4.15967354042923],[-38.66466476079704,-4.161001656494274],[-38.66480747389872,-4.1617676711972775],[-38.66314048104088,-4.161669499558121],[-38.65949273284923,-4.158342533035017],[-38.65468942297642,-4.157586454893515],[-38.65304434463731,-4.157956739930553],[-38.65107671740713,-4.159954528182378],[-38.64622574209425,-4.159174441104455],[-38.644449530513626,-4.1595685845753225],[-38.64114844025376,-4.158095021731259],[-38.64015579652649,-4.159793410348822],[-38.637294277963164,-4.16152266821156],[-38.63329148075444,-4.1621964202377715],[-38.631574439697026,-4.16348816001291],[-38.629250140803414,-4.163379355218544],[-38.62822318289054,-4.164362297004633],[-38.62631781267839,-4.163533550315257],[-38.625685670932704,-4.164371007970817],[-38.623623282023964,-4.16494448566001],[-38.62350373745533,-4.16567447483366],[-38.620226113028764,-4.165026626756904],[-38.61958325116824,-4.163350800025326],[-38.61876479977703,-4.163454339536297],[-38.61826568392637,-4.166512883584258],[-38.61905830391211,-4.167282121199992],[-38.61929001951992,-4.170216432457155],[-38.61767950659704,-4.172980249285657],[-38.61720917359651,-4.1754385862863],[-38.61660623178793,-4.175961469596344],[-38.61681615492283,-4.176950342588473],[-38.614439400420736,-4.182920166785686],[-38.57512587495334,-4.229962421690624],[-38.57047401835488,-4.235484487230821],[-38.56722933206799,-4.2500088364602],[-38.56065045872347,-4.2582368008677145],[-38.5478203873514,-4.271520832199745],[-38.5539364294716,-4.283328893044764],[-38.5484115069252,-4.323063601138944],[-38.53390700263907,-4.368875002726825],[-38.53304510240056,-4.369094590453729],[-38.53094727515246,-4.371421561820851],[-38.53013943389151,-4.371296077234706],[-38.52789159166032,-4.373261804764212],[-38.52618265780662,-4.373192369129924],[-38.52632447800527,-4.373986061005151],[-38.52382960193236,-4.374516855578668],[-38.52002165110642,-4.376990542884509],[-38.51796835229992,-4.377232430988619],[-38.51678235080914,-4.37676110527699],[-38.504683660083764,-4.3792377396262605],[-38.50381911272952,-4.38051150646271],[-38.50280164728692,-4.380800983064769],[-38.49409449784446,-4.388792840145512],[-38.48741192046569,-4.390150998302116],[-38.486183134929455,-4.387708745208774],[-38.471687645398475,-4.390460756721946],[-38.468700680104945,-4.395458539266946],[-38.46216681107266,-4.395915979173335],[-38.44339672815376,-4.409082695582455],[-38.439085651507995,-4.406575547137901],[-38.43681968218817,-4.383867233635597],[-38.36761453697959,-4.464383576938303],[-38.362469067674255,-4.468854929668981],[-38.358751189987096,-4.47978509176769],[-38.361658324524456,-4.491851087097099],[-38.36038236965814,-4.50146814044689],[-38.36203285580766,-4.500942390102323],[-38.36178630127587,-4.504829295059764],[-38.362749464398,-4.507967099825259],[-38.3645248358357,-4.509587248274994],[-38.36829764920215,-4.511161265998819],[-38.37028773647636,-4.512724744568975],[-38.377457950213895,-4.515712322078139],[-38.37906604685226,-4.517779582872552],[-38.381301621165065,-4.51818240360438],[-38.38229929576911,-4.5194054321235475],[-38.381456841460746,-4.528492499539527],[-38.376021843533415,-4.528671829756045],[-38.37329856597714,-4.530280590094423],[-38.37161093239985,-4.530554376102216],[-38.37018017128157,-4.533712531628246],[-38.367339509716274,-4.536567270286192],[-38.36801594289035,-4.540363030751994],[-38.365144363530604,-4.541029188271693],[-38.36502986364745,-4.542412819521559],[-38.364451327077404,-4.542597804671004],[-38.3686560074842,-4.548271063581943],[-38.36896267090923,-4.55217121465323],[-38.36780273343089,-4.555803803027811],[-38.3694544552834,-4.559177072787484],[-38.36787376278881,-4.559815940378564],[-38.36911775630654,-4.56236758951707],[-38.370952626891196,-4.564286978384426],[-38.370476319860124,-4.570303179372409],[-38.36925200261335,-4.572511586066204],[-38.368828351785446,-4.57624354862715],[-38.369871321643316,-4.576860789319394],[-38.375869492123456,-4.5771217698741475],[-38.38057343946425,-4.57840495729265],[-38.38612193971809,-4.578427691596664],[-38.38843499332344,-4.579099850288081],[-38.38876225841526,-4.579921396265457],[-38.385155646061556,-4.58226691539917],[-38.38631850184576,-4.5856741489555],[-38.38757610858015,-4.585663261188413],[-38.39225035002106,-4.583740493236665],[-38.39345957664698,-4.585237453452376],[-38.39256635200591,-4.587314544738152],[-38.39398608474306,-4.590219356744733],[-38.396785186840766,-4.590876947295495],[-38.39863993423932,-4.590597277944844],[-38.401165284507314,-4.594180668903945],[-38.40768399068338,-4.596533238714009],[-38.408255185189724,-4.598067047751817],[-38.40619460096417,-4.602054993341172],[-38.4061970165468,-4.606334866059601],[-38.407671756315544,-4.607727316059952],[-38.412112734486264,-4.609696664063549],[-38.414098552680414,-4.613263122587453],[-38.41770274316242,-4.614006576831578],[-38.419418082156454,-4.616572020670431],[-38.422806312141596,-4.618932385806713],[-38.42310348232089,-4.620165281687986],[-38.421250246684075,-4.622163840576121],[-38.421099121911595,-4.624678389983427],[-38.42202562237018,-4.625669458166101],[-38.423480666984844,-4.6256945789274955],[-38.4289759509688,-4.629383533205146],[-38.43323767177635,-4.63579706815881],[-38.43402889801256,-4.638204671986255],[-38.43625236659083,-4.63860736283567],[-38.437487947808016,-4.63792619871043],[-38.44029792271063,-4.640230687169681],[-38.443827890345425,-4.64078996835257],[-38.445809916096344,-4.641876086780596],[-38.445552475269224,-4.643168380185583],[-38.44613057117209,-4.643641553083765],[-38.448703461399425,-4.644135734143239],[-38.4499801119993,-4.647405370527014],[-38.44918498450819,-4.649943367958732],[-38.44946456304867,-4.650859104430622],[-38.4527473412269,-4.651111485670224],[-38.45429072804618,-4.652659491404908],[-38.457891847119946,-4.653416157725875],[-38.46076963223387,-4.6526540122179245],[-38.4625359259519,-4.651262634991754],[-38.464176074442975,-4.651066420003249],[-38.46606310662438,-4.6477139360936945],[-38.46621925866574,-4.64625400848893],[-38.46859712336519,-4.645220607894437],[-38.47260591344119,-4.647542340852854],[-38.475019433011674,-4.649898769657243],[-38.47766175449734,-4.6493143209416194],[-38.481796096799386,-4.65046626553339],[-38.482817153200706,-4.64953952556673],[-38.48653758275389,-4.650709073018239],[-38.49002094222532,-4.649945692671601],[-38.498792323321965,-4.651576597007137],[-38.50483680619232,-4.655416508784736],[-38.505980944384895,-4.656697852942615],[-38.50678945649119,-4.660363516581795],[-38.50825491705589,-4.662698237551379],[-38.513407180722865,-4.663336112285041],[-38.515779469075206,-4.665231636742202],[-38.517197168444724,-4.667697954607517],[-38.518607557226986,-4.67215389209823],[-38.52507076983674,-4.674557822190164],[-38.528003031853764,-4.677503855520741],[-38.528895239926086,-4.680590417186945],[-38.52953708267016,-4.6796209374562565],[-38.53122858352897,-4.680325907944648],[-38.53365801561804,-4.679682519332872],[-38.536325526187866,-4.680196320207494],[-38.53801808521784,-4.679908858071686],[-38.543447321236826,-4.676276624066848],[-38.54718823025257,-4.675393857640379],[-38.55009520602889,-4.673255905635457],[-38.550195884232615,-4.672494823777069],[-38.55287206249561,-4.673142792505836],[-38.557210383952,-4.671287742934965],[-38.55809698328906,-4.672255708434134],[-38.557609907770974,-4.673279422906996],[-38.55827757165255,-4.673471080126196],[-38.56151790902424,-4.6721860496464025],[-38.56275279060877,-4.671127677999869],[-38.56427093615474,-4.672383622606048],[-38.56907740150084,-4.673216372337641],[-38.57274352748623,-4.671371116467893],[-38.5736896344194,-4.6696063506559025],[-38.574238034118274,-4.6699124376054],[-38.574701586098975,-4.668985088137244],[-38.576225461239545,-4.6689594000280765],[-38.58307056117033,-4.671398945160341],[-38.58523312769232,-4.675367549698786],[-38.58689658741096,-4.676188325958448],[-38.58776795675938,-4.675105754394033],[-38.588901064541005,-4.675178226435965],[-38.58929337702409,-4.677422417800361],[-38.59359263964758,-4.678735399450862],[-38.594164526690925,-4.6798726718914745],[-38.59546433587492,-4.680465830628961],[-38.596941991983655,-4.682938033821104],[-38.59822392728324,-4.6835132259101995],[-38.59849258777094,-4.68302270056184],[-38.60041270266902,-4.683550383855606],[-38.60119420979318,-4.6831618759600415],[-38.60424698799964,-4.68458777879816],[-38.604371395011384,-4.686077842023072],[-38.60791290192866,-4.688120349921536],[-38.6085742605735,-4.6892935662032365],[-38.609760644384316,-4.689728969399349],[-38.61009515158318,-4.690889280975842],[-38.61231569917874,-4.691866048781371],[-38.61388248094972,-4.693410327891553],[-38.61574891530163,-4.694021717517475],[-38.616267185577506,-4.695135010098221],[-38.6173881789235,-4.6956203225325694],[-38.6179181042699,-4.697242253804972],[-38.621407843461355,-4.695927694870115],[-38.624967228747096,-4.698191538626403],[-38.62942192235368,-4.6992111870761715],[-38.63098384429693,-4.700528478710022],[-38.63438428609808,-4.698890675846667],[-38.63622891543584,-4.69935317463268],[-38.63837136124923,-4.693338347886412],[-38.63822970813446,-4.690451634735098],[-38.63794364638211,-4.690035005810848],[-38.635782276031186,-4.690005160010019],[-38.63324947398397,-4.68858205751588],[-38.63943468276437,-4.685353963514522],[-38.64241308989215,-4.683086392223179],[-38.64652197361014,-4.681379472684462],[-38.65464895991926,-4.681387929968812],[-38.65730948647479,-4.675585036622645],[-38.658609075702344,-4.669704482049467],[-38.66358062714857,-4.6607575361749065],[-38.66631803192089,-4.661179779580138],[-38.667531845075295,-4.662044214954464],[-38.67022513233955,-4.666604249786117],[-38.67099576655249,-4.666586970426456],[-38.67402267968826,-4.664348714244643],[-38.676275358409306,-4.6581419714846986],[-38.67795235562801,-4.656998978039948],[-38.68101924695739,-4.656341691161368],[-38.689173616526965,-4.651986677671486],[-38.68991830561955,-4.649824139751761],[-38.68907170471198,-4.64794107275012],[-38.68667050141188,-4.646383085670482],[-38.686582755351694,-4.644997104133485],[-38.69006225486479,-4.642064458365523],[-38.691750645743284,-4.639666755346399],[-38.69185770986336,-4.635821622691601],[-38.69308501265931,-4.629850021906897],[-38.693927028963266,-4.628747150054844],[-38.697708811671184,-4.62750395778344],[-38.69864620203913,-4.62598443245291],[-38.70065212510177,-4.611818149945558],[-38.70774813956521,-4.610800734191104],[-38.71242145754788,-4.612462792855337],[-38.71614665094714,-4.614697149553769],[-38.71863167088985,-4.620165252546574],[-38.73272791993203,-4.618540406854272],[-38.73906693627793,-4.618467228237228],[-38.745774796007,-4.6204055628121985],[-38.75273451812785,-4.623870460332728],[-38.75638687089618,-4.6248364643727795],[-38.75900450055386,-4.624947276883927],[-38.763113619624285,-4.623455689097078],[-38.76571379975272,-4.623236966743776],[-38.76702028262442,-4.625377867747444],[-38.768946356338326,-4.630754354070422],[-38.77068414082395,-4.63186988465786],[-38.77244712404095,-4.6321467383622705],[-38.776180348319016,-4.627614722671111],[-38.77853260405695,-4.629345642532293],[-38.78216305039548,-4.630530349175543],[-38.78287194471003,-4.631222005961592],[-38.78374125274871,-4.635115700026082],[-38.78279726293554,-4.638110771636664],[-38.78275294516282,-4.640631709748043],[-38.78421681518162,-4.6411651903745605],[-38.7866806743444,-4.639556984612267],[-38.78767717234205,-4.639720486743128],[-38.79000185323616,-4.646203775779178],[-38.79216587760623,-4.647859962785049],[-38.79581324529894,-4.648933695903846],[-38.801397068619345,-4.648927964402626],[-38.80227124990685,-4.6493566617001205],[-38.80326991466177,-4.651524170393414],[-38.80322267240779,-4.654112509424994],[-38.80459250831822,-4.658706715879213],[-38.807101639933855,-4.661435623865757],[-38.81079625726844,-4.663185536614874],[-38.81206545448023,-4.664350007588312],[-38.81372289875003,-4.669295740864102],[-38.813667593114104,-4.671474715515443],[-38.81490892569801,-4.672383332973658],[-38.82090245095602,-4.671387942612444],[-38.823506305069756,-4.6714668564363935],[-38.83099437600198,-4.6682517808060435],[-38.831944674082244,-4.668408879079478],[-38.83463759260669,-4.670453895281103],[-38.836543697445364,-4.669596894996623],[-38.837843840833905,-4.669740133926656],[-38.83961939299542,-4.671609685009804],[-38.84611006559528,-4.671385242192582],[-38.85307000613853,-4.667447430924451],[-38.858223555071106,-4.6670147876475045],[-38.86966224266026,-4.677912615802361],[-38.87153401787283,-4.679289602161864],[-38.87452506023704,-4.679519275564148],[-38.875741622978616,-4.681334809449956],[-38.87778150371337,-4.686163624951271],[-38.87765264435397,-4.687317164655375],[-38.87535077012287,-4.688867045311948],[-38.87535148356209,-4.689927321147258],[-38.876128541612964,-4.69098683104706],[-38.880946642255765,-4.693711548505964],[-38.88179777090815,-4.704756839427252],[-38.88343093771066,-4.708995505972717],[-38.8871465109037,-4.709947923952064],[-38.88978344024468,-4.712282130667937],[-38.89125877713819,-4.714809655513122],[-38.9013718461148,-4.712529580197247],[-38.905055244323236,-4.713040418977925],[-38.90512100973794,-4.714140601054323],[-38.90136485572846,-4.718617574009216],[-38.90138225920473,-4.719893255080497],[-38.90565701324031,-4.7212770940298165],[-38.91160289053646,-4.728740522488193],[-38.917550384193575,-4.731242675616943],[-38.919320311260854,-4.73347299351955],[-38.921299395413776,-4.734619260287253],[-38.92332870582326,-4.739101236097641],[-38.9307985880629,-4.740456319898006],[-38.93826780288121,-4.739513453037727],[-38.942111810964676,-4.740887984031817],[-38.94376047509888,-4.74079358224077],[-38.94437307513141,-4.7379628200159045],[-38.943903989986524,-4.735729685949636],[-38.94626585245155,-4.731776542988797],[-38.946080399406014,-4.7278538648070505],[-38.946627968082,-4.724954429189592],[-38.9497400412684,-4.721781067000045],[-38.95121648968722,-4.716972832363781],[-38.95293257362982,-4.715093943669659],[-38.956048892389425,-4.714950304184421],[-38.95754673416368,-4.713257753038052],[-38.959656801498724,-4.712023903765961],[-38.96362552257881,-4.7059718533398955],[-38.96508812863441,-4.704948742088989],[-38.96360331892275,-4.699452769433933],[-38.96097869824134,-4.695883688251909],[-38.94963897271876,-4.685178944651742],[-38.949245025752305,-4.684020028815839],[-38.949245130117646,-4.682571645286678],[-38.952020963003,-4.679221830745233],[-38.95067511129296,-4.6751637723706585],[-38.95050359546397,-4.671602064281973],[-38.951668378449526,-4.669534844697279],[-38.953151415278654,-4.664106526906049],[-38.96461571377526,-4.665279003521022],[-38.971908204587265,-4.669283249260625],[-38.97462080841841,-4.669869928497493],[-38.977465889015306,-4.669705911070954],[-38.978222895191564,-4.668450542859206],[-38.97686754237504,-4.665532865251367],[-38.97677228950042,-4.660346208905046],[-38.977398547048644,-4.658974392038719],[-38.98516967409302,-4.65316710322771],[-38.99194464770791,-4.653128316688607],[-38.992654398678624,-4.64841740070849],[-38.99406784462858,-4.646586301674332],[-38.99708554302349,-4.646418768017475],[-38.99816499484891,-4.64694985371691],[-39.00029408398996,-4.649557395775905],[-39.0042898759232,-4.651047405082068],[-39.00655614328484,-4.650796058074789],[-39.008691189650776,-4.649380813766194],[-39.01134501976265,-4.644131288235482],[-39.012889618667636,-4.642605335572976],[-39.01679589087388,-4.642026298392861],[-39.02029069128121,-4.6426784650602055],[-39.02258073311108,-4.64092058732103],[-39.02516301325358,-4.639861327269081],[-39.025956210393446,-4.640286164203317],[-39.02655264281091,-4.64174325366633],[-39.02620681575892,-4.643717994932853],[-39.02877126686882,-4.644088904297067],[-39.03219448217325,-4.643855379115625],[-39.03500331378258,-4.641412267267616],[-39.03923153234414,-4.639509123897745],[-39.04080595483406,-4.639293610029999],[-39.04558298973965,-4.640196905440196],[-39.048010226498384,-4.639902031345469],[-39.051612562660246,-4.64291323769605],[-39.05527479554575,-4.648850608663147],[-39.0606961661437,-4.651599820874954],[-39.06396457815928,-4.653943772305778],[-39.06559867961192,-4.653901733655721],[-39.06806164308901,-4.652632887162386],[-39.069397358741654,-4.65067448499507],[-39.07308287023677,-4.649178107581518],[-39.07430502358834,-4.645017589034236],[-39.07844320088249,-4.638615732804401],[-39.084735062171035,-4.639434817062595],[-39.089195896339575,-4.638955545273785],[-39.0939792314039,-4.641990319266585],[-39.09499331388528,-4.643779405088211],[-39.09557182267322,-4.643928927527568],[-39.09706861214531,-4.643025136558915],[-39.0996798628163,-4.636677223557131],[-39.100961987684194,-4.636126512608636],[-39.10252464170491,-4.637209394409478],[-39.10368196290122,-4.639646216592969],[-39.10445136706579,-4.640184665559117],[-39.11272358930161,-4.643209808621306],[-39.113391001261085,-4.639869124903452],[-39.11708805703657,-4.63698422582126],[-39.1191211692604,-4.633864717070625],[-39.118362754197044,-4.627695322820182],[-39.11919731767209,-4.6256127438712795],[-39.12042579369961,-4.62540908043626],[-39.124123568317394,-4.6272365586143325],[-39.12805379168673,-4.628212749247246],[-39.12979961915405,-4.628146693831167],[-39.13175538428902,-4.628574700817365],[-39.13536972175414,-4.630455991010418],[-39.13830963199098,-4.62951294025456],[-39.14037965013917,-4.632681067233079],[-39.141256356544126,-4.632899309227581],[-39.14590181007386,-4.631599835084592],[-39.15029140629812,-4.6331353104522135],[-39.1564401672559,-4.63399866525074],[-39.160084332527795,-4.635523771219406],[-39.16108715324095,-4.639564243954084],[-39.1625007911828,-4.6405752157035085],[-39.164534535785364,-4.641023544775526],[-39.16569181268364,-4.642341250998888],[-39.16846506994301,-4.642783410233114],[-39.170045671617906,-4.643626775427875],[-39.171460464325165,-4.649326193844175],[-39.17643525916094,-4.653198108743648],[-39.17721993915218,-4.654927286917488],[-39.17996042735662,-4.655279647219759],[-39.180980110029715,-4.654731849733788],[-39.181546219008986,-4.652942489144794],[-39.18111922881525,-4.65069336418449],[-39.18204645780999,-4.650119409376811],[-39.18433655899608,-4.650082909668837],[-39.18833858059128,-4.651184402222478],[-39.19473144745677,-4.649854217154091],[-39.197068637048645,-4.647590121920582],[-39.19833824501013,-4.645148297083247],[-39.19961436326107,-4.644681185628831],[-39.20131412972954,-4.644997853868079],[-39.20204490999891,-4.645760603687854],[-39.20335852855393,-4.651290929185201],[-39.204471207606886,-4.652762667631308],[-39.21007417663457,-4.6525530746276385],[-39.213124291047485,-4.651256624727376],[-39.217908105197424,-4.653937481255925],[-39.21948253301898,-4.653847232459418],[-39.2210267570626,-4.652521297126052],[-39.22480210994619,-4.65329502709492],[-39.229716257014715,-4.653119904938266],[-39.2304318525637,-4.652919207860625],[-39.232354416995044,-4.650562384597547],[-39.234844037779226,-4.649741754006391],[-39.23581517737614,-4.646849672413403],[-39.23790441495649,-4.643663999038973],[-39.23908219302604,-4.643475105710251],[-39.23980706150292,-4.6442826963879025],[-39.2416708421901,-4.644593226650581],[-39.246005982816676,-4.643113686328552],[-39.24812364681103,-4.6446403537105345],[-39.250694359909915,-4.645584911793343],[-39.25290459935608,-4.648377594476056],[-39.25503189160279,-4.648487679667507],[-39.255663349884074,-4.647995836023608],[-39.25974449676593,-4.648645925102746],[-39.26052157761193,-4.648103091963599],[-39.26139664255307,-4.649126025974055],[-39.26407821358532,-4.64873207853836],[-39.265965836221305,-4.64895875948582],[-39.26679807461582,-4.64973037637905],[-39.267978761786324,-4.64934994614702],[-39.270178471511755,-4.6469121376171545],[-39.27167560169443,-4.649135886748204],[-39.27294065013714,-4.64939441665888],[-39.27239752977126,-4.648311530391105],[-39.27611967352862,-4.65022943628812],[-39.27793828070102,-4.649337111452032],[-39.28141605894569,-4.651587194057001],[-39.28223893142354,-4.651525392648206],[-39.28471858978027,-4.655488899456739],[-39.28453099843673,-4.6561591782758605],[-39.28526064829134,-4.656342390413513],[-39.2848782141042,-4.659421787562144],[-39.291764649188615,-4.662222442568466],[-39.292664246669304,-4.663442600491436],[-39.29473551950534,-4.68838992198546],[-39.295804872537296,-4.6899234187396885],[-39.295817345058595,-4.691215944958858],[-39.29714123451849,-4.690868313934218],[-39.29788752733257,-4.692702073677215],[-39.297960482103385,-4.695967777349243],[-39.30183514154337,-4.698138280398723],[-39.301664223278735,-4.700578304367166],[-39.30290834799988,-4.704239933472155],[-39.304179411936154,-4.705811657423254],[-39.304054488520435,-4.706562695946076],[-39.307282300128094,-4.709185232356301],[-39.30898208235853,-4.70910369618555],[-39.31121059457801,-4.7114039785656745],[-39.313568452026665,-4.708756071891222],[-39.31455694926432,-4.70968413169778],[-39.31787551775408,-4.710661493135405],[-39.31864274016537,-4.7124458477364914],[-39.32026820423307,-4.712868463372674],[-39.32130106722116,-4.715131405164277],[-39.32629168461489,-4.716144350995491],[-39.32799322998007,-4.715559119859281],[-39.329246808463964,-4.71783540738388],[-39.332825984973866,-4.7190424522257794],[-39.335147489725415,-4.721909125828174],[-39.33492412634022,-4.722534553029729],[-39.33561343566804,-4.723416846434567],[-39.33784437394616,-4.72395581110462],[-39.33885893514396,-4.725223905492485],[-39.34167452001363,-4.726024366872538],[-39.34225958565705,-4.727860706949551],[-39.34412135226174,-4.728920862856372],[-39.34485000905842,-4.730937077235553],[-39.34652574820427,-4.730397689057821],[-39.34844694021057,-4.731687752149307],[-39.35432271385551,-4.7332600315031526],[-39.35575534365172,-4.735533177696411],[-39.359125763568564,-4.736491851409586],[-39.361512421282576,-4.738161610069013],[-39.36323640185891,-4.738627449900474],[-39.366325393226624,-4.737458961673657],[-39.36632508476082,-4.736872540746876],[-39.366802214381266,-4.736818432699478],[-39.36646167109829,-4.73573852082796],[-39.367051806226925,-4.735079979670694],[-39.365674119495175,-4.735278177655409],[-39.36609720645326,-4.7345359518833],[-39.36492183840608,-4.733830473304875],[-39.365870041304326,-4.733554714188493],[-39.36480208288621,-4.732938936689317],[-39.365320275850316,-4.731578823611686],[-39.364817750886544,-4.7286873728298655],[-39.37012908978171,-4.718972151275908],[-39.37081925302558,-4.7181916171671405],[-39.36730245759499,-4.72479619547438],[-39.37086904643671,-4.727762291227098],[-39.372597574101896,-4.730406158979052],[-39.37145961210855,-4.734937605880282]]]}},{"type":"Feature","properties":{"crpm":"8º CRPM","batalhoes":["1º BPM","9º BPM","30º BPM","31º BPM"],"quantidade_batalhoes":4,"municipios_integrais":32,"bairros_fortaleza":0,"label_coordinates":[-38.667768,-5.16337]},"geometry":{"type":"Polygon","coordinates":[[[-38.40986316305446,-6.058108291564336],[-38.410613614926305,-6.059047797118069],[-38.41211488739207,-6.059257029788043],[-38.41318708161849,-6.058320857121814],[-38.416134378498704,-6.061968532521697],[-38.41983916714376,-6.063580777730627],[-38.421484591040986,-6.065740523905998],[-38.42422088268754,-6.066668019013808],[-38.4274361433633,-6.069376692480323],[-38.42824822307698,-6.0710483280178655],[-38.42812423084852,-6.0735412451323345],[-38.43070472214514,-6.074696685103885],[-38.43305692054041,-6.078131441512744],[-38.434664168216706,-6.078863309793855],[-38.437347002362216,-6.0784482780655305],[-38.43987062053264,-6.08168770622262],[-38.44350703642054,-6.084704115102796],[-38.44565053184651,-6.085475764894552],[-38.44731660777517,-6.0852777386766626],[-38.44577749183775,-6.089541400215395],[-38.443450374635056,-6.090763821692966],[-38.443271935651225,-6.095283155093488],[-38.44077116295874,-6.096874364260419],[-38.442056181747304,-6.099296742150888],[-38.44531032820901,-6.102338623428703],[-38.45019677476129,-6.102685117823909],[-38.45116151169434,-6.103651844956633],[-38.45149999492875,-6.106725178224319],[-38.45343136006913,-6.106726690884039],[-38.457670735416045,-6.108019482513043],[-38.462085167396516,-6.112321002811972],[-38.46844887991182,-6.1272283431134635],[-38.46998194970717,-6.129695692502136],[-38.47050365092268,-6.132859933738921],[-38.47342474425647,-6.1360032909191204],[-38.4734243251724,-6.138364009491403],[-38.47438653950711,-6.1410877825750765],[-38.4739337128705,-6.141575184547097],[-38.47462936725145,-6.143322729160562],[-38.476415561129194,-6.1444130690078875],[-38.475960314416895,-6.145986978815958],[-38.47275508028269,-6.147539095352874],[-38.472065731048566,-6.148749213205551],[-38.473638089526155,-6.1537968578387074],[-38.4754852889149,-6.1570403761124295],[-38.47811927188683,-6.159376448764072],[-38.487072798071154,-6.165160516744379],[-38.490714644964825,-6.169592002568839],[-38.49226807720992,-6.173394686015902],[-38.49355538567248,-6.175061543455376],[-38.49742849233103,-6.17640030752812],[-38.50075829785708,-6.179682513736955],[-38.501962802141556,-6.183819728797388],[-38.50132531141393,-6.19094707634644],[-38.50308720561003,-6.192153288443466],[-38.508904239139255,-6.1915708955802735],[-38.51232737720663,-6.192118527847728],[-38.51854318002369,-6.190862016668713],[-38.52192127374773,-6.1922595082696645],[-38.52720394990234,-6.1933779825078465],[-38.5259170587252,-6.196850223558878],[-38.52587727361724,-6.199396271720499],[-38.527955854179304,-6.201866144606866],[-38.52827578889651,-6.204258370027735],[-38.5278432716496,-6.208113475856168],[-38.5291258721612,-6.210718868480957],[-38.52928589302948,-6.213740461053357],[-38.519724951975924,-6.223027819838054],[-38.5225758294553,-6.224346782756066],[-38.52365240748459,-6.223988742690849],[-38.52642595759047,-6.224876800645309],[-38.536098680422604,-6.229313044966307],[-38.53957581584854,-6.229932562670141],[-38.5427090673843,-6.229803649676167],[-38.54538035504524,-6.231863241931205],[-38.551192188634964,-6.234305509805863],[-38.55213508916921,-6.234188378448022],[-38.55371679649789,-6.233486981229261],[-38.5538855316636,-6.23193139766123],[-38.55564453348548,-6.230640433381584],[-38.55756044005797,-6.231186547945655],[-38.55949866059115,-6.2300752268574],[-38.560766000774855,-6.230399396259983],[-38.56241758347614,-6.228833073712557],[-38.56432152793944,-6.2257590942839744],[-38.56438291739853,-6.223820468195278],[-38.56498163651151,-6.2228516227820565],[-38.566639992942754,-6.222813349316287],[-38.567855441067145,-6.221881651219679],[-38.56860667548131,-6.219683163556446],[-38.570454858524386,-6.217253162428293],[-38.56990770803071,-6.216480157077155],[-38.571236966571895,-6.214147641143258],[-38.570544902392705,-6.212280203824368],[-38.57198115132187,-6.210713669343012],[-38.570920209706486,-6.208612373801195],[-38.57109132011868,-6.207511796854321],[-38.57936257391046,-6.206638782383654],[-38.58240133851069,-6.204846111080807],[-38.584579556573345,-6.202478321718524],[-38.586206242957715,-6.201574706405864],[-38.58735449918929,-6.201594918177852],[-38.58991615875007,-6.198162322499324],[-38.59082016992893,-6.198129414236586],[-38.59183433541249,-6.197204468231964],[-38.59395224419423,-6.189955930047097],[-38.59710951790093,-6.189383909089593],[-38.598856950498536,-6.18725506888649],[-38.60034013312815,-6.186681760750702],[-38.600962595065724,-6.185796654867492],[-38.59964907350595,-6.183378289954037],[-38.59947239814576,-6.181247780979159],[-38.600218546645486,-6.180145797366135],[-38.6004044448288,-6.178011838515763],[-38.60031451007031,-6.177845155041591],[-38.602626200099145,-6.176546151349741],[-38.60351192947871,-6.175362059977707],[-38.603608425149496,-6.174237215808342],[-38.60836712803311,-6.1746835248658],[-38.60886979414393,-6.174061599832399],[-38.61012542190978,-6.173918914113466],[-38.61023391326161,-6.172722273480311],[-38.611274680382614,-6.172064838562491],[-38.611813848407344,-6.170569330506155],[-38.61265925356354,-6.170365881822202],[-38.61334400809998,-6.171085033730529],[-38.61430107632101,-6.170415563898112],[-38.61518555246994,-6.170918826847221],[-38.61734608104959,-6.169626908870235],[-38.61740947304688,-6.171111904301512],[-38.61793527736138,-6.171555068625662],[-38.61944164270872,-6.171915164180138],[-38.622924416907935,-6.171545747022726],[-38.62561657448423,-6.173385526285223],[-38.63191268106466,-6.174324557845938],[-38.632735631398326,-6.175652292797612],[-38.6321686745964,-6.177637264817353],[-38.6326464654843,-6.178374776718796],[-38.63347870008183,-6.178384924474653],[-38.6336886051304,-6.179179693506185],[-38.64207394442558,-6.179950516983049],[-38.64267612867419,-6.1806593829466685],[-38.64389118906625,-6.180401705840586],[-38.64511781576626,-6.181209405647205],[-38.6451713983592,-6.182863027275469],[-38.64591739409951,-6.183102869984271],[-38.64747483457381,-6.185870732483313],[-38.65002813048521,-6.1852939944429455],[-38.65331344280492,-6.186301398110492],[-38.65350043146818,-6.185612206011109],[-38.654275410112625,-6.185426022044249],[-38.65555823788391,-6.18587407789411],[-38.65585005758467,-6.1912479179514825],[-38.65763866223635,-6.191689469559117],[-38.6603025486556,-6.19045267056965],[-38.66113303245654,-6.192182823524724],[-38.66148915615922,-6.195042535696109],[-38.66697788198895,-6.196161398628115],[-38.66828780357304,-6.1959098321646],[-38.66938158864014,-6.20055267933061],[-38.67044525991904,-6.200589458602023],[-38.67302934241274,-6.202389799331526],[-38.67375868987696,-6.20254582327823],[-38.67481155858238,-6.201636957495001],[-38.67532468549948,-6.201905451140309],[-38.67705862525577,-6.204512616059384],[-38.678638269580134,-6.204780442362765],[-38.679135357689546,-6.205393467809613],[-38.67888474997968,-6.2084952340576],[-38.6795699291825,-6.2101616535359],[-38.681006928652394,-6.21115803968598],[-38.68149585497195,-6.210606981827066],[-38.685368699023115,-6.212194624149876],[-38.68686143603856,-6.211621080054868],[-38.6868095845894,-6.209932595886814],[-38.689796001926986,-6.208698649374543],[-38.691290250634815,-6.207063072133793],[-38.69600986592051,-6.2067202388576845],[-38.69803325137601,-6.20603298290207],[-38.7013410595686,-6.20704712509788],[-38.708140550358415,-6.206405925382452],[-38.70907867238018,-6.2053150229243785],[-38.71080105853888,-6.204569205866795],[-38.712981887066334,-6.205202266185294],[-38.715624400074645,-6.20120182031189],[-38.72002537606259,-6.200457402500751],[-38.72161390202834,-6.1995200009905505],[-38.724406909775595,-6.200287369029862],[-38.72517185100994,-6.201015379961593],[-38.72666461681222,-6.200250242629561],[-38.727948103101916,-6.197168118381353],[-38.72616916403536,-6.196362997805354],[-38.72672496122249,-6.194525102526081],[-38.72563525545976,-6.192858687387307],[-38.72666862670651,-6.192457117856902],[-38.72783686583786,-6.19021743377116],[-38.728820554467006,-6.189448697430371],[-38.72856508650954,-6.187900929694205],[-38.73069954564976,-6.1872842096734795],[-38.731503883818355,-6.186344863933489],[-38.732139997973285,-6.18494218730651],[-38.73241200879662,-6.180582457891748],[-38.73365616753665,-6.1794581522952186],[-38.73422525010615,-6.176290958839082],[-38.73533232779042,-6.175246482313844],[-38.73583978252691,-6.1646675943902025],[-38.73476533686628,-6.161220463303037],[-38.73479326500368,-6.157046042714339],[-38.73524612724907,-6.156170476928384],[-38.73448266620087,-6.152555955879816],[-38.73149481458504,-6.149754100939089],[-38.72955781096691,-6.149705254386356],[-38.724871753791795,-6.147620542942405],[-38.72217398508851,-6.138954785745082],[-38.72224767100703,-6.135197074587403],[-38.721364483704626,-6.132109038248917],[-38.721361298678175,-6.130518326671803],[-38.72208321510893,-6.129524462201739],[-38.721701350817376,-6.128088181221276],[-38.721462519393704,-6.127513624227753],[-38.71957361173909,-6.127105749768735],[-38.72005295429248,-6.125023680248314],[-38.71969448700805,-6.124592668324627],[-38.71516377982284,-6.12314941283843],[-38.71231544418165,-6.119299192986492],[-38.710520393717225,-6.11340071782484],[-38.70956470875623,-6.111906676911826],[-38.708878324024056,-6.1076746497292635],[-38.71107233754293,-6.109195589867704],[-38.71424744494073,-6.113972781122299],[-38.71797955808262,-6.116200258901714],[-38.71935880418722,-6.116452328150535],[-38.721408262582706,-6.118799892905088],[-38.72264497085752,-6.12134173330523],[-38.72624122284398,-6.121048921954422],[-38.727102388589614,-6.12043663105807],[-38.72830666543779,-6.122256281861219],[-38.73275733847481,-6.123860010752377],[-38.734407741702185,-6.123006359569242],[-38.735578962923896,-6.118044459853869],[-38.739109750828526,-6.116503199333679],[-38.74075182798968,-6.117975982239224],[-38.74550238116906,-6.114754240646426],[-38.74575403410394,-6.113540866635913],[-38.74439858273606,-6.112743195525762],[-38.74414787527271,-6.111960409425486],[-38.74460744384176,-6.111005630852977],[-38.75285474967931,-6.113402702609973],[-38.755289989669954,-6.11115975183089],[-38.75556524468431,-6.112031934375908],[-38.75692787905889,-6.11260065656745],[-38.7576583835298,-6.114043861911395],[-38.75840205667198,-6.114346341267351],[-38.7584998916344,-6.115855298848423],[-38.760427340837396,-6.116562673115789],[-38.76304995709115,-6.119660576779678],[-38.76446222381608,-6.123383940725161],[-38.76608797797179,-6.124112269546431],[-38.768115919484806,-6.123806783962982],[-38.77167528848337,-6.121127611784212],[-38.77414339541973,-6.120381889353025],[-38.77484809296933,-6.1195495138946185],[-38.77695619510645,-6.1187746454958125],[-38.78032209127252,-6.118596782097849],[-38.779648807896145,-6.116025905441386],[-38.78228231299428,-6.1142031449241],[-38.7832291907593,-6.114339956257994],[-38.78515798402415,-6.115230666790646],[-38.78520149288232,-6.11822271807943],[-38.7864061640376,-6.1195444019217335],[-38.791767832673884,-6.121390903796309],[-38.79537872414109,-6.121224748394658],[-38.798307369923975,-6.123009003375177],[-38.800770787881206,-6.121944822329648],[-38.801559795234404,-6.122256267627874],[-38.803016701454204,-6.127103613470883],[-38.80422402598967,-6.1278819379485645],[-38.80421138937637,-6.1297488520806604],[-38.80690191671171,-6.128924075244911],[-38.807737817477744,-6.131880331035976],[-38.8087297273453,-6.133256940240559],[-38.81137187185449,-6.134047727135038],[-38.81268668049706,-6.1352688659678725],[-38.815682733472514,-6.136137544576997],[-38.81772025818461,-6.135851023250554],[-38.81925319104173,-6.137000474256076],[-38.82034554549499,-6.137072589216283],[-38.82070441166228,-6.136584438169512],[-38.82023190613989,-6.133654651102068],[-38.82076291646941,-6.133252723223703],[-38.82066346914415,-6.130294339742598],[-38.81991847106785,-6.1288143162669515],[-38.82067913040496,-6.126447916801121],[-38.82051776207259,-6.124434434293128],[-38.821199408469056,-6.124051703726284],[-38.82576648707909,-6.124950764475331],[-38.8279495077469,-6.124502607635925],[-38.83001712478662,-6.127632112874088],[-38.831389109707715,-6.127725792241028],[-38.834115635759964,-6.126326451695444],[-38.83510640703995,-6.131604401148039],[-38.83712735188252,-6.1307074603089555],[-38.83828755090205,-6.129355489714827],[-38.84069053143,-6.130349507578332],[-38.84009211290743,-6.1323239584795175],[-38.841801403597955,-6.134059746109265],[-38.84254218156798,-6.135890984384705],[-38.84508945096149,-6.134216284095817],[-38.84622962111257,-6.131931939358009],[-38.8484053028397,-6.130707919007679],[-38.85108036194725,-6.132051873874942],[-38.85093665601687,-6.132865620373958],[-38.84964527100606,-6.133092641556195],[-38.84956136927796,-6.136089469290797],[-38.85200184556498,-6.137745645602962],[-38.854594212185134,-6.137248509339756],[-38.855082656410616,-6.134998760188952],[-38.85660341624888,-6.135506590037856],[-38.85819155234303,-6.134444302414582],[-38.85949222998587,-6.13525843193148],[-38.860955942878014,-6.134454601092045],[-38.86217068192692,-6.134703838140831],[-38.86354760960615,-6.136618984153103],[-38.86360445875173,-6.138753993404922],[-38.866091294617014,-6.139482242828504],[-38.866951906284484,-6.140612185489845],[-38.87072089726292,-6.139828043538728],[-38.872057886836636,-6.140044238050179],[-38.87499011101453,-6.143021160587144],[-38.876968188232645,-6.1477473316326146],[-38.878812993330534,-6.147830480638967],[-38.881995028738956,-6.147260192419135],[-38.88264803693442,-6.146549468953498],[-38.882433091854125,-6.14527129657784],[-38.88383407201926,-6.144876533796765],[-38.88582637095986,-6.14578184529161],[-38.889047093995394,-6.145911630301337],[-38.891945932671064,-6.143604895923789],[-38.89693925821734,-6.143041016563909],[-38.901419312141115,-6.141235516160628],[-38.903509489213555,-6.137323552977505],[-38.90573308542867,-6.126458071005252],[-38.90576063897983,-6.121888153167685],[-38.90753239056236,-6.108512496166084],[-38.907064626347754,-6.093647601306517],[-38.90742332168314,-6.091552535993902],[-38.9068359350966,-6.08865128060114],[-38.90747470212064,-6.085994667540757],[-38.912683451040174,-6.08730526123515],[-38.915420207412986,-6.085816672682428],[-38.918825573294974,-6.085258132455177],[-38.9217815963892,-6.08218562280611],[-38.92491704515805,-6.083172569548858],[-38.92621622872347,-6.082679452587671],[-38.92782294494646,-6.0808596392096],[-38.93596381495841,-6.079440934407408],[-38.94098855016896,-6.079318295344962],[-38.94368222673875,-6.081650183926371],[-38.94935238021018,-6.080081387569916],[-38.95049102807356,-6.0806195690284195],[-38.952239514512975,-6.083223079097361],[-38.95770640147838,-6.08640440491375],[-38.96051803522079,-6.0911935635507],[-38.96463092576196,-6.092133762663495],[-38.966309500038506,-6.091448881831532],[-38.96811517090027,-6.091725809509749],[-38.97024395208813,-6.094955650832119],[-38.97248937181929,-6.102938248258444],[-38.976133487154655,-6.102812379680951],[-38.97400491884184,-6.094158689571814],[-38.97627696001642,-6.102800418244],[-38.979780124380945,-6.101687583325486],[-38.98070202119076,-6.099529949435231],[-38.9779115272475,-6.091718338422952],[-38.983006019571675,-6.089622488298704],[-38.9856017682902,-6.078911706795098],[-38.98777702789559,-6.079341461245999],[-38.988815419947855,-6.078899118060441],[-38.989593554002674,-6.077576559357792],[-38.98965954826223,-6.0763779216560065],[-38.98887967148146,-6.074675475932591],[-38.9851501730153,-6.069128173480898],[-38.98664139104337,-6.065218384638875],[-38.98664140474501,-6.064652988590276],[-38.985537980619725,-6.064777800097574],[-38.98602601739485,-6.063326780034524],[-38.98518109352833,-6.062003278411361],[-38.98670925461467,-6.061708406869699],[-38.985699032303806,-6.0574647429461335],[-38.98469537957027,-6.048322482014212],[-38.98352690754365,-6.048952073223755],[-38.98320160387593,-6.048322437910243],[-38.98485723903833,-6.044665049438191],[-38.98563635562221,-6.035398897636639],[-38.986837392944565,-6.032058201571836],[-38.986513070170936,-6.028526498830001],[-38.99056869553318,-6.02411286920283],[-38.99232090572712,-6.019760696267682],[-38.99332752693837,-6.021464137919977],[-38.99475526187685,-6.021716546808491],[-39.0013761640146,-6.019257771377151],[-39.00586990108022,-6.018988160243486],[-39.00666327753328,-6.01837571292101],[-39.01078359057344,-6.00709212716721],[-39.013186247765844,-6.005641943336642],[-39.01639850505309,-6.004702857683977],[-39.01852631544139,-6.005229361848979],[-39.02110855521764,-6.01032744392431],[-39.0214077300323,-6.018620941545437],[-39.022583158952514,-6.020046057673066],[-39.024516968739974,-6.0190088095601215],[-39.02734832505653,-6.014030375891273],[-39.028380812236286,-6.01351086045685],[-39.030010424483095,-6.013789310536513],[-39.03970894842075,-6.019717553003907],[-39.041994618227974,-6.022761394040764],[-39.04557198156395,-6.0244323290193424],[-39.05074177008158,-6.025353202651001],[-39.052959791167716,-6.018076728312915],[-39.058458747844405,-6.00733697907131],[-39.05881628839408,-6.004648364656873],[-39.060069438161555,-6.00330394046584],[-39.05907688385047,-5.999580568429306],[-39.060362487699344,-5.997657173121349],[-39.064539932415656,-5.998865290015932],[-39.0668485925743,-5.998693132477127],[-39.06791560762217,-5.997657193533707],[-39.07071401820781,-5.9975708987883225],[-39.07213536769378,-5.998260950631872],[-39.073880103807376,-5.9975180118563],[-39.07815232246523,-5.991451838950244],[-39.086650644745376,-5.992373289968815],[-39.09638247790402,-5.988669988793941],[-39.10229263863236,-5.983119887046187],[-39.10635877665924,-5.983580478707991],[-39.11301193072613,-5.988899305877191],[-39.11461110333797,-5.983810404092774],[-39.112639049941045,-5.977101135076477],[-39.11547146328906,-5.97640669184493],[-39.11941427626173,-5.979182174210299],[-39.1254493077953,-5.979875588356562],[-39.130623972913554,-5.983575241216329],[-39.1354270963934,-5.978945969233959],[-39.13830849121456,-5.971532678300517],[-39.13727232194626,-5.965067515014235],[-39.138009549370125,-5.9648348397344915],[-39.142517973999055,-5.967496030256503],[-39.14402940401427,-5.9667610739877945],[-39.143933127103345,-5.964835132307741],[-39.14317750952079,-5.96382575777837],[-39.143177817877074,-5.961529795145342],[-39.14520801244352,-5.957951434328725],[-39.14936314461869,-5.957307129361383],[-39.15266961554467,-5.95905035863282],[-39.16102880068411,-5.955469248359023],[-39.16323013548119,-5.9573075409850516],[-39.16524533574597,-5.961787772227488],[-39.166175081023,-5.962735367596671],[-39.16802065955504,-5.9628210194466],[-39.168498660293515,-5.962338341940301],[-39.17035216730329,-5.95839537601096],[-39.16987388377414,-5.960233313087065],[-39.172067323057725,-5.960981863707254],[-39.17655938641432,-5.963952668273416],[-39.18111418259848,-5.964228911692364],[-39.18696963698519,-5.9605550518636035],[-39.19142011911199,-5.959724880567527],[-39.19530891864268,-5.957252965858675],[-39.19694317749379,-5.956664373266965],[-39.19766609071214,-5.956937314023502],[-39.197472791584545,-5.964671987138405],[-39.20164263827493,-5.972459353421017],[-39.20333373416903,-5.981329544713858],[-39.20324885105341,-5.986361133129863],[-39.20432925594295,-5.988087672042177],[-39.20595082497845,-5.989593185815039],[-39.21241758719785,-5.991652371626486],[-39.21755969606102,-5.991296644732318],[-39.22016964012962,-5.9923449734982235],[-39.22224860819383,-5.991945192664193],[-39.225545693838896,-5.988578666165689],[-39.22781641456365,-5.987530574367437],[-39.229370496945876,-5.9878590321098075],[-39.23191149719217,-5.9899821879712825],[-39.23498081890479,-6.000227187302567],[-39.235861116385436,-6.0015590162732035],[-39.23914326144285,-6.000578008826243],[-39.23860589838759,-5.9957983686128085],[-39.240206842238045,-5.995337212479921],[-39.24455143131201,-5.996746601121726],[-39.24895302381051,-5.996487614134604],[-39.25617632632803,-5.998469909099984],[-39.265828635036286,-5.997174438519181],[-39.27228593025635,-5.999607424842758],[-39.27753395410203,-6.004971933579997],[-39.28083759881286,-6.005181929817291],[-39.28361656929948,-6.004247827784569],[-39.289504124210396,-5.998810664208401],[-39.29272867579614,-5.998185663946858],[-39.295088966018376,-5.998439501154858],[-39.29558646961285,-5.997752623289858],[-39.29495208220075,-5.992566753659451],[-39.29530730919021,-5.991114640019401],[-39.29689423018038,-5.989911537393927],[-39.30036730220517,-5.991125460695579],[-39.303619436813555,-5.99147104560004],[-39.30648734183877,-5.9936905521034936],[-39.30984307774604,-6.000827699299637],[-39.319460519112816,-6.006761884896418],[-39.320482669713925,-6.006940797182041],[-39.32456851838457,-6.002995142098845],[-39.32740726308883,-6.002574593141513],[-39.3295949863814,-6.002914349711969],[-39.33721663668916,-6.001825861550263],[-39.34162832000091,-6.003103631718272],[-39.342693076715626,-6.004515111393023],[-39.34295977895887,-6.007241883726623],[-39.34490172946507,-6.00788194729124],[-39.34878653931273,-6.000912828450488],[-39.34884464644191,-5.997084441186619],[-39.3477611130607,-5.995425152670447],[-39.34848290494867,-5.9937457199519395],[-39.351814946255615,-5.991833939467349],[-39.35247835928827,-5.990729877811804],[-39.35584185439645,-5.990001296589422],[-39.35980869107923,-5.9903062787002055],[-39.36353906216323,-5.992378108208903],[-39.36444898324504,-5.992424544787011],[-39.36656807832245,-5.991151238847643],[-39.36718523804365,-5.987267209769812],[-39.36255496693814,-5.979732100955646],[-39.363301490571295,-5.9778367932333545],[-39.36283714721648,-5.975210086676068],[-39.36118718174299,-5.973943982428806],[-39.361161691358916,-5.971721531023732],[-39.35892907581613,-5.971045341569207],[-39.356818383161766,-5.968740386359684],[-39.35668638516846,-5.968053865493463],[-39.35822866851821,-5.9659104537044465],[-39.35580011768125,-5.965252016866996],[-39.354747383884586,-5.964346176534736],[-39.35435240883653,-5.961597651410432],[-39.35557545534293,-5.958442815283627],[-39.35538306517627,-5.9575484503006555],[-39.351640465435054,-5.953439348946751],[-39.35175628372548,-5.952284979168388],[-39.35216886929781,-5.95179169742885],[-39.35419263528182,-5.951676058103514],[-39.36142218628477,-5.9526785755557725],[-39.362292980936246,-5.952403904616462],[-39.36319338396743,-5.951127165885959],[-39.36315131098415,-5.9496578193527805],[-39.36577046233691,-5.94789470567612],[-39.36650807188991,-5.946799717233046],[-39.36688127525057,-5.945666705454061],[-39.364898936536626,-5.942107705905874],[-39.363581631187266,-5.935177555399831],[-39.35819574164014,-5.929261591049564],[-39.35759982297335,-5.925902032352795],[-39.359684116029065,-5.924943168892073],[-39.36012564808014,-5.923877785231587],[-39.3588609054064,-5.920079980606509],[-39.36408759606564,-5.918111648833475],[-39.36483180574321,-5.915145360969554],[-39.36578988319647,-5.9141520903466045],[-39.371236804334984,-5.913624700919176],[-39.37587580062767,-5.910864481010898],[-39.37602792275036,-5.910305323032157],[-39.375176998619565,-5.908451246527769],[-39.37290971960781,-5.906369341172153],[-39.369270960086645,-5.906039140693713],[-39.36886695044935,-5.904675783760339],[-39.367787781081155,-5.903804895579389],[-39.36866912388089,-5.902112219503305],[-39.367987698573394,-5.901050012248216],[-39.361984053021544,-5.899528666914405],[-39.35862216148354,-5.8978154080545995],[-39.35742272577811,-5.896158097817925],[-39.35704015148178,-5.894210148279659],[-39.35773186773143,-5.890887607477035],[-39.35770646098431,-5.884398550152915],[-39.357119808032664,-5.882429652706258],[-39.35569026279532,-5.881819673139376],[-39.355200979441555,-5.880096407523123],[-39.35263558506413,-5.880149957654398],[-39.349570706322986,-5.8786070591684245],[-39.35080808982141,-5.871570123162549],[-39.349067523947014,-5.866708768594691],[-39.35010409063121,-5.865628180995719],[-39.351231016698,-5.8657474284010505],[-39.35348884203635,-5.864546024979007],[-39.354054613629465,-5.863396162602769],[-39.353622243871406,-5.8622114685843165],[-39.35020793804584,-5.861364172318638],[-39.343667953013544,-5.8546089570376765],[-39.341934307422285,-5.851421936872822],[-39.33943147168499,-5.851944248728005],[-39.3390035499738,-5.8510282127816895],[-39.33469405268834,-5.849364672941249],[-39.33307570018334,-5.847425561040766],[-39.33061420717984,-5.8480387242077025],[-39.329568326217206,-5.84772841853162],[-39.323677056351,-5.844273004695367],[-39.32346282434978,-5.838039433073309],[-39.321107347026384,-5.8333063254265],[-39.321258341399265,-5.831967209718859],[-39.322696952702174,-5.832127410451563],[-39.32807941673166,-5.8346277640600315],[-39.33015345931466,-5.8331456777307595],[-39.33112842693531,-5.833188707592735],[-39.33274542775922,-5.835003430663715],[-39.335641202479444,-5.834590105848627],[-39.339678945327016,-5.832837322684258],[-39.34394890481803,-5.832869920410415],[-39.34503736778026,-5.831647828984051],[-39.343522032615674,-5.8295052454706395],[-39.34265847570803,-5.826378570714433],[-39.34407463723464,-5.824846538736703],[-39.34382492787807,-5.823742324148893],[-39.34135185340528,-5.819491180273695],[-39.343982668065614,-5.816948488381967],[-39.34397076194108,-5.8151928876416115],[-39.34238821324537,-5.811902458031945],[-39.34199438213499,-5.809500913836076],[-39.34114343642039,-5.808344229202756],[-39.338570131606204,-5.807166685693877],[-39.33817738058158,-5.80654471906344],[-39.338437999613944,-5.805074182727288],[-39.334370249087655,-5.801721520032006],[-39.33403174966546,-5.7997983009507985],[-39.33069509220464,-5.795097191182361],[-39.32736638295214,-5.791551081617045],[-39.32731096672767,-5.790056667381213],[-39.32919601408473,-5.788777156040813],[-39.32954096074672,-5.78768525047389],[-39.3289914201179,-5.786572062450665],[-39.327166743350446,-5.785542836033007],[-39.327782537232835,-5.782688336441076],[-39.327835752617816,-5.782766676540852],[-39.43449551005971,-5.728546581859223],[-39.45408171989543,-5.739480113916102],[-39.45251950397186,-5.737215581433826],[-39.45414178021895,-5.733887380298289],[-39.45710392400684,-5.732748128123541],[-39.456362531005915,-5.73195289271175],[-39.45701747757446,-5.72921185354414],[-39.456751308825794,-5.7250324791655025],[-39.459275093370806,-5.72485095370847],[-39.45963239222103,-5.723438523469043],[-39.460324996101605,-5.722995177485407],[-39.46006116559026,-5.7217627546473615],[-39.46069398164187,-5.721259619935423],[-39.46088354164205,-5.71926092525138],[-39.46280656826848,-5.718619126771199],[-39.46297254354799,-5.717015372961045],[-39.46116680830152,-5.714922544439856],[-39.46007795233558,-5.712862046546145],[-39.460244660562566,-5.712167808597419],[-39.46134360332454,-5.711903646236212],[-39.46345958399256,-5.713529499087058],[-39.46474898068088,-5.712391562620441],[-39.46461653752314,-5.711123134524972],[-39.46628816136949,-5.709889147765885],[-39.46870235273129,-5.710928340470507],[-39.470219431681336,-5.7106518529006],[-39.47153761566841,-5.711871438815802],[-39.47262421073864,-5.711128573624681],[-39.47284934522103,-5.7088546009589916],[-39.473756499462795,-5.707836633154017],[-39.4730379681277,-5.705763889192076],[-39.4752946216494,-5.704110542267636],[-39.475986617588255,-5.7029730770458436],[-39.47363304502897,-5.697837452636256],[-39.474079559324096,-5.693867531261464],[-39.47545063693725,-5.690437769687263],[-39.47352378819218,-5.686271738549804],[-39.47250744456288,-5.685207479941155],[-39.46818352754765,-5.686204290295726],[-39.46451088876643,-5.689396192879937],[-39.46018598699365,-5.687245894982003],[-39.457606453474995,-5.68470189457669],[-39.45644588377045,-5.682500821855375],[-39.454431857444185,-5.681218912023072],[-39.45202817645911,-5.678145188449613],[-39.45047059833937,-5.672327278980628],[-39.44917144490616,-5.671256299738368],[-39.4461688433174,-5.671014201344284],[-39.4433364743987,-5.669640129888026],[-39.44282171864732,-5.668252309596342],[-39.43931645808796,-5.665652074583489],[-39.438490974878526,-5.664084973542635],[-39.43617179239421,-5.661968497348215],[-39.43439174718131,-5.657909898323109],[-39.43210097338115,-5.655200369601284],[-39.43517715839905,-5.6545379964313085],[-39.43668354171204,-5.656092625674082],[-39.43767490577218,-5.655864498247908],[-39.438918039535814,-5.656832917005505],[-39.43975338920749,-5.655659481599663],[-39.4406377771117,-5.656149473619253],[-39.44166053650449,-5.657940810719702],[-39.44339161812865,-5.656467503572396],[-39.44458621907867,-5.656442654404888],[-39.44758206406092,-5.652993749861532],[-39.448776951894736,-5.6533518482091845],[-39.45207189969834,-5.650536963010344],[-39.453829312572665,-5.651071767348115],[-39.454451941104104,-5.650265839896489],[-39.45527637750279,-5.650468639715886],[-39.4556007638641,-5.652825954354244],[-39.456150743362,-5.653411922921861],[-39.45986422665267,-5.651183066545185],[-39.46130991741867,-5.65145716911299],[-39.46167941107586,-5.650403749133637],[-39.46296875650283,-5.649361564384643],[-39.46349347764184,-5.648224248450226],[-39.46330133388935,-5.646955862622905],[-39.46390995997658,-5.646177500291327],[-39.468262974556545,-5.64457637070288],[-39.471940503851066,-5.642335506578319],[-39.472741196349084,-5.642729778356458],[-39.47438057140616,-5.646163067071826],[-39.47517180393552,-5.6459350412690625],[-39.475374016497554,-5.644869784412937],[-39.47714167714659,-5.644461447237927],[-39.478633601159686,-5.642859592795894],[-39.47853707332722,-5.641686874149818],[-39.47927686013894,-5.640645108484929],[-39.478403463748776,-5.638994337218822],[-39.48186677543124,-5.637824666375188],[-39.48290495729784,-5.636495434216826],[-39.481363624531575,-5.63608982198762],[-39.48289185777296,-5.635098260975857],[-39.48262715132189,-5.632794772560599],[-39.48115648818133,-5.631156465898115],[-39.47972248410527,-5.630511411872107],[-39.48095224225214,-5.629732522537818],[-39.48126129157529,-5.627865365394224],[-39.48057956589419,-5.626854689292435],[-39.48096126245221,-5.626172236959091],[-39.48039463200658,-5.619841989116469],[-39.483305014414796,-5.615059643587595],[-39.49420141975967,-5.615366398740256],[-39.50227586943576,-5.619799994374172],[-39.50532526814656,-5.623706379545742],[-39.506504277550306,-5.626762636486424],[-39.50743681875407,-5.6276809108452674],[-39.51348066130342,-5.628591489705417],[-39.51610824290101,-5.628110480114464],[-39.5211354261589,-5.626093766614014],[-39.523781228920505,-5.624009073359963],[-39.52644834561456,-5.62044341343271],[-39.53166189088348,-5.618834726841092],[-39.53582841934601,-5.616020389329412],[-39.54226271964873,-5.613585581009704],[-39.5455711608803,-5.612979853437414],[-39.54780081315694,-5.6132968239891765],[-39.5533327562017,-5.615879965587867],[-39.55901634832576,-5.615147796933225],[-39.5632210709956,-5.615770642201313],[-39.56468391543029,-5.615320463168803],[-39.56699016206629,-5.613136778839174],[-39.56989698136052,-5.608483473433519],[-39.57106088395257,-5.607583976019552],[-39.574222508162144,-5.608081537632814],[-39.576304453987234,-5.6092820381355155],[-39.587008997067485,-5.606327175258913],[-39.58799612622017,-5.606742934538747],[-39.59397479759876,-5.613854295739076],[-39.59571237052942,-5.61729163590025],[-39.597673865656276,-5.619017870178508],[-39.59860590413909,-5.622301401088753],[-39.60128434869366,-5.62495533552025],[-39.607405161518926,-5.622721840440494],[-39.60960096870964,-5.624484150123398],[-39.61245039776758,-5.6250032999622395],[-39.619150619505405,-5.627903599171691],[-39.6232499299402,-5.630793213535851],[-39.62442016196082,-5.6330809476274855],[-39.62604953206017,-5.634414290587011],[-39.63099921624076,-5.636361786866901],[-39.63539792987047,-5.639710057273294],[-39.63611441704662,-5.639611759575019],[-39.63651432757409,-5.639020533570718],[-39.635994830596914,-5.63725859260986],[-39.63739864353253,-5.636658850925097],[-39.63752001603582,-5.6343540881706],[-39.633903642439094,-5.62624392371805],[-39.631196040964475,-5.623954890105972],[-39.630180035480194,-5.621170832767701],[-39.63019141100475,-5.617810162508935],[-39.631258941347,-5.6165527627997],[-39.631986818436836,-5.613622455012248],[-39.63142187152207,-5.608192947446479],[-39.632234718357545,-5.606452332109375],[-39.625789432836015,-5.607395767700489],[-39.63449425313657,-5.605699684608191],[-39.63637013247938,-5.605986895916258],[-39.63884924525299,-5.608296788332804],[-39.64080118035818,-5.611450235089751],[-39.64441997575001,-5.6110190205913515],[-39.650460072925426,-5.613234463145686],[-39.65284000592865,-5.6134064864134805],[-39.6590947845663,-5.612414863480535],[-39.661268086945654,-5.611030068179505],[-39.66238626238163,-5.611113110278119],[-39.66515598260684,-5.615116389060439],[-39.666948656983706,-5.616239110114897],[-39.67343698503273,-5.618134739213775],[-39.674483888576425,-5.618964664668533],[-39.6755928180268,-5.621432632295141],[-39.67647989125049,-5.621853142361209],[-39.67855316973035,-5.620962370261136],[-39.67932383655724,-5.618249978995833],[-39.68142419451606,-5.616680130697671],[-39.684089666483516,-5.616255389861493],[-39.68677414950383,-5.616649715531077],[-39.69439912440045,-5.613204674348957],[-39.69329785237722,-5.609622655759114],[-39.69318854516925,-5.607084709591306],[-39.69098139587469,-5.604021610309041],[-39.6908943010311,-5.601516287046939],[-39.69125303519937,-5.599913937078479],[-39.69187740212035,-5.599470690919534],[-39.69976878220347,-5.600002882726735],[-39.704442012988444,-5.602523598784971],[-39.70512142291525,-5.602281077709525],[-39.705197545130524,-5.601158943230543],[-39.7044612692721,-5.600282837183097],[-39.705776984620094,-5.598794485277165],[-39.70835618449026,-5.598273682484385],[-39.711808853595656,-5.598517626287363],[-39.725508680481155,-5.594748916529222],[-39.73462530411442,-5.595676700319401],[-39.73649536606824,-5.59828848712388],[-39.74109502511525,-5.597008597168896],[-39.743001012286854,-5.595797946018336],[-39.74468644342457,-5.593608187667656],[-39.74649333340054,-5.583316188791044],[-39.74811147546411,-5.58099697662909],[-39.75032623137039,-5.575782096766253],[-39.7510882674095,-5.575879994266322],[-39.75642761344353,-5.580749883400303],[-39.75860484243945,-5.581664313157477],[-39.760491149746684,-5.582276894463086],[-39.764541618001154,-5.581716686975435],[-39.76741899079374,-5.581982318828905],[-39.76920742488269,-5.583210195594015],[-39.76993248169858,-5.588585640414845],[-39.77300798143314,-5.588993540519387],[-39.77693895766671,-5.585506582962361],[-39.784721597341566,-5.592396330967693],[-39.834348082497925,-5.591295982123776],[-39.834923154879625,-5.592539677064365],[-39.83879738928801,-5.595621498133554],[-39.83997374209443,-5.599712341451214],[-39.8410497359565,-5.600428784560639],[-39.84269825891746,-5.600593946853108],[-39.84675798749105,-5.600368299757149],[-39.849417150581004,-5.602498032857887],[-39.849131615831354,-5.603339498818724],[-39.84716579586468,-5.604148481267339],[-39.84702471741671,-5.606431319449741],[-39.84573065324697,-5.6093316438401795],[-39.84599942553301,-5.610387047724004],[-39.84775328878317,-5.611465898732196],[-39.84921157275579,-5.614428266451266],[-39.849584889430986,-5.617527345510512],[-39.848441573219965,-5.621964288421098],[-39.84959401485183,-5.623884780757933],[-39.852042991091096,-5.626150181985237],[-39.85421497973744,-5.627244042678371],[-39.85588729156518,-5.627399253972323],[-39.86060320957035,-5.626194319811936],[-39.86543847300703,-5.62784267819692],[-39.86582498183738,-5.6301433373450385],[-39.867580262419075,-5.632624050659375],[-39.870026261902375,-5.6348461495301105],[-39.87317467147378,-5.636494292077887],[-39.87395991182038,-5.638404739886757],[-39.87590640175889,-5.640053171116857],[-39.87752997842565,-5.639440441423127],[-39.878087504134896,-5.636857861001351],[-39.877558864649714,-5.6312176494748485],[-39.87684055634649,-5.630129795353741],[-39.87470045406253,-5.628780814982547],[-39.87521287157665,-5.627978301357449],[-39.87667880158527,-5.627578287407975],[-39.88146154371512,-5.627705992937171],[-39.88417263545863,-5.628479700377725],[-39.890400469406046,-5.631975980307176],[-39.89343149766541,-5.6302500598923135],[-39.89648887156408,-5.632914373399559],[-39.901471854941974,-5.6346337944139915],[-39.90291508066629,-5.636020458177549],[-39.90476726319853,-5.640535530590208],[-39.90678629874857,-5.641736492445133],[-39.910647865306636,-5.642005683815239],[-39.91266573083865,-5.641493956980431],[-39.91657817294421,-5.6370797489312245],[-39.9212273864346,-5.63692881661155],[-39.922180069754255,-5.6388837835597],[-39.923207535299426,-5.63902574873921],[-39.92448903683942,-5.637414261658808],[-39.92485637032508,-5.635549942775497],[-39.922289907553036,-5.632794306711818],[-39.923240607867626,-5.629713000054748],[-39.924170497870044,-5.628586703513443],[-39.92538128301963,-5.628533926799133],[-39.92593552440484,-5.627791142547135],[-39.92603577363192,-5.626983265365326],[-39.9240402112866,-5.626447951111968],[-39.92352964637595,-5.625762216253224],[-39.92434004795471,-5.624612180307824],[-39.924435286159415,-5.622322132260503],[-39.9261301224071,-5.621529678451841],[-39.93128416583147,-5.622490583373675],[-39.93410625639849,-5.624520323554044],[-39.93538658792055,-5.624083003028122],[-39.93681434170838,-5.624337985109858],[-39.93738146768049,-5.627925425717728],[-39.936987644663915,-5.630003683423197],[-39.93392465809631,-5.630481262100504],[-39.93119665909838,-5.633179511525183],[-39.93112026798586,-5.633963418177131],[-39.93409000025317,-5.6339781095020545],[-39.93568596863241,-5.634837111343546],[-39.936945692189816,-5.63457183112503],[-39.93797704820208,-5.633421420162247],[-39.939811738021135,-5.633244955190442],[-39.939962689226554,-5.634267817105991],[-39.93851890052671,-5.636113740356791],[-39.93942978875364,-5.638044798828325],[-39.94343914809809,-5.63925885751023],[-39.94815551126772,-5.6381862109248635],[-39.95186370834335,-5.641494760974389],[-39.95276881033229,-5.640759562503726],[-39.95232362433571,-5.6387754143538045],[-39.954217308781665,-5.637424835887378],[-39.95637446760749,-5.637414116867917],[-39.95675266940011,-5.634583011496685],[-39.95616581410096,-5.6325323063208055],[-39.95301009573923,-5.630323231431916],[-39.95483815125962,-5.628839435491489],[-39.955307881553416,-5.627570260059383],[-39.95801210697309,-5.626859824421289],[-39.958315231562636,-5.625970844578776],[-39.956633369834044,-5.623712013798352],[-39.95701374708668,-5.6225865779081685],[-39.95668292967341,-5.621146701259149],[-39.95850498221909,-5.619665900960496],[-39.9608509420173,-5.619015877280842],[-39.961726749489834,-5.619564875618467],[-39.963433960408885,-5.619077435874932],[-39.962562333884456,-5.6228930596668665],[-39.96412224214766,-5.623615927532922],[-39.96510539449826,-5.625877384333757],[-39.96459219187612,-5.628195687281069],[-39.96532762237182,-5.632334717173403],[-39.96807614299951,-5.63313188073161],[-39.97020201531067,-5.632996718024008],[-39.970565524879,-5.632249218626496],[-39.97149983055265,-5.632044238850486],[-39.97468902347956,-5.632074811303441],[-39.97705545634416,-5.632944367588404],[-39.97977072993514,-5.635274675585766],[-39.98092986522104,-5.6355898232116735],[-39.98246271468244,-5.634396622506074],[-39.98240352670133,-5.632048395517015],[-39.98367801352944,-5.629934246768],[-39.98585780559315,-5.630798098653272],[-39.988077453811364,-5.629621674800392],[-39.98987195472682,-5.633078292828823],[-39.99067819334388,-5.633076922262061],[-39.9936038894079,-5.63005203097636],[-39.99427255963085,-5.62707136025498],[-39.996134916193355,-5.62762161404614],[-39.99719964244946,-5.626327820572394],[-40.00038068302203,-5.625113814051224],[-40.00253164641829,-5.626583427682972],[-40.00431373848816,-5.626251299058139],[-40.005641022714954,-5.627116541295323],[-40.007802502783214,-5.626879475507295],[-40.00951500891047,-5.625157910509071],[-40.01203398118325,-5.624447558507951],[-40.01274555086639,-5.624966840547188],[-40.01383412264655,-5.629374380123488],[-40.01628486065773,-5.63235260828614],[-40.022969406312974,-5.63507062211143],[-40.02408096656327,-5.634989017629034],[-40.023902159756766,-5.6357001817178825],[-40.02278622340539,-5.636186759910959],[-40.021733146067746,-5.638468104319492],[-40.018627077477554,-5.637637049809899],[-40.02061793996589,-5.642394515594355],[-40.02195376865146,-5.6425360113277305],[-40.02486549374743,-5.639637553929897],[-40.02700338639707,-5.640918912477713],[-40.03014374613691,-5.6417102826033405],[-40.03186759001717,-5.639840564190609],[-40.032613583050335,-5.640219752539503],[-40.03289338012532,-5.641725544997849],[-40.031364232273425,-5.642935809439995],[-40.03157646148441,-5.643383651134548],[-40.03284118257444,-5.6432921622034495],[-40.034469891672096,-5.644359008161604],[-40.03579919038026,-5.646316635304399],[-40.03787782670028,-5.646492413194212],[-40.03851551078209,-5.648903983931681],[-40.037670579733344,-5.652877275066132],[-40.038011650317294,-5.653314079381229],[-40.03952633707072,-5.653287922599459],[-40.03918950049497,-5.654937908757414],[-40.039804906571085,-5.655174610319965],[-40.04243045300291,-5.6598284778019545],[-40.04412618677402,-5.6596047849328155],[-40.042184897614874,-5.664585986753819],[-40.04307264718484,-5.664922472593922],[-40.04379390706306,-5.664143399798003],[-40.04451934519156,-5.664223999737662],[-40.046020139217966,-5.667011008651023],[-40.04657462971531,-5.6669548226068915],[-40.04608163575883,-5.669322675500988],[-40.04800877228689,-5.668902782936985],[-40.048689993448384,-5.671719345371459],[-40.04970774541604,-5.672241000721488],[-40.049129908518374,-5.674586858896324],[-40.04855390174107,-5.674905470710873],[-40.04724390428267,-5.673980025157892],[-40.046228233346234,-5.676073351004276],[-40.04446158983042,-5.677108110950433],[-40.0450227344116,-5.679913546073198],[-40.042653981296105,-5.680387481596884],[-40.04200468516798,-5.6813399301935785],[-40.04115174835443,-5.684467524956257],[-40.04233190259519,-5.686442737442322],[-40.0398918854021,-5.6904855848418405],[-40.04034147088211,-5.691395668175445],[-40.036987975414704,-5.693150206816516],[-40.0376299627525,-5.694771910195438],[-40.03716954763643,-5.6978135414617],[-40.03812706481212,-5.698860317249721],[-40.03797327894357,-5.699698198512921],[-40.03680582762673,-5.700654572650318],[-40.03599525236788,-5.703179107136201],[-40.03540293907857,-5.702617781793838],[-40.03245783293944,-5.70399764219647],[-40.03090243931583,-5.703916710941647],[-40.02907116842265,-5.706136364449137],[-40.026064159847,-5.706916785266955],[-40.02241131131946,-5.710102848631668],[-40.02340023706043,-5.712198159971259],[-40.02595814684702,-5.712100706732418],[-40.02832459751635,-5.712902116655575],[-40.033616516700235,-5.713022417126153],[-40.0366023246012,-5.712209501406439],[-40.04020580989072,-5.712423597113644],[-40.04255458761846,-5.7118847827488795],[-40.045277188566246,-5.709000914468823],[-40.04627346030901,-5.704126849772595],[-40.04905524497636,-5.70198925543978],[-40.04909379442582,-5.7008910367436485],[-40.04732612989998,-5.698490464620667],[-40.047440756832,-5.697715735537269],[-40.05290808008395,-5.693144400669068],[-40.055277778388785,-5.693286505581826],[-40.055398774562335,-5.69125732198393],[-40.05744156946941,-5.690149645667373],[-40.05666663577582,-5.688256421779326],[-40.060297700346574,-5.689026630123492],[-40.063774533375074,-5.688069066753095],[-40.06425908491904,-5.68666204961036],[-40.06417936319215,-5.682044854688191],[-40.06672715220532,-5.675507193585008],[-40.067735386758976,-5.6749358649678525],[-40.070208278082504,-5.675802952192406],[-40.071608129297424,-5.675440192059233],[-40.0718875271694,-5.6713019926165025],[-40.07366840603483,-5.668453619243718],[-40.07399546804124,-5.666270387983133],[-40.073581331950535,-5.665062485366665],[-40.06719397247097,-5.659975303100036],[-40.064914273934065,-5.656832220839763],[-40.0620467109177,-5.654123633638781],[-40.058927030802145,-5.646859366373597],[-40.05420133209605,-5.641498233415326],[-40.054090523943835,-5.639583163184438],[-40.055014770231644,-5.638271778078595],[-40.06184671994434,-5.636858836733461],[-40.06288402589447,-5.636316508535678],[-40.06310765474417,-5.635566456101165],[-40.059444863919296,-5.633688434235906],[-40.05763522775326,-5.631572126993158],[-40.05610376945854,-5.623897902066865],[-40.0533908499524,-5.619852557818383],[-40.05329560934078,-5.618551158084249],[-40.05483762040836,-5.614817506499156],[-40.05490380873026,-5.612864848951534],[-40.05341081070547,-5.611612279430586],[-40.051568806931726,-5.6113290489258265],[-40.0510595608365,-5.610442923411205],[-40.05198542677652,-5.609243884336962],[-40.05655539442449,-5.608875388751006],[-40.05829840748502,-5.608338676399604],[-40.059500891005804,-5.607247216080372],[-40.05961341941244,-5.603011800389567],[-40.05719443933727,-5.598047409597771],[-40.05824535892181,-5.594362222434659],[-40.06321534657692,-5.590407827304665],[-40.06549210132109,-5.589362625916246],[-40.068735916847324,-5.588918050502881],[-40.07331359190433,-5.589713794855114],[-40.07595624322474,-5.589325452955424],[-40.07704727838574,-5.58760672808458],[-40.0768057776027,-5.585378503880263],[-40.077353258158965,-5.5836678307201595],[-40.07651559981973,-5.5823474510919],[-40.07416509958018,-5.581535084246131],[-40.07262582329128,-5.580317553080818],[-40.065797923751894,-5.578795853766907],[-40.06350126947466,-5.576289583057861],[-40.062651204220025,-5.5779356728084455],[-40.056485831448605,-5.575211915825101],[-40.05283188362257,-5.572270290368767],[-40.04785779857807,-5.566858672673098],[-40.04497663020941,-5.5655748725642935],[-40.03619955217412,-5.564803264048691],[-40.03378360645438,-5.563470918652213],[-40.03035134398507,-5.557049959795791],[-40.02737010311241,-5.554236892911123],[-40.026402290298776,-5.551379247798663],[-40.024155855826585,-5.54818342936909],[-40.02341534976939,-5.544888684205749],[-40.02165710052573,-5.542423318785899],[-40.02055119230824,-5.539230500615682],[-40.015943764699536,-5.5361088150555045],[-40.01479623721493,-5.534422059542575],[-40.015143763069275,-5.5328213855262],[-40.01806381845441,-5.530044961790136],[-40.01845399072089,-5.529053220766735],[-40.01356030583637,-5.519281660765263],[-40.01407032416415,-5.518321918429174],[-40.020745157211415,-5.513591670743951],[-40.02226501509077,-5.513594941718136],[-40.02435903080255,-5.515206883716324],[-40.02551531821336,-5.514859097811317],[-40.026081098596634,-5.513373462792355],[-40.025239390424886,-5.509452783964152],[-40.025748157688604,-5.508568203513804],[-40.02759147227691,-5.50807089373067],[-40.03005691157922,-5.508415141906835],[-40.03074422376387,-5.507795360579815],[-40.0298858022477,-5.49673535303357],[-40.02792207837438,-5.491264835346027],[-40.028661107715,-5.489386166229857],[-40.032749193912835,-5.487548755688295],[-40.03407146227936,-5.4875929621325845],[-40.03618604819493,-5.488461154513782],[-40.03823687385681,-5.490819712140912],[-40.03940958514935,-5.49102399062815],[-40.04458113400505,-5.488648248267637],[-40.0533237620434,-5.488191510324921],[-40.05384646965783,-5.487722599884303],[-40.0527580208471,-5.483679044995305],[-40.05044950273682,-5.478700561607306],[-40.05021085158614,-5.474876743922792],[-40.046950969776866,-5.4675170764164145],[-40.050173107177265,-5.463063101400732],[-40.05466472486864,-5.462703378888222],[-40.05537012874833,-5.462199779151541],[-40.05508897738161,-5.460604732933612],[-40.055717002869976,-5.454978535303124],[-40.05643360379171,-5.453605872421408],[-40.05672663114883,-5.450588213060309],[-40.05565617970914,-5.443871452800191],[-40.05802898359373,-5.4402102336341756],[-40.05655270957418,-5.435833348319179],[-40.056827945997846,-5.435312180903041],[-40.06111296727955,-5.435281416711079],[-40.0623408206181,-5.434465659203896],[-40.062756499140285,-5.433465454814915],[-40.06208565533758,-5.431211987563091],[-40.060076159877354,-5.429320588535926],[-40.06015524507749,-5.428248254292519],[-40.061888703665915,-5.426354443052225],[-40.06406359502111,-5.426681846731144],[-40.06721683350683,-5.426130060935967],[-40.06791848962333,-5.424550562189521],[-40.06244423299397,-5.417535220620085],[-40.06179781538454,-5.415918021789928],[-40.061951595041435,-5.414360382415542],[-40.06507954470044,-5.412541912122349],[-40.06550557264113,-5.410809678989986],[-40.064667648121095,-5.409143343300877],[-40.061369005710894,-5.406121669742214],[-40.05999716129332,-5.4040844162099075],[-40.058611288868526,-5.3990021761465705],[-40.05884208048632,-5.397377849255756],[-40.061193670833894,-5.393657421579036],[-40.0616993439625,-5.3902312827765435],[-40.05862655356185,-5.386848911157953],[-40.059279451938,-5.383901540345821],[-40.058954130140265,-5.381723159715184],[-40.056070102522476,-5.376922446016564],[-40.056913542191204,-5.375189313820066],[-40.05741825257081,-5.371030618714803],[-40.052121120515416,-5.366932391280942],[-40.051828344556654,-5.366212114634312],[-40.053705649810425,-5.364905488676697],[-40.05440639062683,-5.362793076808336],[-40.05966607213919,-5.362382931017826],[-40.06001181291942,-5.361251561034366],[-40.05608690528488,-5.358597330681074],[-40.05163228423903,-5.356505914272687],[-40.048232104275854,-5.355740110112028],[-40.045669364492134,-5.356389223894081],[-40.04163550489255,-5.353020202506078],[-40.03849332126602,-5.353304305763723],[-40.03505848855679,-5.349788859278454],[-40.03164636263808,-5.349571015162522],[-40.03063347323397,-5.348982795880583],[-40.02637079224137,-5.343858120233353],[-40.02654546090295,-5.343344336539924],[-40.02805704501006,-5.34335211809444],[-40.02844925222611,-5.342167182694857],[-40.02695707554077,-5.33980164691704],[-40.02481643142373,-5.338552833091773],[-40.023297669843934,-5.336579834112132],[-40.02286616287635,-5.335127722727865],[-40.02420280189213,-5.333533281008078],[-40.02388076172643,-5.33159282024632],[-40.0224285955107,-5.328890085272144],[-40.02092690493212,-5.327968525562259],[-40.018996076655114,-5.329155012000459],[-40.01771550861604,-5.330772777135393],[-40.0176549816226,-5.334842655373497],[-40.01931807167797,-5.338789103681265],[-40.01885586724038,-5.340057729489381],[-40.01603108724702,-5.3432923898046205],[-40.01476939896669,-5.343624489484201],[-40.00903953021946,-5.340073934561457],[-40.00491473956638,-5.339381775116776],[-40.00303954408822,-5.341027176296872],[-40.002969360232754,-5.344538906745431],[-40.00206268613684,-5.3463752061688234],[-40.00002946100106,-5.347196209975685],[-39.994105525157885,-5.347186844474851],[-39.993127653205526,-5.349773687800091],[-39.99025611188694,-5.34941539308707],[-39.98384793322064,-5.346782055156813],[-39.97717834613603,-5.346367751166642],[-39.97478022474413,-5.345249156967985],[-39.97123118673911,-5.3452763129211585],[-39.96403045837434,-5.34273128487612],[-39.9590053703157,-5.339546974189257],[-39.956861274954704,-5.3398522502818375],[-39.95621973558809,-5.341372166647018],[-39.95739281030741,-5.344010846734103],[-39.957374568445516,-5.348268750609438],[-39.949859127528576,-5.344957498862138],[-39.94433713107636,-5.343951286985091],[-39.94275214500501,-5.344260058718508],[-39.93976326098469,-5.3473290411827445],[-39.93960128390192,-5.348107823980163],[-39.94589680467242,-5.354160264813654],[-39.94497546107129,-5.355825016163828],[-39.94781179046399,-5.358811855004046],[-39.94781222830008,-5.3600600010204476],[-39.946746436372656,-5.360785006599913],[-39.93855239215364,-5.3618605508079344],[-39.934881215734066,-5.364017070353714],[-39.93153977202324,-5.371338268719992],[-39.93229393182974,-5.37611414606534],[-39.93211308162818,-5.37851676616483],[-39.925962321505274,-5.381667882397064],[-39.92170816589934,-5.390492867007938],[-39.91895173294432,-5.389999539057035],[-39.914252290703296,-5.386214327030367],[-39.912532955675296,-5.38631749085012],[-39.91051872089586,-5.38784692096192],[-39.90944339679414,-5.390452363553131],[-39.90772827936495,-5.39200802439082],[-39.904715601571134,-5.393276250032888],[-39.90199848433695,-5.393501084941051],[-39.89757221455293,-5.396605158019996],[-39.895526319081135,-5.396598949163499],[-39.89379304761323,-5.395903281177022],[-39.89306353994002,-5.394866476473818],[-39.89200740249607,-5.391540561363192],[-39.8892249583954,-5.389982300347337],[-39.886731445168905,-5.389493864277713],[-39.885554332071315,-5.388291714524656],[-39.88212396352613,-5.379264317201832],[-39.87638516977024,-5.373920861652306],[-39.87352624129083,-5.374501475640841],[-39.8710071651737,-5.372806779121795],[-39.867388928346784,-5.372768964062905],[-39.86378449399678,-5.370998887205285],[-39.85056672046267,-5.371986219633226],[-39.84233712178591,-5.368946866261077],[-39.840056684864194,-5.37078956391882],[-39.83875329230809,-5.3727553357420765],[-39.83813590230781,-5.372696965042188],[-39.83735214473833,-5.370884503112358],[-39.836090845231325,-5.370930237672763],[-39.83332979292712,-5.373342947897997],[-39.83252524222146,-5.374708938057373],[-39.83025529929466,-5.374643690815813],[-39.82649693523008,-5.3763398262404305],[-39.82518628851512,-5.380902043809214],[-39.8239917207634,-5.382400259232166],[-39.81893466648976,-5.3831869906478085],[-39.81711590842471,-5.384032214869536],[-39.81684536698208,-5.390416361914963],[-39.81319587147127,-5.389942585492699],[-39.811283975557366,-5.388815488483619],[-39.81013020930648,-5.385732719830605],[-39.80857494058972,-5.384163193201531],[-39.807117209182195,-5.384154197403322],[-39.80521602141848,-5.385149787992761],[-39.80367490793737,-5.39357633869318],[-39.80209004896385,-5.395072782405333],[-39.80146981707271,-5.398474157277178],[-39.80001920920718,-5.399163359653643],[-39.799272135944626,-5.398944170827093],[-39.795100162987204,-5.392235376618462],[-39.789948978386875,-5.388851863675463],[-39.78174759655861,-5.3788016195768975],[-39.77417117538691,-5.3775784407743705],[-39.770330374316586,-5.3775582465029395],[-39.76905813113718,-5.3763942163520415],[-39.766632753216875,-5.371434314868544],[-39.763674804429805,-5.369930454163132],[-39.76068589969273,-5.37052880722086],[-39.75754704535014,-5.367812236174629],[-39.75278314846801,-5.367618844811069],[-39.7503871542668,-5.368399729665562],[-39.746470655185014,-5.3714478952218245],[-39.74611655340326,-5.373644557469193],[-39.74350906338602,-5.373207642320158],[-39.74222198065399,-5.371588550217948],[-39.73996660970438,-5.3706530881821],[-39.73646975855342,-5.369929731244967],[-39.73249758818485,-5.369960878403289],[-39.73065629713384,-5.368511929265413],[-39.729464163098164,-5.368765009012027],[-39.728637112502064,-5.369860360863784],[-39.72863605570195,-5.374213126611063],[-39.72635219250844,-5.379224823181572],[-39.723590821145386,-5.380031172715951],[-39.72205869746478,-5.379391367211481],[-39.7208127139199,-5.376549731556094],[-39.71995869955035,-5.37607257638561],[-39.716414690930584,-5.3762654442320015],[-39.70738576394844,-5.371237385718768],[-39.70623369172671,-5.368264203843854],[-39.705743008132934,-5.363263484679788],[-39.70463587342159,-5.361931216744986],[-39.70227884939521,-5.361883451034854],[-39.69953806671424,-5.3634214082680245],[-39.6979566093871,-5.3634735099342565],[-39.69536413214199,-5.361320109463199],[-39.69230740497907,-5.361189546537028],[-39.69112231421937,-5.36059732524386],[-39.68976404730017,-5.358894762873512],[-39.688254031092136,-5.35814972455887],[-39.684683952505225,-5.360202473389735],[-39.68242052064602,-5.363383431113554],[-39.6803312115847,-5.362811343660711],[-39.67803916861976,-5.363177685710208],[-39.67530529442109,-5.36132343301152],[-39.66911770148198,-5.363168364336375],[-39.66523734902437,-5.362490948298539],[-39.66307822496416,-5.360685801190617],[-39.66072512012665,-5.355383628524087],[-39.65812261890644,-5.353453487392383],[-39.65800464158244,-5.350313462990581],[-39.65652245150067,-5.345380399505571],[-39.65805312027749,-5.342041791369978],[-39.65873774636703,-5.339149819829713],[-39.658201941998534,-5.338288766802658],[-39.64894642427298,-5.340481405513488],[-39.64591464392806,-5.3370598441540205],[-39.64510609435732,-5.334404557815008],[-39.64418730916782,-5.3332354003034945],[-39.64126392512651,-5.3326257404002435],[-39.63949950749083,-5.33285502223844],[-39.63584092583948,-5.334642895431675],[-39.633684324539736,-5.3367885749777315],[-39.63240632849115,-5.3370224444773],[-39.63136951163972,-5.336443312676494],[-39.63117833953932,-5.334959638661853],[-39.6302402429651,-5.3341816542968985],[-39.62993139703704,-5.332846234100772],[-39.630662221051644,-5.331495185013457],[-39.629736647931296,-5.328516461451718],[-39.63167450052195,-5.3261367277194545],[-39.63167330335474,-5.32496402952502],[-39.6303300654186,-5.324323821022643],[-39.62795619001242,-5.324323460611344],[-39.62312641636184,-5.325094364023242],[-39.62192027661163,-5.32438530058573],[-39.62087875106646,-5.322448959486603],[-39.622643937526874,-5.314621773031699],[-39.62698334189226,-5.307106112415011],[-39.623973511064825,-5.2551556091299],[-39.53624320478524,-5.118837933893796],[-39.53846758703677,-5.117034938853005],[-39.54018585180442,-5.116506927313493],[-39.54340638414864,-5.114086793993654],[-39.5474389017211,-5.1121446488227384],[-39.56127180524154,-5.108056552117903],[-39.565583042503384,-5.10281429519869],[-39.568073267859525,-5.102619052396574],[-39.57049418107674,-5.100764881057843],[-39.57969285246372,-5.096455283266292],[-39.58211207111278,-5.0957913707041955],[-39.59301931750018,-5.098055998562982],[-39.59659486980701,-5.096991463833948],[-39.60428762228234,-5.089851944659567],[-39.61394279660911,-5.0842918402139174],[-39.61639655657696,-5.08153224101055],[-39.618225149022024,-5.07682479012327],[-39.622566505476215,-5.0736958201653835],[-39.623975393477835,-5.070992387228896],[-39.629258301768374,-5.065509578832865],[-39.6339519927328,-5.05719660917068],[-39.633948687129035,-5.053796999710424],[-39.63238891084547,-5.051996174890584],[-39.62883045909998,-5.0429954813619045],[-39.502318422673696,-5.052199812636935],[-39.49368131280965,-5.030173111320932],[-39.47257068040748,-5.008682944092609],[-39.478332652282795,-4.995203454493861],[-39.480716724097086,-4.97672711174299],[-39.47695520864576,-4.976552455625361],[-39.47519332129492,-4.975418278634684],[-39.47261033523906,-4.974795558940697],[-39.47040660268783,-4.972684263407012],[-39.46674310715191,-4.963826373089561],[-39.45970302737468,-4.95984508484992],[-39.456432569359535,-4.958992945511431],[-39.45143204907355,-4.956423558646831],[-39.44929515036889,-4.956124335592361],[-39.4486559966797,-4.955361364932061],[-39.44401469901222,-4.953853089453434],[-39.43976489997793,-4.953408602573294],[-39.43838183917841,-4.952497456452844],[-39.43343746091817,-4.952846279833133],[-39.43231791691572,-4.9541973920604105],[-39.431473571144224,-4.954033387807289],[-39.429093557420785,-4.9502800803574045],[-39.427844321313835,-4.949404500407308],[-39.42351614207584,-4.949667336127679],[-39.422107005654944,-4.950443928087849],[-39.420818267981105,-4.950455752666173],[-39.420588514134224,-4.949118933481685],[-39.422268726429614,-4.942205412450394],[-39.41619190040778,-4.94173454200073],[-39.4142563996131,-4.9404324651860625],[-39.41242656715399,-4.940501508183883],[-39.40888385420645,-4.935294347855801],[-39.40636919902976,-4.9347570275910115],[-39.40423466319906,-4.932074577979334],[-39.40120539401367,-4.930413211800205],[-39.39913726084538,-4.9311054385388875],[-39.3972939272846,-4.929644622489099],[-39.39677152692705,-4.92795407850604],[-39.39649379722546,-4.928628663703019],[-39.39551881434743,-4.928866895670256],[-39.39445687958129,-4.927404025375431],[-39.393109303951185,-4.927867785969515],[-39.39346407203091,-4.928671776583562],[-39.39216862183864,-4.929414534806949],[-39.39268582581902,-4.9298896389724645],[-39.39219053665455,-4.931635597001239],[-39.391320532616405,-4.931639670334427],[-39.39059222002048,-4.933362319930222],[-39.388490008207256,-4.933979292610221],[-39.38669718542671,-4.935487897248571],[-39.387654234336225,-4.936394131546791],[-39.38701465240418,-4.937005615616609],[-39.387227313796416,-4.938818704585622],[-39.38933094499436,-4.940682498291583],[-39.38962200914524,-4.9437540833581535],[-39.38882402689109,-4.9447684397607],[-39.38656929821687,-4.945126239915435],[-39.38490841049468,-4.946664242660635],[-39.38553952902573,-4.9473632535470315],[-39.38493479944062,-4.949728268191228],[-39.384134830757766,-4.949991078625297],[-39.386080070652675,-4.95321679577005],[-39.38547007491133,-4.956043537498733],[-39.38401150942357,-4.956266608117383],[-39.38332963799549,-4.957185590964816],[-39.38007903581881,-4.957077837072433],[-39.37974818024695,-4.959126478686951],[-39.378298153680646,-4.961304622304325],[-39.3778590841683,-4.9618557990351],[-39.376894237878716,-4.961735979931468],[-39.37689626227496,-4.963754890526294],[-39.3758708417659,-4.9641972112322374],[-39.376484223545816,-4.965185287409076],[-39.37625918291498,-4.965833563521194],[-39.37451561736757,-4.967505699501995],[-39.37653322104773,-4.970182549107305],[-39.37562313609876,-4.970962420679133],[-39.37550342601358,-4.972206677406375],[-39.37439070659596,-4.973232033038137],[-39.36561022832933,-4.974689092527567],[-39.36388453294297,-4.978081805555521],[-39.36209370726001,-4.979839792837983],[-39.35897734512831,-4.980333062320906],[-39.3589391439925,-4.981164408509429],[-39.357453907072106,-4.980462296697568],[-39.35596524675089,-4.982066504239456],[-39.35516412041656,-4.98196431447259],[-39.35358571315926,-4.9805132685934765],[-39.35350659651598,-4.977797457197197],[-39.35214092230686,-4.977329308279256],[-39.351454254728274,-4.975354009342597],[-39.35076077820681,-4.975898701157105],[-39.3499369573447,-4.974281275313636],[-39.350154961818696,-4.973611948531563],[-39.351060014185485,-4.973701483937222],[-39.350919121587786,-4.972834930820632],[-39.351717033801705,-4.971496668980543],[-39.3512352972612,-4.97039725067131],[-39.351963988486254,-4.968765338301669],[-39.352424046717736,-4.96839847932802],[-39.35322890275739,-4.968758453889462],[-39.354055871645244,-4.967942196803477],[-39.353926894410286,-4.967409864009826],[-39.35542708429284,-4.967101275065265],[-39.355596691027074,-4.966557738169061],[-39.35020916764378,-4.96155681365444],[-39.34838226212506,-4.961132182147764],[-39.34826902383943,-4.960325263515587],[-39.34902639022448,-4.959278760707594],[-39.35060635395234,-4.958516338550672],[-39.350204735050305,-4.95767353827105],[-39.352032042897974,-4.957013748584417],[-39.35222459440172,-4.954873805504421],[-39.35358137906774,-4.954030040886332],[-39.35506270333654,-4.9539731857261815],[-39.35562338296934,-4.953254657990688],[-39.35585397816762,-4.949296638679852],[-39.35472003734331,-4.948717859537127],[-39.35487432772847,-4.947149998473886],[-39.356276346560044,-4.9470116165080835],[-39.356921167873246,-4.945634975789025],[-39.358005661017394,-4.945287325672368],[-39.35980612084548,-4.942744695841493],[-39.359024289175274,-4.942288349401447],[-39.35887449066668,-4.941096639623504],[-39.35797849645853,-4.939999494152133],[-39.358658636298955,-4.939110106469663],[-39.35857734630847,-4.937723385962731],[-39.36266341629283,-4.936213226500762],[-39.364216646313906,-4.934420203230305],[-39.36541878255766,-4.934311833078677],[-39.366008764868575,-4.933080324074829],[-39.36554614562209,-4.930751875057808],[-39.36372318870205,-4.9290019136100165],[-39.36400292049107,-4.927954309102042],[-39.36309596597118,-4.9275768948952114],[-39.36380457417969,-4.925063276191623],[-39.36330267424561,-4.923693240889742],[-39.36165371392785,-4.923503634417568],[-39.36143351344367,-4.922603889177656],[-39.36011794553315,-4.922496271158772],[-39.36076491335594,-4.921851311515209],[-39.36063276682643,-4.920828333343059],[-39.35916008847587,-4.921149257454373],[-39.359800937264794,-4.919445062960053],[-39.359388554949284,-4.917699302598754],[-39.358737682150306,-4.917410314106356],[-39.36052414842689,-4.912571167334534],[-39.35960828094089,-4.91080852171217],[-39.357491080548854,-4.909001045461817],[-39.35538914616596,-4.909740815376556],[-39.353779957834945,-4.907908025992002],[-39.35387325126186,-4.905758547891182],[-39.354784883798594,-4.904464649756396],[-39.35225810349047,-4.904413842796552],[-39.3525994173489,-4.900902504625446],[-39.35128501033349,-4.900637549991059],[-39.35282339621709,-4.89762338129226],[-39.352116885785605,-4.897317209021926],[-39.350226421822626,-4.897937273687502],[-39.34682326124394,-4.896183939291317],[-39.34763120628338,-4.894995038842365],[-39.34741544095692,-4.89230403077184],[-39.34870173672703,-4.89020128669258],[-39.34991958257095,-4.889345960986891],[-39.34884288994078,-4.88704347816187],[-39.35146172296105,-4.885064773316113],[-39.353224636014176,-4.882174727355569],[-39.35370520212789,-4.879845027117646],[-39.35291452993973,-4.8762369633173615],[-39.35448887419685,-4.872053410604075],[-39.35428090419943,-4.869548066752235],[-39.35564424404822,-4.8667849747137755],[-39.35567289913845,-4.8656604540917465],[-39.35421323745948,-4.863976143633329],[-39.355544372745264,-4.862235668414389],[-39.35533338965487,-4.860285006434003],[-39.35596661887075,-4.859212118963648],[-39.357384685845716,-4.858465730223824],[-39.36119101444014,-4.858281162369147],[-39.3614783368187,-4.856962004519905],[-39.36104129040534,-4.856358676935198],[-39.35871211528873,-4.856213542968003],[-39.358113656507044,-4.854098753722586],[-39.36113559458135,-4.854045807850767],[-39.362090654553135,-4.853536824113268],[-39.36330807398352,-4.851453390810086],[-39.36601166911152,-4.8495384868329],[-39.36445724086126,-4.849329724597259],[-39.36452618185136,-4.848813138895373],[-39.363124307420065,-4.848584103835165],[-39.36278071478726,-4.84802663265799],[-39.363744289527354,-4.846864685483822],[-39.36492437168782,-4.846841239246634],[-39.36385310066209,-4.843535706931295],[-39.365042772850025,-4.842733223373263],[-39.36617494017214,-4.840385428063154],[-39.36490655559295,-4.839008319678179],[-39.362759157109394,-4.839272765325792],[-39.36217490059585,-4.839935296276003],[-39.3605864383954,-4.839040254623386],[-39.35951990235899,-4.839184401749809],[-39.35762091780354,-4.837299466095633],[-39.35787275054019,-4.836127321915981],[-39.35827257851798,-4.836477100316956],[-39.35944642670984,-4.83604167646661],[-39.358597194215534,-4.834273124584628],[-39.35682223474696,-4.833759445896201],[-39.3549077145959,-4.8316765552362595],[-39.35374771304,-4.831372411509888],[-39.35347934595928,-4.829331608864487],[-39.35414067869087,-4.827529070720633],[-39.352696501279425,-4.8252147769284095],[-39.351002798679495,-4.824189921832639],[-39.34807311295116,-4.82030317237323],[-39.349319274587415,-4.8183923904257835],[-39.34840655707739,-4.817163015112089],[-39.34879834680559,-4.815261363846461],[-39.3471034270884,-4.814261403804191],[-39.34648878174804,-4.81458834456491],[-39.34519662187682,-4.813230693512357],[-39.346458078843774,-4.8114777325244145],[-39.34656631881327,-4.807293423353263],[-39.3471757261482,-4.805271047941967],[-39.34806808296846,-4.804442818199313],[-39.34845412416346,-4.801508559690671],[-39.34576041620639,-4.797149655340151],[-39.345595366201216,-4.7960154478244466],[-39.34432917385397,-4.7949191499695045],[-39.340175209352296,-4.792241337473871],[-39.34104594337523,-4.791555293562228],[-39.34656324475181,-4.790022747021939],[-39.347053502972784,-4.788322288891808],[-39.34698096266587,-4.783952476753635],[-39.34506192382262,-4.7784573892023685],[-39.34632637492906,-4.776801955259487],[-39.34620517446757,-4.776258408308731],[-39.342014560063305,-4.774105619038248],[-39.34317604920792,-4.771945262353284],[-39.342443506934146,-4.770779254448728],[-39.33019594516933,-4.764095217819328],[-39.325809104377186,-4.76035134719367],[-39.320813752571866,-4.757166985691205],[-39.317433218232445,-4.752505874961445],[-39.3160781457745,-4.752717131998042],[-39.31539162743762,-4.7540578467819286],[-39.31324458596217,-4.754585412283],[-39.3081667044983,-4.752893051891312],[-39.306467212574766,-4.751180010577167],[-39.30344141723457,-4.749974986757516],[-39.30261790994427,-4.7441849427904765],[-39.29875904884407,-4.7417840243313645],[-39.29829838157976,-4.73868084264526],[-39.29760557695179,-4.7375099846269695],[-39.296599581100295,-4.737230152601262],[-39.29366627324634,-4.737679845150675],[-39.29194141858073,-4.738682669766294],[-39.29075392286084,-4.738444882039716],[-39.29110205430215,-4.735795885681661],[-39.293575548808136,-4.732180612813829],[-39.295966302681144,-4.730395278905007],[-39.296705367394864,-4.729150302282758],[-39.29702758390998,-4.725695624926523],[-39.30085367033153,-4.722218175179648],[-39.303312721520506,-4.723478473505354],[-39.306665604441314,-4.724233838413034],[-39.309963960083145,-4.727876345150444],[-39.31300940177538,-4.72826741791405],[-39.31616607309132,-4.727565234730202],[-39.316864208089335,-4.726836121868891],[-39.31627704671996,-4.725715154542576],[-39.31479610821764,-4.7251832550784565],[-39.31448760449143,-4.722716748356958],[-39.315996058387164,-4.722295576868764],[-39.318650714668664,-4.723359509122568],[-39.32345857135546,-4.728907278620212],[-39.328964194128524,-4.732604650427365],[-39.32983155499976,-4.735267100514644],[-39.33284985813389,-4.737283857226778],[-39.33354905850138,-4.7387971040933925],[-39.33729383331499,-4.740841532838954],[-39.346293460033834,-4.747592335286365],[-39.34981425872409,-4.748431527939424],[-39.35101613256541,-4.749580102456297],[-39.35568316997371,-4.751876170643557],[-39.35710800972013,-4.751875434104306],[-39.35925846671208,-4.750108248867829],[-39.36012365503045,-4.748313865873741],[-39.3652278904678,-4.7431578599353115],[-39.36953807739354,-4.742121880680214],[-39.37046557365632,-4.736544390500769],[-39.37145961210855,-4.734937605880282],[-39.372597574101896,-4.730406158979001],[-39.37086904643671,-4.727762291227098],[-39.36699280623169,-4.724976210694561],[-39.36480586364755,-4.728766665155296],[-39.365320275850316,-4.731578823611686],[-39.36480208288621,-4.732938936689317],[-39.365870041304326,-4.733554714188493],[-39.36492183840608,-4.733830473304875],[-39.36609720645326,-4.7345359518833],[-39.365674119495175,-4.735278177655409],[-39.367051806226925,-4.735079979670694],[-39.36646167109829,-4.73573852082796],[-39.366802214381266,-4.736818432699478],[-39.36632508476082,-4.736872540746876],[-39.366325393226624,-4.737458961673657],[-39.36323640185891,-4.738627449900474],[-39.36168542566309,-4.738227342417123],[-39.359125763568564,-4.736491851409586],[-39.35575534365172,-4.735533177696411],[-39.35432271385551,-4.7332600315031526],[-39.34844694021057,-4.731687752149307],[-39.34652574820427,-4.730397689057821],[-39.34485000905842,-4.730937077235553],[-39.34412135226174,-4.728920862856372],[-39.34225958565705,-4.727860706949551],[-39.34167452001363,-4.726024366872538],[-39.33885893514396,-4.725223905492485],[-39.33784437394616,-4.72395581110462],[-39.33561343566804,-4.723416846434567],[-39.33492412634022,-4.722534553029729],[-39.335147489725415,-4.721909125828174],[-39.332825984973866,-4.7190424522257794],[-39.329246808463964,-4.71783540738388],[-39.32799322998007,-4.715559119859281],[-39.32629168461489,-4.716144350995491],[-39.32130106722116,-4.715131405164277],[-39.32026820423307,-4.712868463372674],[-39.31864274016537,-4.7124458477364914],[-39.31787551775408,-4.710661493135405],[-39.31455694926432,-4.70968413169778],[-39.313568452026665,-4.708756071891222],[-39.31121059457801,-4.7114039785656745],[-39.30898208235853,-4.70910369618555],[-39.30768794453368,-4.709352602908531],[-39.304866004356995,-4.707430011122892],[-39.30231944458819,-4.7027063322899325],[-39.301664223278735,-4.700578304367166],[-39.30183514154337,-4.698138280398723],[-39.297960482103385,-4.695967777349243],[-39.29788752733257,-4.692702073677215],[-39.29714123451849,-4.690868313934218],[-39.295817345058595,-4.691215944958858],[-39.295804872537296,-4.6899234187396885],[-39.29473551950534,-4.68838992198546],[-39.292664246669304,-4.663442600491436],[-39.291764649188615,-4.662222442568466],[-39.2848782141042,-4.659421787562144],[-39.28526064829134,-4.656342390413513],[-39.28453099843673,-4.6561591782758605],[-39.28471858978027,-4.655488899456739],[-39.282947810332786,-4.65247296782076],[-39.28223893142354,-4.651525392648206],[-39.28141605894569,-4.651587194057001],[-39.278331924934456,-4.6494267150814865],[-39.27611967352862,-4.65022943628812],[-39.27239752977126,-4.648311530391105],[-39.27294065013714,-4.64939441665888],[-39.27167560169443,-4.649135886748204],[-39.270178471511755,-4.6469121376171545],[-39.267978761786324,-4.64934994614702],[-39.26679807461582,-4.64973037637905],[-39.265965836221305,-4.64895875948582],[-39.26407821358532,-4.64873207853836],[-39.26139664255307,-4.649126025974055],[-39.26052157761193,-4.648103091963599],[-39.25974449676593,-4.648645925102746],[-39.255663349884074,-4.647995836023608],[-39.25503189160279,-4.648487679667507],[-39.25290459935608,-4.648377594476056],[-39.250694359909915,-4.645584911793343],[-39.24812364681103,-4.6446403537105345],[-39.24626841481436,-4.643191386839765],[-39.2416708421901,-4.644593226650581],[-39.238605102769434,-4.643505186926904],[-39.23790441495649,-4.643663999038973],[-39.23651247880202,-4.645467140351732],[-39.234844037779226,-4.649741754006391],[-39.232354416995044,-4.650562384597547],[-39.2304318525637,-4.652919207860625],[-39.22480210994619,-4.65329502709492],[-39.2210267570626,-4.652521297126052],[-39.21897865209216,-4.654053836778011],[-39.217908105197424,-4.653937481255925],[-39.213124291047485,-4.651256624727376],[-39.21007417663457,-4.6525530746276385],[-39.204471207606886,-4.652762667631308],[-39.20335852855393,-4.651290929185201],[-39.20204490999891,-4.645760603687854],[-39.20131412972954,-4.644997853868079],[-39.19961436326107,-4.644681185628831],[-39.19833824501013,-4.645148297083247],[-39.197068637048645,-4.647590121920582],[-39.19551256569845,-4.649336385361172],[-39.193986035197206,-4.650093782352473],[-39.18833858059128,-4.651184402222478],[-39.18433655899608,-4.650082909668837],[-39.18142032453454,-4.650388851001251],[-39.18103881601803,-4.651081596729209],[-39.181546219008986,-4.652942489144794],[-39.180980110029715,-4.654731849733788],[-39.17996042735662,-4.655279647219759],[-39.178144410451566,-4.655211293170399],[-39.17721993915218,-4.654927286917488],[-39.17643525916094,-4.653198108743648],[-39.171460464325165,-4.649326193844175],[-39.170045671617906,-4.643626775427875],[-39.16846506994301,-4.642783410233114],[-39.16569181268364,-4.642341250998888],[-39.164534535785364,-4.641023544775526],[-39.161773106625816,-4.640108630410612],[-39.160663619680626,-4.639094595232832],[-39.16069291220573,-4.636768306220769],[-39.159487899419645,-4.6352486417148455],[-39.1564401672559,-4.63399866525074],[-39.15029140629812,-4.6331353104522135],[-39.14590181007386,-4.631599835084592],[-39.14179308707307,-4.632887233444062],[-39.14037965013917,-4.632681067233079],[-39.13830963199098,-4.62951294025456],[-39.13536972175414,-4.630455991010418],[-39.13175538428902,-4.628574700817365],[-39.124123568317394,-4.6272365586143325],[-39.12042579369961,-4.62540908043626],[-39.118982669418585,-4.625870093709298],[-39.118458251213646,-4.62816804418971],[-39.1191211692604,-4.633864717070625],[-39.11708805703657,-4.63698422582126],[-39.113391001261085,-4.639869124903452],[-39.11272358930161,-4.643209808621306],[-39.10445136706579,-4.640184665559067],[-39.10368196290122,-4.639646216592969],[-39.10252464170491,-4.637209394409478],[-39.100961987684194,-4.636126512608636],[-39.0996798628163,-4.636677223557131],[-39.09706861214531,-4.643025136558915],[-39.09557182267322,-4.643928927527568],[-39.09499331388528,-4.643779405088211],[-39.0939792314039,-4.641990319266585],[-39.089195896339575,-4.638955545273785],[-39.084735062171035,-4.639434817062595],[-39.07844320088249,-4.638615732804401],[-39.07430502358834,-4.645017589034236],[-39.07308287023677,-4.649178107581518],[-39.069397358741654,-4.65067448499507],[-39.06806164308901,-4.652632887162386],[-39.06559867961192,-4.653901733655721],[-39.06396457815928,-4.653943772305778],[-39.0606961661437,-4.651599820874901],[-39.05527479554575,-4.648850608663147],[-39.05050320139547,-4.641583368679239],[-39.047342278577304,-4.639830268146817],[-39.04558298973965,-4.640196905440196],[-39.04080595483406,-4.639293610029999],[-39.03923153234414,-4.639509123897745],[-39.03500331378258,-4.641412267267616],[-39.03321426829853,-4.6433407059144605],[-39.03134166196586,-4.643951162430468],[-39.02620681575892,-4.643717994932803],[-39.02655264281091,-4.64174325366633],[-39.025956210393446,-4.640286164203317],[-39.02516301325358,-4.639861327269081],[-39.02258073311108,-4.64092058732098],[-39.02029069128121,-4.6426784650602055],[-39.01679589087388,-4.642026298392861],[-39.012889618667636,-4.642605335572976],[-39.01134501976265,-4.644131288235482],[-39.00993164427144,-4.647483861074034],[-39.00805902915688,-4.650086935481442],[-39.0049936127428,-4.651131176792966],[-39.00029408398996,-4.649557395775905],[-38.997717708047375,-4.646676083629806],[-38.994861036509114,-4.646323010592041],[-38.99406784462858,-4.646586301674332],[-38.992654398678624,-4.64841740070849],[-38.99194464770791,-4.653128316688607],[-38.98516967409302,-4.65316710322771],[-38.97773253993026,-4.658555520979422],[-38.97677228950042,-4.660346208905046],[-38.97686754237504,-4.665532865251367],[-38.97807371854586,-4.667865840429197],[-38.9782942107015,-4.6678726131114034],[-38.978109344345214,-4.669119231286049],[-38.977465889015306,-4.669705911070954],[-38.97462080841841,-4.669869928497493],[-38.971908204587265,-4.669283249260625],[-38.96461571377526,-4.665279003521022],[-38.953151415278654,-4.664106526906049],[-38.951668378449526,-4.669534844697279],[-38.95050359546397,-4.671602064281973],[-38.95067511129296,-4.6751637723706585],[-38.952020963003,-4.679221830745233],[-38.949245130117646,-4.682571645286678],[-38.949245025752305,-4.684020028815839],[-38.94963897271876,-4.685178944651742],[-38.96097869824134,-4.695883688251909],[-38.96360331892275,-4.699452769433933],[-38.96508812863441,-4.704948742088989],[-38.96362552257881,-4.7059718533398955],[-38.959656801498724,-4.712023903765961],[-38.95754673416368,-4.713257753038052],[-38.956048892389425,-4.714950304184421],[-38.95293257362982,-4.715093943669659],[-38.95121648968722,-4.716972832363781],[-38.9497400412684,-4.721781067000045],[-38.946627968082,-4.724954429189592],[-38.946080399406014,-4.7278538648070505],[-38.94626585245155,-4.731776542988797],[-38.943903989986524,-4.735729685949636],[-38.94437307513141,-4.7379628200159045],[-38.94376047509888,-4.74079358224077],[-38.942111810964676,-4.740887984031817],[-38.93826780288121,-4.739513453037727],[-38.9307985880629,-4.740456319898006],[-38.92332870582326,-4.739101236097641],[-38.921299395413776,-4.734619260287253],[-38.919320311260854,-4.73347299351955],[-38.917550384193575,-4.731242675616943],[-38.91160289053646,-4.728740522488193],[-38.90565701324031,-4.7212770940298165],[-38.90138225920473,-4.719893255080497],[-38.90136485572846,-4.718617574009216],[-38.90512100973794,-4.714140601054323],[-38.905055244323236,-4.713040418977925],[-38.9013718461148,-4.712529580197247],[-38.89125877713819,-4.714809655513122],[-38.88978344024468,-4.712282130667937],[-38.8871465109037,-4.709947923952064],[-38.88343093771066,-4.708995505972717],[-38.88179777090815,-4.704756839427252],[-38.880946642255765,-4.693711548505964],[-38.876128541612964,-4.69098683104706],[-38.87535148356209,-4.689927321147258],[-38.87535077012287,-4.688867045311948],[-38.87765264435397,-4.687317164655375],[-38.87778150371337,-4.686163624951271],[-38.87640817239917,-4.682491433133069],[-38.87440389464584,-4.6794854357980755],[-38.8715340178728,-4.679289602161864],[-38.858223555071106,-4.667014787647522],[-38.85711414935519,-4.666832070860934],[-38.8530700061385,-4.6674474309243505],[-38.84611006559532,-4.671385242192634],[-38.83961939299541,-4.671609685009804],[-38.83784384083382,-4.669740133926656],[-38.83654369744532,-4.669596894996623],[-38.834637592606654,-4.670453895281103],[-38.831944674082244,-4.6684088790794265],[-38.8309943760019,-4.668251780806027],[-38.8235063050697,-4.671466856436377],[-38.82090245095605,-4.671387942612444],[-38.8161532049164,-4.672381850976302],[-38.814087610736166,-4.672047392134264],[-38.81206545448019,-4.664350007588329],[-38.81079625726844,-4.66318553661484],[-38.807101639933855,-4.6614356238657075],[-38.80459250831824,-4.6587067158791955],[-38.80322267240779,-4.654112509424926],[-38.80326991466171,-4.6515241703933645],[-38.802271249906866,-4.649356661700018],[-38.80139706861928,-4.6489279644025405],[-38.795813245298916,-4.648933695903795],[-38.792165877606166,-4.647859962784914],[-38.79000185323616,-4.646203775779161],[-38.78767717234205,-4.639720486743144],[-38.786680674344446,-4.639556984612267],[-38.78421681518158,-4.641165190374527],[-38.78275294516282,-4.640631709747993],[-38.78279726293555,-4.638110771636664],[-38.7837412527487,-4.6351157000260645],[-38.78287194470997,-4.631222005961527],[-38.78216305039547,-4.630530349175561],[-38.77853260405697,-4.629345642532293],[-38.77618034831903,-4.627614722671059],[-38.77275003082644,-4.631956764711836],[-38.771428857635826,-4.632155727977756],[-38.768946356338326,-4.63075435407027],[-38.76702028262444,-4.625377867747495],[-38.76571379975274,-4.623236966743776],[-38.763113619624285,-4.623455689097112],[-38.75900450055382,-4.624947276883977],[-38.75638687089615,-4.624836464372713],[-38.75273451812785,-4.6238704603327445],[-38.745774796007005,-4.6204055628121985],[-38.73906693627793,-4.618467228237228],[-38.73272791993196,-4.6185404068542555],[-38.7186316708898,-4.62016525254649],[-38.716146650947145,-4.614697149553769],[-38.71033991891373,-4.611571122322456],[-38.706794786934196,-4.610891893025016],[-38.70090756872928,-4.611751567680565],[-38.70035929451614,-4.612253079294361],[-38.69864620203913,-4.62598443245286],[-38.697708811671184,-4.627503957783389],[-38.69392702896322,-4.628747150054827],[-38.693085012659246,-4.629850021906897],[-38.69185770986336,-4.635821622691584],[-38.69175064574329,-4.639666755346297],[-38.690062254864806,-4.642064458365438],[-38.68658275535163,-4.6449971041334175],[-38.68667050141186,-4.646383085670431],[-38.689071704711964,-4.64794107275012],[-38.68991830561958,-4.649824139751779],[-38.689777036476244,-4.651234898462522],[-38.68698835928461,-4.6534395026221045],[-38.68005883289589,-4.656757400108906],[-38.67795235562799,-4.656998978039898],[-38.67627535840933,-4.658141971484666],[-38.674022679688214,-4.66434871424466],[-38.67099576655243,-4.666586970426389],[-38.67022513233955,-4.666604249786134],[-38.66753184507523,-4.662044214954447],[-38.666318031920916,-4.661179779580138],[-38.663580627148505,-4.66075753617489],[-38.658609075702365,-4.6697044820495],[-38.65730948647471,-4.675585036622628],[-38.654648959919236,-4.6813879299687615],[-38.646521973610156,-4.681379472684462],[-38.642413089892095,-4.683086392223179],[-38.63943468276431,-4.685353963514505],[-38.63324947398399,-4.688582057515863],[-38.635782276031186,-4.690005160010002],[-38.637943646382034,-4.690035005810765],[-38.63822970813446,-4.690451634735031],[-38.63837136124918,-4.693338347886412],[-38.6362289154358,-4.69935317463268],[-38.634384286098104,-4.69889067584665],[-38.630983844296885,-4.700528478709973],[-38.62942192235368,-4.69921118707612],[-38.62496722874701,-4.698191538626403],[-38.62140784346131,-4.695927694870066],[-38.61791810426983,-4.697242253804905],[-38.617388178923456,-4.695620322532536],[-38.61626718557747,-4.695135010098221],[-38.615748915301644,-4.694021717517492],[-38.61388248094969,-4.69341032789157],[-38.61231569917871,-4.691866048781371],[-38.610095151583195,-4.690889280975791],[-38.609760644384316,-4.689728969399366],[-38.6085742605735,-4.689293566203202],[-38.60791290192866,-4.688120349921569],[-38.60437139501141,-4.686077842023055],[-38.6042469879996,-4.684587778798111],[-38.60119420979309,-4.683161875960025],[-38.59763954586935,-4.683351324390901],[-38.59638760951623,-4.682464986630557],[-38.595464335874844,-4.68046583062886],[-38.594164526690896,-4.67987267189139],[-38.59359263964749,-4.678735399450862],[-38.58929337702407,-4.677422417800345],[-38.58890106454094,-4.675178226435949],[-38.58776795675941,-4.675105754393981],[-38.586896587410976,-4.67618832595838],[-38.58619296034754,-4.6759844579258925],[-38.58512585448715,-4.67523583978105],[-38.583070561170345,-4.671398945160325],[-38.57622546123957,-4.6689594000280765],[-38.5747015860989,-4.668985088137227],[-38.574238034118295,-4.669912437605383],[-38.57357050423501,-4.669539858652327],[-38.57274352748623,-4.671371116467859],[-38.5690774015008,-4.6732163723376585],[-38.56427093615474,-4.67238362260598],[-38.56275279060871,-4.671127677999834],[-38.561517909024175,-4.6721860496464025],[-38.55827757165251,-4.673471080126196],[-38.557609907770974,-4.67327942290688],[-38.55809698328903,-4.672255708434134],[-38.557210383952,-4.671287742934898],[-38.55619883910507,-4.671401993706849],[-38.55287206249561,-4.673142792505735],[-38.550195884232615,-4.67249482377695],[-38.55009520602889,-4.673255905635457],[-38.5471882302525,-4.675393857640295],[-38.54344732123671,-4.676276624066864],[-38.53801808521773,-4.679908858071703],[-38.536325526187895,-4.680196320207393],[-38.533658015618066,-4.679682519332856],[-38.531228583528936,-4.680325907944665],[-38.5295370826701,-4.679620937456256],[-38.52888159920633,-4.6802840120974505],[-38.529103861396734,-4.681237021373083],[-38.528003031853764,-4.677503855520741],[-38.52507076983674,-4.674557822190164],[-38.518607557226986,-4.67215389209823],[-38.517197168444724,-4.667697954607517],[-38.515779469075206,-4.665231636742202],[-38.513407180722865,-4.663336112285041],[-38.50825491705589,-4.662698237551379],[-38.50678945649119,-4.660363516581795],[-38.505980944384895,-4.656697852942615],[-38.50483680619232,-4.655416508784736],[-38.498792323321965,-4.651576597007137],[-38.49002094222532,-4.649945692671601],[-38.486537618829104,-4.650709090287282],[-38.482817153200706,-4.64953952556673],[-38.48179669337499,-4.650466266144315],[-38.47766175449734,-4.6493143209416194],[-38.475019433011674,-4.649898769657243],[-38.47260591344119,-4.647542340852854],[-38.468287016439334,-4.645220374070893],[-38.46621985546926,-4.646254008967114],[-38.46606370348574,-4.6477139369007885],[-38.46403944467581,-4.651150089059578],[-38.462536522853476,-4.651262635617534],[-38.4607702291749,-4.652654012729625],[-38.45789218818644,-4.653416231333529],[-38.45480942642566,-4.652839407075087],[-38.45306333871224,-4.651207472110665],[-38.44932153846762,-4.650727349254375],[-38.4499801119993,-4.647405370527014],[-38.44926933101934,-4.644997840444054],[-38.448065725156475,-4.643667004795405],[-38.44585042875722,-4.643455835886942],[-38.445809916096344,-4.641876086780596],[-38.443827890345425,-4.64078996835257],[-38.44029792271063,-4.640230687169681],[-38.437487947808016,-4.63792619871043],[-38.43625296370112,-4.6386073632156375],[-38.43402889801256,-4.638204671986255],[-38.43323767177635,-4.63579706815881],[-38.4289759509688,-4.629383533205146],[-38.423480666984844,-4.6256945789274955],[-38.42202562237018,-4.625669458166101],[-38.421099121911595,-4.624678389983427],[-38.421250246684075,-4.622163840576121],[-38.42310348232089,-4.620165281687986],[-38.422806312141596,-4.618932385806713],[-38.419418082156454,-4.616572020670431],[-38.41770274316242,-4.614006576831578],[-38.414098552680414,-4.613263122587453],[-38.412112734486264,-4.609696664063549],[-38.407671756315544,-4.607727316059952],[-38.4061970165468,-4.606334866059601],[-38.40619460096417,-4.602054993341172],[-38.408255185189724,-4.598067047751817],[-38.40768399068338,-4.596533238714009],[-38.401165284507314,-4.594180668903945],[-38.39863993423932,-4.590597277944844],[-38.39678518684075,-4.590876947317771],[-38.39398608474306,-4.590219356744733],[-38.39256635200591,-4.587314544738152],[-38.39345957664698,-4.585237453452376],[-38.39225035002106,-4.583740493236665],[-38.38757670554906,-4.585663261761807],[-38.38631850184576,-4.5856741489555],[-38.385155646061556,-4.58226691539917],[-38.38876225841526,-4.579921396265457],[-38.38843499332344,-4.579099850288081],[-38.38612193971809,-4.578427691596664],[-38.38057344015384,-4.578404957639412],[-38.375869492123456,-4.5771217698741475],[-38.369871321643316,-4.576860789319394],[-38.368828351785446,-4.57624354862715],[-38.36925200261335,-4.572511586066204],[-38.370476319860124,-4.570303179372409],[-38.370952626891196,-4.564286978384426],[-38.36911775630654,-4.56236758951707],[-38.36787376278881,-4.559815940378564],[-38.3694544552834,-4.559177072787484],[-38.36780273343089,-4.555803803027811],[-38.36896267090923,-4.55217121465323],[-38.3686560074842,-4.548271063581943],[-38.364451327077404,-4.542597804671004],[-38.36502986364745,-4.542412819521559],[-38.365144363530604,-4.541029188271693],[-38.36801594289035,-4.540363030751994],[-38.367339509716274,-4.536567270286192],[-38.37018017128157,-4.533712531628246],[-38.37161093239985,-4.530554376102216],[-38.37329856597714,-4.530280590094423],[-38.376021843533415,-4.528671829756045],[-38.381456841460746,-4.528492499539527],[-38.382399679895606,-4.520560377468177],[-38.38186166497652,-4.518685514933424],[-38.37906604685226,-4.517779582872552],[-38.3770824967494,-4.515502569600437],[-38.37028773647636,-4.512724744568975],[-38.36829764920215,-4.511161265998819],[-38.36340455126152,-4.508853262990716],[-38.36186929970796,-4.5053738849207186],[-38.361780202070406,-4.500774625172179],[-38.36038296587732,-4.50146814096657],[-38.35984901050157,-4.504033534445415],[-38.359402257515356,-4.5044847685816265],[-38.36038236965809,-4.50146814044689],[-38.35856701973732,-4.501475736767018],[-38.35609893680839,-4.4998226432412105],[-38.354698591613264,-4.493678347549169],[-38.35134182462996,-4.490396068978899],[-38.34723081370833,-4.490449307811662],[-38.344198589632924,-4.49184200546665],[-38.34202422373635,-4.49202143861697],[-38.33869718656143,-4.491223502194248],[-38.337196854488454,-4.4892256586489925],[-38.337093765686966,-4.485645734092806],[-38.33860278532891,-4.48345038735042],[-38.3406602850556,-4.482154745690196],[-38.34214375858442,-4.479703075922821],[-38.34219921214366,-4.47742693587685],[-38.34034113558037,-4.470344868807101],[-38.3379435853268,-4.468535894571636],[-38.33440366398796,-4.468143227138074],[-38.33342108312239,-4.467226036266402],[-38.33338226690112,-4.466613301556404],[-38.33836799125275,-4.46104950250258],[-38.33880511256773,-4.459017399593896],[-38.33845071898211,-4.45705377302392],[-38.33561649361786,-4.452228310315932],[-38.328452201348554,-4.451995111657762],[-38.32735236687356,-4.451449930044313],[-38.326596040132,-4.450188829466039],[-38.329913742264104,-4.448633637498708],[-38.33079359191833,-4.447517630200649],[-38.3304622940236,-4.445511343564103],[-38.32704007288913,-4.442712113990376],[-38.328860318921095,-4.436207363556381],[-38.3263266889238,-4.434598209609693],[-38.31991815883986,-4.432983927335329],[-38.31852460180113,-4.433978322629436],[-38.31886588250983,-4.43507665911082],[-38.31773905028893,-4.439927779040707],[-38.31697230480032,-4.439886733282443],[-38.315981135211004,-4.438738185035898],[-38.31413859885293,-4.438556267891448],[-38.31288021169614,-4.440252828267856],[-38.31097073354891,-4.440924447658395],[-38.309589673150235,-4.442421710566629],[-38.30845532025989,-4.4452401693632115],[-38.307140447139254,-4.445538040483746],[-38.303653193637906,-4.441344704550764],[-38.30172605710747,-4.440688450445211],[-38.300345723088796,-4.441398479383098],[-38.299514994224175,-4.4404966627510545],[-38.29805680215998,-4.4402634325529355],[-38.297391568414334,-4.439233730271787],[-38.29357434399741,-4.438898858584769],[-38.29258242134142,-4.435977696849848],[-38.29266353509017,-4.4340811074317115],[-38.293462149268784,-4.4333739218213895],[-38.29311202485694,-4.431983092140593],[-38.29037059402969,-4.430593357472671],[-38.28976955973422,-4.429148766765567],[-38.28987676283883,-4.42820990551185],[-38.29236342765681,-4.426539629751819],[-38.292568833909,-4.425079004096232],[-38.29466540534065,-4.423213949853809],[-38.293747990567326,-4.4188284405606675],[-38.290928418900805,-4.416457614393377],[-38.280700542516854,-4.416414597746441],[-38.28015909785999,-4.415672504871447],[-38.28036097261707,-4.410262994346516],[-38.278495504951245,-4.406396854527037],[-38.271747513451075,-4.406701138737482],[-38.27001160755809,-4.406293974768135],[-38.268907059225285,-4.405254341234416],[-38.27175760268521,-4.396488988851668],[-38.270902741895085,-4.395586536008317],[-38.26867499593599,-4.396309912441429],[-38.2648281818865,-4.3963896624731476],[-38.262796572790236,-4.394033141216474],[-38.261142185508206,-4.390040925329854],[-38.26232116654971,-4.387417273322236],[-38.26202794118529,-4.382914244772257],[-38.26266785611817,-4.380759536966931],[-38.26213710745587,-4.379990773043567],[-38.260684801289464,-4.379518079937504],[-38.25973488639765,-4.378020672936733],[-38.258316224701936,-4.377571127535153],[-38.25754005525158,-4.376405994957421],[-38.25512863773349,-4.376147517984422],[-38.255086786819795,-4.374095131737648],[-38.256529346429936,-4.37084118567679],[-38.25650706074161,-4.36918464778017],[-38.25553167842024,-4.367931289927006],[-38.25101120566324,-4.366727080340696],[-38.2500073517125,-4.365662513842487],[-38.24988056867102,-4.364150223390702],[-38.25113509782623,-4.3611461787664165],[-38.25056432890944,-4.358302285526868],[-38.24964333965851,-4.357053263334079],[-38.24345407217906,-4.353046626136696],[-38.23808042952815,-4.350621019545946],[-38.23573660438341,-4.350440918681716],[-38.23102359128149,-4.354061773316421],[-38.22939394324055,-4.35731412297002],[-38.22626764181967,-4.358055651158192],[-38.22387955673728,-4.359729412536856],[-38.21950188259695,-4.359836600556978],[-38.22281975741343,-4.349820597652974],[-38.22730642670313,-4.350260110386232],[-38.2290541999211,-4.3450012126402155],[-38.228273668100755,-4.339525843003328],[-38.23054389488226,-4.323128837814744],[-38.230579461178586,-4.322091320031421],[-38.22707757471936,-4.317021822286442],[-38.22624909481498,-4.314692310840249],[-38.22741300540888,-4.205605943244],[-38.21893445784268,-4.20021772714893],[-38.21700541694888,-4.20037984140214],[-38.21734200044976,-4.2025528454636305],[-38.21573227213372,-4.202220124652009],[-38.21225434852567,-4.199992934992994],[-38.21161387319521,-4.196929500465615],[-38.209137461923774,-4.196428692685401],[-38.2074310103307,-4.1971831907090955],[-38.204752792092094,-4.194190753175667],[-38.204328952170506,-4.195136774447947],[-38.201930974721606,-4.196753024209262],[-38.2015171353916,-4.196522621542893],[-38.20174510744999,-4.195700498128135],[-38.20097017598708,-4.196012688219242],[-38.19952376886401,-4.194926209810031],[-38.19733955471075,-4.195059339778595],[-38.19649357205821,-4.196146797501685],[-38.19319071382159,-4.196554622168289],[-38.191973204842256,-4.195493487549752],[-38.1914219781044,-4.194137842619858],[-38.189423798541725,-4.19738830028977],[-38.18861040452735,-4.197779571577079],[-38.18608461135997,-4.195993905085523],[-38.18469112062496,-4.195981279626608],[-38.184184251158726,-4.194608422973788],[-38.182986770446966,-4.1955638298949856],[-38.181435972435445,-4.194809979728276],[-38.181386583330315,-4.191208854838916],[-38.18047095065662,-4.187729524947055],[-38.17989780608312,-4.187035383896891],[-38.17757116891538,-4.1863554040157265],[-38.17683293258972,-4.181738949053222],[-38.17341593095459,-4.177930748519485],[-38.17358233162657,-4.174630390126474],[-38.17197462549887,-4.174144994907004],[-38.16940123699828,-4.175728074311229],[-38.16844587129742,-4.174718763537297],[-38.16860421571936,-4.173643430115698],[-38.17099575374743,-4.171480505273579],[-38.1700308439232,-4.168174507959991],[-38.17206881759272,-4.166312239004463],[-38.17247635739642,-4.165013320066184],[-38.17134460469998,-4.163314439253896],[-38.1728660524323,-4.1627090469542045],[-38.17018136079239,-4.159736614484326],[-38.16927759684478,-4.157773075598078],[-38.16689648182272,-4.155281428043785],[-38.164564440629356,-4.151473461708239],[-38.1616866259801,-4.149789585311191],[-38.161124389009615,-4.1483029812120735],[-38.161197003045785,-4.146910113319453],[-38.16324241209274,-4.144926128941157],[-38.16126939776279,-4.139754307997445],[-38.16221934797932,-4.129839424890242],[-38.16116350493973,-4.117430017528526],[-38.159580197067555,-4.113961869111285],[-38.15702723866911,-4.110753866681198],[-38.14830359866857,-4.102389617751428],[-38.14668870852325,-4.1020013172334755],[-38.14001740149717,-4.113916657597803],[-38.12948404107982,-4.130317734858417],[-38.11591562506191,-4.148064649402268],[-38.109624875246254,-4.1539842874637785],[-38.105189826358924,-4.1570429130142],[-38.079406953982975,-4.181741037572798],[-38.068821721784836,-4.19400577822603],[-38.066080812198706,-4.196392532446854],[-38.063515000497205,-4.197579340148763],[-38.06034087535613,-4.200533134671041],[-38.04930467382945,-4.213512688548287],[-38.04374767377288,-4.2192211881184365],[-38.038283752801405,-4.223235188537728],[-38.034707105854075,-4.2239487320483216],[-38.033442426715176,-4.224952343506227],[-38.02651877510146,-4.2333680832694505],[-38.01112268454255,-4.249520096304764],[-38.00629571958785,-4.252974060837879],[-37.99955679291663,-4.255009880640787],[-37.992132324458794,-4.260415861796014],[-37.98831748985061,-4.260841635486478],[-37.97910112900904,-4.271766647133577],[-37.96012173322748,-4.291796529307415],[-37.936207171761914,-4.31124441343416],[-37.924895965552714,-4.322795971402622],[-37.91692522188476,-4.3296851663546505],[-37.90659172973155,-4.339753034507038],[-37.89979334532018,-4.344389132574404],[-37.875372492960494,-4.364012347922141],[-37.862879151704604,-4.372139928989603],[-37.85416574259087,-4.37949756721218],[-37.85132626383736,-4.381000895605864],[-37.847163268637836,-4.382191967919364],[-37.845422665637514,-4.382285004922716],[-37.845104491198654,-4.381700933064528],[-37.84512050000002,-4.381656366999979],[-37.844161234000005,-4.3787878599999805],[-37.83807665300002,-4.380888001999966],[-37.83640077700002,-4.382559774000003],[-37.82359889900003,-4.391109803000004],[-37.816814275000034,-4.395349440000007],[-37.80998901100002,-4.398635066999994],[-37.808245966000044,-4.398961303999997],[-37.80619257300003,-4.398456418999989],[-37.80425321700003,-4.399272982999996],[-37.80095138500002,-4.399553873000003],[-37.797426913000045,-4.396963628999991],[-37.79745271100004,-4.395743185999999],[-37.79652203500002,-4.394752782999995],[-37.78234866200003,-4.401898873000004],[-37.780168326000044,-4.401143713999971],[-37.775892188000036,-4.402575917999984],[-37.770541607000034,-4.401098343999988],[-37.76979713300003,-4.401751457999996],[-37.768306965000036,-4.406832823000007],[-37.76818544400003,-4.412332983],[-37.76659183500005,-4.417728073999954],[-37.768290402000034,-4.423077331000006],[-37.76960526700004,-4.424845433000003],[-37.76948273800005,-4.426387681999969],[-37.77867598433265,-4.436038757838435],[-37.769482737710646,-4.426387681892406],[-37.768444829737426,-4.427250533618829],[-37.76743714363278,-4.4265920951164],[-37.76492741424683,-4.426933853262456],[-37.76188169623849,-4.428233145195019],[-37.75616614856697,-4.434275582112323],[-37.75424755134453,-4.437087246208514],[-37.744600726131864,-4.463427371318107],[-37.7361296809156,-4.4811692379278965],[-37.729216324042795,-4.494127525820323],[-37.72393275818439,-4.5021349568822675],[-37.71645235434079,-4.511837483926024],[-37.712893398433735,-4.51527713366996],[-37.69871079299766,-4.525757134021548],[-37.69152631038152,-4.532114963795948],[-37.69025877069599,-4.531772244777807],[-37.687728409428544,-4.533299172674995],[-37.66511538630864,-4.559794520168552],[-37.63944249560481,-4.585983808081782],[-37.60310668262053,-4.617299215814386],[-37.589570692251165,-4.626810791173122],[-37.58538978410311,-4.628510690420494],[-37.58188349906571,-4.628862604197446],[-37.566077660769814,-4.638210798725843],[-37.558677889474566,-4.641665382607382],[-37.553815615196164,-4.6430559643507365],[-37.54058490763591,-4.64468116192384],[-37.536876159131495,-4.6441090575512645],[-37.53568581051552,-4.6431255232635396],[-37.53621242606739,-4.642169480120362],[-37.53569036023354,-4.641587364234241],[-37.5269008618662,-4.642616649330479],[-37.520737524081866,-4.6411800690454355],[-37.519856125197485,-4.640723583680732],[-37.51957339991816,-4.639071943903731],[-37.51423965688332,-4.635232230429147],[-37.51395619292257,-4.6339395132187295],[-37.50861853560837,-4.6291756107657225],[-37.501262710250955,-4.6271367970527315],[-37.497812575428874,-4.626961200451103],[-37.49467524656478,-4.628658479484662],[-37.491835417042786,-4.6313331163727005],[-37.48747885456704,-4.637400733431755],[-37.47972799248698,-4.645167936351841],[-37.47347808922008,-4.649765161166004],[-37.47078070217618,-4.651003548501444],[-37.46398147687541,-4.652304765707828],[-37.46197130528162,-4.651646231444056],[-37.45071121508901,-4.657491866245335],[-37.449727583632246,-4.656667504194293],[-37.44443020801387,-4.660349991153059],[-37.43138036092076,-4.664172556466181],[-37.41545694534301,-4.671960943015553],[-37.40755036691629,-4.675141683992146],[-37.371218754070796,-4.682422279252675],[-37.35581820373124,-4.68995808595296],[-37.355221190357476,-4.689443041747877],[-37.35397763641739,-4.689913351601349],[-37.35343969212816,-4.691193293093098],[-37.35123947932154,-4.691504160237785],[-37.35028745596259,-4.690712343664007],[-37.35025978851504,-4.692339265255963],[-37.34971052157913,-4.692672933907053],[-37.34897154704707,-4.692551554592511],[-37.347041356232346,-4.690445015497527],[-37.34456909938423,-4.690384437962978],[-37.33665109006103,-4.693163137943239],[-37.3300077733419,-4.697059679776068],[-37.32590974826649,-4.700268006865319],[-37.30731862589977,-4.719057189636956],[-37.29503382715372,-4.7302003604483565],[-37.2860995807216,-4.743219358759605],[-37.28157900696186,-4.751692768263186],[-37.2788163599217,-4.759516654214385],[-37.2712708808077,-4.7857113873825945],[-37.266606133326924,-4.797407429910075],[-37.259230212055606,-4.818705907692316],[-37.253291124197396,-4.831555508154402],[-37.35689805579212,-4.858056502202113],[-37.446428289307,-4.880956903448123],[-37.55855027884726,-4.9079049558146455],[-37.64032482557464,-4.926393046539923],[-37.66026432621092,-4.997904696973428],[-37.67724380503193,-5.052866768630992],[-37.67724380507655,-5.052866768609511],[-37.678760888508116,-5.055197443507087],[-37.710491449723996,-5.061150030949109],[-37.71465592953089,-5.062714889080832],[-37.71910458161443,-5.065613590194964],[-37.72508935219497,-5.07062427718855],[-37.72759344698311,-5.074629171399019],[-37.73162726339056,-5.084526915584646],[-37.733422882163296,-5.100641783691335],[-37.74002613180349,-5.11018088723812],[-37.748291652340725,-5.117559151933223],[-37.75563639750446,-5.128793612435225],[-37.76495640731493,-5.1396195235221125],[-37.77630981484856,-5.187120713949737],[-37.787416026630666,-5.2039335252119665],[-37.79002891240666,-5.210940320439309],[-37.78996590410548,-5.2144989926343195],[-37.786473470144855,-5.223613871271141],[-37.783426475753586,-5.229044485314698],[-37.782964251201584,-5.232264645496961],[-37.785707565653965,-5.245175086161198],[-37.79045828382504,-5.254956190076034],[-37.79148664689349,-5.260169659801913],[-37.79185895902597,-5.268771367604429],[-37.78898436154132,-5.278408552112876],[-37.78390826325806,-5.2843925366861875],[-37.78260569869643,-5.286737017998897],[-37.78233867918904,-5.291426451869186],[-37.78310986762864,-5.294815547899148],[-37.78642905575864,-5.296893427889334],[-37.8042859376459,-5.312786660775707],[-37.81021017845696,-5.314929229000638],[-37.82287467702472,-5.322940224311875],[-37.835712465058194,-5.335386639082048],[-37.84747040023879,-5.340023069608919],[-37.85765747521225,-5.356723670660811],[-37.85864056191234,-5.367195719206983],[-37.86373606396817,-5.374090595604459],[-37.86427517425985,-5.378352752577424],[-37.86271748372487,-5.381718613723029],[-37.8593158844205,-5.39573446957008],[-37.860673170030765,-5.401893344402251],[-37.86048154968378,-5.406685631936336],[-37.86421187098105,-5.412369317589864],[-37.876985044524154,-5.427389349238998],[-37.88124261855194,-5.436203205313634],[-37.88648464265211,-5.443829657712516],[-37.88887738068657,-5.449353950224581],[-37.889540922075874,-5.452288233015501],[-37.892225342625444,-5.48075961786202],[-37.89267174990132,-5.481629296454797],[-37.898418166864886,-5.4858790598706655],[-37.90042028976451,-5.4904445491765514],[-37.901986790058295,-5.497513134123774],[-37.90157726937543,-5.499792380413937],[-37.90224571296927,-5.5006618062972565],[-37.904783731983635,-5.501141131457992],[-37.910620725965735,-5.503936028324954],[-37.91749040156071,-5.505360840430394],[-37.92039007933864,-5.505369232004363],[-37.92458031213166,-5.502773360502153],[-37.92727256487696,-5.5022296222991836],[-37.930960241222124,-5.502235609086061],[-37.932634343600064,-5.503107710452403],[-37.93469952246495,-5.505284366580219],[-37.93814953946963,-5.512897542287707],[-37.94165079354926,-5.523551240397319],[-37.944493541543636,-5.52725005214812],[-37.94571487124426,-5.531272346441589],[-37.94805647652516,-5.5346448643689135],[-37.9506213043297,-5.536606012357576],[-37.96017015023222,-5.540209210886284],[-37.9642448893901,-5.543364277239567],[-37.96926893401407,-5.545982642584792],[-37.971890062076675,-5.548812660675712],[-37.97568548349824,-5.550773998421231],[-37.99003715069393,-5.555797928831283],[-37.99318342347619,-5.559291526082994],[-37.99569639906952,-5.5651745203877505],[-37.99789344732471,-5.568090584712671],[-37.99967009579826,-5.574827257771685],[-37.99868052678482,-5.578023615597282],[-37.99906181325201,-5.581477609404093],[-37.998327434063825,-5.585317540971646],[-37.999434983337785,-5.5865290662632825],[-38.01016338723048,-5.5913942060777115],[-38.01396409216908,-5.594398057724121],[-38.02406162614309,-5.613562312850425],[-38.027806570657184,-5.622705446700441],[-38.059453857636505,-5.629764533673997],[-38.02781499325862,-5.622707484441942],[-38.031925099363775,-5.6327215812359235],[-38.03426969668908,-5.637152783773893],[-38.0366829284743,-5.63948872242656],[-38.04918082223712,-5.644016760365148],[-38.053383579888255,-5.6461040211835885],[-38.06425451643276,-5.656323468153474],[-38.06759898180753,-5.6587158248753555],[-38.07584991444197,-5.663059464922318],[-38.079268527120796,-5.666123827452643],[-38.08198541679348,-5.670122753761987],[-38.08284043913495,-5.672440711369685],[-38.08411810866376,-5.67738935863196],[-38.08452966631102,-5.684261207888374],[-38.08284199316342,-5.698403359127673],[-38.089693908946685,-5.714846439311665],[-38.0901382297954,-5.7202334817897125],[-38.088236263492725,-5.730037709972296],[-38.087167229484024,-5.730522015578517],[-38.08484490926509,-5.729307574684757],[-38.0801569125115,-5.725514776585603],[-38.07522604844331,-5.723469119304369],[-38.07324257298632,-5.723571131202681],[-38.068352027324195,-5.725448992976645],[-38.06341873598582,-5.724857053809963],[-38.06176221895117,-5.725249610580991],[-38.05749409587577,-5.7297443223425795],[-38.0505907002006,-5.728279764699329],[-38.047008362346,-5.730262769810912],[-38.0468841839579,-5.732942048936361],[-38.04965397984722,-5.739824869921782],[-38.05110087480546,-5.741819109364365],[-38.055182598997725,-5.7449746712440675],[-38.057536503406894,-5.748163145612641],[-38.05838311798647,-5.751093390447574],[-38.058592782331026,-5.754851417159108],[-38.06150922347184,-5.762053266345108],[-38.06576417147926,-5.765243587021873],[-38.07354065237917,-5.777867027041622],[-38.07615530802098,-5.78105615341872],[-38.08761022383272,-5.793051008697034],[-38.10049340424719,-5.804529785321284],[-38.114360976277965,-5.822255439936545],[-38.11510369847685,-5.823784630056582],[-38.11585441385007,-5.829391601740998],[-38.116639431164785,-5.831175517635991],[-38.11886431703452,-5.832834774904881],[-38.118825832346275,-5.836140259165576],[-38.116160062836585,-5.843146019273317],[-38.11628565405966,-5.8479867739703755],[-38.12054582083296,-5.858347550299182],[-38.12251543054265,-5.8817401469901265],[-38.12493734618153,-5.887612096720827],[-38.127639218075394,-5.891560983852276],[-38.14255388335499,-5.901640667183024],[-38.143511924835416,-5.903145731190484],[-38.14414629491551,-5.905896110716845],[-38.143912885771044,-5.908913305604517],[-38.14462531340747,-5.913754275239568],[-38.14672012763174,-5.916177779081187],[-38.159300509910565,-5.924575646548809],[-38.16320861368655,-5.926686377873986],[-38.16470243706777,-5.928929759200971],[-38.16543719487058,-5.932103924456493],[-38.163013180214065,-5.940557514817379],[-38.16314507658398,-5.943607219297687],[-38.16479230991711,-5.9465319818654025],[-38.171076686939486,-5.949691369461112],[-38.17396908020885,-5.952671723621076],[-38.17543126004455,-5.953401517166211],[-38.17758625510157,-5.953468884481375],[-38.18077921259054,-5.950858725449769],[-38.18358210712846,-5.950223265391343],[-38.18957165131064,-5.957339560272452],[-38.192368785690846,-5.959564480316465],[-38.20200301142976,-5.962097830950044],[-38.20601561013227,-5.9643477593415914],[-38.20851575959459,-5.966533269294872],[-38.214475342862706,-5.9742991696708385],[-38.21727866817592,-5.975883042168624],[-38.21802389948331,-5.976997661013158],[-38.221427153540255,-5.979379027120289],[-38.24450233181708,-5.999456333343064],[-38.24531207599146,-6.002044778243842],[-38.249442660350425,-6.005352926296445],[-38.25269212494157,-6.01191401122256],[-38.25068822138427,-6.014108579147515],[-38.25244586718296,-6.021699847370018],[-38.25236975665887,-6.027029131788929],[-38.25117947515264,-6.033054487874261],[-38.25287425744096,-6.03520901978034],[-38.25316678891611,-6.037505978218258],[-38.252573279533166,-6.039516796662775],[-38.25256908599448,-6.043103051064897],[-38.25559408519881,-6.046838839340919],[-38.260167385116674,-6.049715722902229],[-38.26083198590736,-6.051439718767938],[-38.25918379209825,-6.0537800173338985],[-38.261352060249344,-6.054836343922102],[-38.2637165065115,-6.054093322249014],[-38.26497439185465,-6.05424793459442],[-38.26650819189949,-6.056799315735766],[-38.268672477852526,-6.057746578841458],[-38.26880051253356,-6.059766057757314],[-38.27003373936554,-6.062669214112829],[-38.272510792439036,-6.063918262717596],[-38.27439689290224,-6.063787723424643],[-38.27563313156371,-6.068723553549073],[-38.27700923099116,-6.069951677627779],[-38.280813007114546,-6.071412369984833],[-38.28538760385481,-6.070868150644588],[-38.29078917128316,-6.073151425897509],[-38.292845624925626,-6.076786049436554],[-38.29628067721143,-6.078096132330591],[-38.30042158938481,-6.081077684387556],[-38.303775272810505,-6.086522664789128],[-38.30480226890954,-6.086967437097491],[-38.306493814537866,-6.087033091204149],[-38.31019971564432,-6.084437903186644],[-38.31576828897533,-6.081894669902986],[-38.31879901416312,-6.077617106644087],[-38.319921447216984,-6.077038876742691],[-38.32708876333571,-6.078571064303123],[-38.332429093228015,-6.078143005894952],[-38.33675696726021,-6.080395779741403],[-38.33926294073209,-6.078585937291096],[-38.34158606584423,-6.072059543712926],[-38.34453923889468,-6.069959627634622],[-38.34536036488889,-6.068077573221378],[-38.346782994339655,-6.06727727102919],[-38.348087575181395,-6.068329800679675],[-38.34832399615542,-6.0699613849099485],[-38.34725624997587,-6.076999384813696],[-38.34736438086144,-6.080701587907921],[-38.350423257527254,-6.083243306733151],[-38.3543796836754,-6.083066868740915],[-38.354575012826544,-6.085502478356644],[-38.355912618572454,-6.086354566210204],[-38.36102436598166,-6.085680062085105],[-38.36312966090508,-6.087616949062891],[-38.36524570002897,-6.088459409673994],[-38.366212573751206,-6.088298435524332],[-38.3678230499937,-6.087580584076616],[-38.372514938113845,-6.083321119673888],[-38.374877428350594,-6.07963103044767],[-38.37698203709128,-6.079445118097678],[-38.37977311633619,-6.0733168858655535],[-38.37836225991031,-6.066830825082483],[-38.37976754413682,-6.066003659241438],[-38.38414657340557,-6.066155041222123],[-38.38569160418414,-6.064679242053301],[-38.38546322854511,-6.062401188264179],[-38.383830756683984,-6.05910095604424],[-38.38195525113389,-6.052788691944553],[-38.38297713458706,-6.05233462604213],[-38.385647528410665,-6.054270398759858],[-38.390441324107755,-6.053298082340572],[-38.39228797580937,-6.055035685848186],[-38.394992556461254,-6.055410835341718],[-38.401536528188146,-6.053494976312039],[-38.40370100389815,-6.056687985062409],[-38.40484560524043,-6.057272921208317],[-38.40986316305446,-6.058108291564336]]]}}]}